"variable","mean","median","sd","mad","q5","q95","rhat","ess_bulk","ess_tail"
"lp__",-182.664003754375,-182.32845,2.54587759276629,2.42238307499998,-187.407231,-179.1693305,1.00044775857412,3473.55655905571,6583.109456443
"beta1",0.408911466163351,0.40710161,0.714260044539614,0.6582460274838,-0.7614093175,1.58562847,1.00009988829404,10299.184492975,8348.36616661126
"beta2",-0.286197592708597,-0.286165575,0.565981556203319,0.5206355069601,-1.20552285,0.633266399,1.00012382630991,10358.8327985024,8412.67544644349
"beta3",-3.18952144742312,-3.1032514,0.970078258868555,0.96118381296,-4.91274856,-1.75461363,1.000426429886,3464.89868099629,5025.6446773079
"beta4",-1.15311012190462,-1.092843,0.506932849639433,0.48031428963,-2.079810455,-0.4476764225,1.00036684287223,5625.15150149382,7183.54626921164
"beta34",-0.344863400682076,-0.32559829,0.433386495172504,0.3916307803905,-1.080884835,0.3361928115,1.0002536074286,10612.4226788058,7266.94167449903
"k0",1.14972794508875,1.11087615,0.484835857745114,0.476134491819,0.426157925,2.000800895,1.00016855062779,7391.38522548018,10110.3198832216
"delta",5.38784082966875,5.19033015,1.74066410170697,1.65919849053,2.91792033,8.550666485,1.00052628710566,3224.84309191234,4008.87724021033
"sigma",4.43808020560625,4.28603175,1.36904150227107,1.32739928223,2.461787485,6.90566045,1.00050254970465,3098.77246721724,3758.3019494414
"beta0",0,0,0,0,0,0,NA,NA,NA
"mu[1]",1.41733150869534,1.35690825,0.518390409108251,0.49560456582,0.6927481765,2.35786894,1.00053012447577,4290.96353225706,6950.47538784904
"mu[2]",-4.59091560645,-4.4136434,1.51063024768566,1.45354711866,-7.3095196,-2.431063875,1.00044518857702,3617.58732214992,5186.84550132938
"mu[3]",2.25269324831187,2.16918675,0.785982745984361,0.76830029577,1.111598045,3.658328595,1.00031876971417,4443.84551418553,7314.34097064949
"mu[4]",3.44801956933348,3.31546525,1.39753078296053,1.3456188795,1.42398411,5.92188612,1.00024534368299,6547.18976486364,9123.0919024706
"mu[5]",-4.4278564771825,-4.24866495,1.50525619707062,1.44721975251,-7.159258685,-2.30172381,1.00045371032388,3876.28920381354,5130.9758903037
"mu[6]",3.64142595816169,3.46936975,1.4586592683225,1.39094559387,1.557421805,6.292525265,1.00021262888485,5530.5470409004,8272.58495422358
"mu[7]",3.22506501140181,3.11490165,1.11891105336702,1.08487764987,1.59144457,5.24793475,1.00033263837722,4728.12145432859,6792.36229296605
"mu[8]",1.87826788940006,1.78299505,1.01940873957826,0.95423264286,0.3799667995,3.695691795,1.00026529956812,7195.11009819024,7829.00967170589
"mu[9]",-2.79123069549008,-2.53621165,1.78222842662474,1.65044573904,-6.102541605,-0.359326254500001,1.00018880618276,7684.81039650975,7309.11613370137
"mu[10]",0.688787579796819,0.611571935,0.896280716172563,0.8118915660534,-0.6399590255,2.262951695,1.00031529914212,15158.5019347326,10284.4099495587
"mu[11]",-3.71642393298788,-3.5010192,1.6176705075596,1.51130713902,-6.69864137,-1.480959465,1.00042147872511,5333.40676471887,6903.56119560808
"mu[12]",-1.01231686242706,-0.975176115,0.520250097679574,0.501439983051,-1.928916945,-0.241245050000001,1.00008727004073,6953.81919907007,8300.76241096656
"mu[13]",0.691908033683436,0.65393445,0.456800111095949,0.421872243618,0.0189839081,1.492510645,0.999991368267,8401.78201630537,8126.01423560561
"mu[14]",3.62560086364438,3.489988,1.26364603781746,1.21360016946,1.806590875,5.94241344,1.00038859185741,4538.52547327199,6408.79362331475
"mu[15]",-6.63954083715,-6.3881439,2.23960332012844,2.16242213775,-10.65995515,-3.465694625,1.00036701457828,3768.37191109337,5632.44084092905
"mu[16]",1.43511601939038,1.3261906,0.791495677264006,0.72481993731,0.3530080215,2.898968375,1.00034255842343,6962.18611148854,6796.65696501244
"mu[17]",0.364631270531381,0.3532753,0.537809029070862,0.484964716572,-0.496236762,1.26473153,1.00001408372777,11174.6193355347,9045.80304076465
"mu[18]",6.11434704390563,5.8582386,2.12994586152175,2.03408175831,3.11180035,9.956338775,1.00032581705945,4373.59669363157,6560.34167132488
"mu[19]",4.13647030294125,3.97408495,1.46116372057098,1.41526950012,2.03257407,6.75500264,1.00045940223673,4761.10983722836,7225.99667848074
"mu[20]",0.163228359648633,0.136350635,0.396593693710533,0.356764405767,-0.4418386245,0.845798118999998,1.00036302447998,14329.9615286075,9861.57194751095
"mu[21]",-6.90971533271625,-6.5581685,2.61431519572275,2.49763977687,-11.6674333,-3.269045685,1.00030520199267,4185.02430909566,6356.58328230809
"mu[22]",3.4962458882075,3.3843168,1.09747659608606,1.07502384549,1.913109245,5.47821688,1.00047031710084,3448.89366795168,4605.31665480402
"mu[23]",-1.82835893540717,-1.70091435,1.00284695809047,0.95397266895,-3.648361005,-0.4206801765,1.0003386358709,5740.45867957877,6360.59181428643
"mu[24]",0.797018386403393,0.760455395,0.639214239844763,0.588657189771,-0.1862004455,1.892960885,0.999883447421204,9079.06946319411,8238.06714234591
"mu[25]",2.42497847529406,2.33014725,0.979869557951768,0.93879870273,0.9981552075,4.17730003,1.00033359941134,6335.58582087339,9365.09446918947
"mu[26]",-5.75592655145,-5.5146471,1.95406916310075,1.87362700266,-9.273542315,-2.974876985,1.00044587937433,3788.760006486,5365.34470242425
"mu[27]",-0.58864975406858,-0.50386919,1.07590000567782,0.984832721082,-2.47096988,1.00675523,0.999975631787369,10603.3153363321,9060.2031670848
"mu[28]",4.68246981723125,4.5080593,1.54292979069447,1.51451926605,2.470081195,7.486549155,1.00027040232247,3752.32802004928,5723.3949318759
"mu[29]",4.4548576767425,4.27332445,1.52057825323039,1.47215612082,2.31418779,7.232231585,1.00039784338269,3877.41680945789,5866.89615587334
"mu[30]",5.55519014707188,5.4058025,1.68250805943751,1.67455711458,3.06649775,8.540841065,1.00049505258159,3444.67584237914,4926.99136969449
"mu[31]",-6.1257567205975,-5.83561305,2.25346394042827,2.15499186546,-10.21984765,-2.969543095,1.00041537443402,4237.73667334505,6268.12180620905
"mu[32]",0.667026167095186,0.64210752,0.785234112513514,0.731161061988,-0.565807321,1.99579736,1.00002179723206,10378.3140273773,9804.50392201137
"mu[33]",-0.123616274445204,-0.117247495,0.0935563803681463,0.0883882561212,-0.2854324465,0.0178523150499999,1.00030578774669,10939.3708679456,9550.5197356939
"mu[34]",0.873748582341864,0.804732295,0.893013662230104,0.805765716378,-0.456804956,2.44417128,1.00021100530468,10390.9414289255,7454.98210468921
"mu[35]",7.35305031324375,7.1158744,2.31964512654925,2.25290958942,4.011477225,11.5356404,1.00046053971164,3753.68564245353,5217.27492777179
"mu[36]",1.2431006202436,1.17459765,0.900380277950553,0.830137799715,-0.09667885245,2.80791527,0.999959902967888,8669.94468565858,7563.99752937625
"mu[37]",0.732153331256306,0.69631927,0.392394705708367,0.377792736846,0.1562557695,1.42531065,1.00020802231479,8602.63292068328,9542.04925002828
"mu[38]",-3.33553147364688,-3.2392335,1.01935638845346,1.00305999822,-5.158902905,-1.834211625,1.00045293783808,3452.50124762177,4747.34820241366
"mu[39]",-1.80945253178482,-1.6003367,1.90558928993821,1.735904915745,-5.2457344,0.874682808,1.00014816690792,10248.2243187541,7669.72994410681
"mu[40]",-2.97800643659938,-2.8792439,0.945706336155557,0.92375965311,-4.686700635,-1.606727775,1.00047425690059,3575.86075558657,4721.54850279006
"mu[41]",-5.50571370771125,-5.23812075,2.02796402485168,1.94272683738,-9.20133776,-2.667378405,1.00041944460136,4236.25052186792,6319.93491803189
"mu[42]",-6.91709179064375,-6.66704945,2.3134222432896,2.24122299492,-11.06722085,-3.62116102,1.0003500167755,3733.71898617143,5694.65865353929
"mu[43]",6.83769987370625,6.63929895,2.15071946394491,2.15071745553,3.695105395,10.6928972,1.00038418722999,3671.33607197489,5600.84268432325
"mu[44]",-6.5352562689625,-6.18719085,2.44080821301123,2.32551903486,-10.95498215,-3.14091925,1.00026235774627,4107.12597043281,6533.46801486816
"mu[45]",1.87592062800937,1.79154565,0.678765194325676,0.64649669973,0.932093205,3.130986595,1.0004285081983,4143.10570861303,6084.84214627606
"mu[46]",-3.5276932974625,-3.4193264,1.09068508968164,1.07100021735,-5.478148485,-1.92746234,1.00047105264462,3471.74775651773,4591.66123916143
"mu[47]",-0.594636226653243,-0.55754865,0.601310383350237,0.55888148904,-1.626298045,0.3247578735,1.00021711798309,12310.5897473493,9622.56603761135
"mu[48]",-0.256053019019276,-0.26227988,0.898176390822369,0.812499433536,-1.71571216,1.20831119,1.00026659848738,13952.038453703,10681.1793845053
"mu[49]",2.21601407361563,2.11900445,0.776963999355857,0.73915875495,1.136538585,3.65033029,1.00037926116624,3905.32971499463,5884.18971139303
"mu[50]",-1.38031256326361,-1.2964282,0.774612906183017,0.73160127558,-2.774887255,-0.2771255285,1.00028597830625,8727.75897296623,9533.9732306599
"mu[51]",-6.18350469915625,-5.93525305,2.06230162404248,1.98279187848,-9.90087803,-3.24011569,1.00044586163011,3701.90309743689,5207.80156480047
"mu[52]",-0.141014935297804,-0.113165605,0.550990605305108,0.491058276702,-1.08827318,0.719951275499999,0.999975994399945,12833.7146080958,9996.96283247614
"mu[53]",-5.53523518213813,-5.2680381,2.07551742855088,1.9779448143,-9.32126309,-2.63886635,1.00042174015574,4342.55119951959,6287.99790663577
"mu[54]",4.5953377825,4.46341925,1.4505306346431,1.45308973656,2.48054976,7.180257805,1.00057621363083,3686.45356437062,5878.46852203784
"mu[55]",2.81854268540375,2.7167946,0.920643789041331,0.89513894967,1.516945505,4.488009225,1.00038234301324,3563.01133521833,5267.82916626177
"mu[56]",-4.94644457900625,-4.79287255,1.53395775259806,1.49783141697,-7.667656215,-2.728592925,1.00041403162677,3366.90422554323,4620.6083944387
"mu[57]",3.77364146860813,3.638392,1.25953315700303,1.22535318444,1.953021165,6.04311499,1.00047041333333,4312.95268262008,5973.57042154871
"mu[58]",-0.220572017769464,-0.19116286,0.605468200651363,0.542303115144,-1.247851205,0.72328835,1.00033488674865,13870.0251107556,9004.8364952374
"mu[59]",-0.301599867666837,-0.30195007,0.735171397836636,0.676908739794,-1.50830279,0.894527129,1.00023956287984,11783.3152165775,8316.93192269206
"mu[60]",-1.56570176179639,-1.4262035,1.29127308988577,1.193868283125,-3.902941985,0.2648323845,1.00006120113815,8830.15588696588,8755.36784089149
"mu[61]",0.654846247886374,0.64034946,0.862078829012163,0.789596258388,-0.717743765,2.06799356,1.00019751745157,14001.917505636,10658.5910357723
"mu[62]",-3.73414909122712,-3.5353796,1.51739699643607,1.42360022952,-6.526425335,-1.627270215,1.00042764595671,4843.85774557471,6612.23650788235
"mu[63]",0.737109963816773,0.71979988,0.73525053254806,0.684593092659,-0.441906804,1.964498105,1.00000518086512,11611.5538158734,10150.6097188294
"mu[64]",0.83052747787353,0.75824416,0.759556767904245,0.701316042294,-0.274673526,2.171976295,1.00023374931542,15533.435566907,9989.92403618784
"mu[65]",-3.18744099015625,-3.08260115,1.17291693907285,1.17048860775,-5.260122105,-1.47219047,1.00017525914406,4772.49178929395,8033.52202668121
"mu[66]",3.89846357209563,3.77543095,1.25826376553288,1.23112146213,2.0739799,6.17467344,1.00033902677513,4271.47279277206,5924.48101661779
"mu[67]",-1.89811623447684,-1.78064025,1.04766617865191,1.00876793409,-3.824813985,-0.419246362,1.00002590633007,6041.52025591157,7351.57571721611
"mu[68]",-6.34429541088125,-6.130102,2.10916158473912,2.06319238692,-10.14703055,-3.326749145,1.00035886872632,3710.78405012762,5725.19174290586
"mu[69]",6.38422624961875,6.20264865,1.95044693829546,1.90980281331,3.531797575,9.89958688,1.00044137102554,3709.54423789394,5194.07837219446
"mu[70]",-1.43218981097147,-1.30153985,1.24233721571342,1.14845079657,-3.66961956,0.3424409535,1.00005594516452,8964.64733310024,8649.5636427254
"mu[71]",5.388181541225,5.1951934,1.72951286042744,1.68603466248,2.93147748,8.523060095,1.00040685332668,3548.05608290305,5124.04998093736
"mu[72]",3.91385894105062,3.7861961,1.29971761174435,1.25656591746,2.04244192,6.297178925,1.00039473769646,4262.91407918141,6039.48257950571
"mu[73]",-1.74394153511375,-1.69520095,0.547953157579489,0.54521310312,-2.717313345,-0.9312050995,1.00039793833625,3697.66654532178,5761.19710616755
"mu[74]",3.65889398749975,3.54794375,1.25794297290559,1.23564101997,1.81701757,5.89013757,1.00034181998226,5036.35432806466,7408.9774192844
"mu[75]",-0.455137803079916,-0.37893917,1.03530679296631,0.949400723439,-2.25829105,1.099900345,0.999973581905235,10687.986870363,9168.05319120588
"mu[76]",-1.21858809154643,-1.15665445,0.744630919482132,0.692729149266,-2.5393433,-0.110539175,0.999856487983437,8366.52845870547,8459.10294335769
"mu[77]",-0.497984776945851,-0.433368525,0.775958669083457,0.7171652453406,-1.86419576,0.6563368695,1.00028849136105,9183.96111580557,7486.91761125518
"mu[78]",-1.47503506310469,-1.4148726,0.814849216618693,0.781230102261,-2.8985754,-0.274037889,0.999977963348519,7027.18864486686,7680.93909489038
"mu[79]",3.28265635538938,3.14920775,1.36357834129471,1.29895063452,1.30878826,5.71766502,1.00027286521847,6747.63640482396,9530.58179430677
"mu[80]",2.1451441245475,2.0353883,0.832400725679541,0.77978955621,1.00334072,3.694478405,1.00037498171761,4499.27714497659,6970.67035190645
"mu[81]",4.6261285212875,4.48202005,1.43582896898143,1.41634460751,2.55931413,7.224722265,1.00038494690541,3417.08926633262,4954.25355775841
"mu[82]",-1.23379438378013,-1.16441585,0.749003727476584,0.711935639226,-2.54872524,-0.146773546500001,1.00026958319259,9480.19527365595,9526.91744584056
"mu[83]",-0.411488502357358,-0.39643705,0.664970876692788,0.6163837230663,-1.510679545,0.65370158,1.00032572686672,12113.0695040927,8945.67329708653
"mu[84]",2.59292661037875,2.45085395,1.02815050192659,0.96109708086,1.18905835,4.50711725,1.00036581335462,4634.58461255875,7164.54261559378
"mu[85]",2.9816644254589,2.8720216,1.06227226250989,1.03115082042,1.43356861,4.905627185,1.0002484980653,5175.16419189449,7924.03995003605
"mu[86]",2.28386759090812,2.1581727,0.901080535933205,0.85049727063,1.04455549,3.95639747,1.00039089435656,4699.06875255018,7106.38505084745
"mu[87]",-6.56265699070625,-6.33927665,2.06304694119481,1.9937582259,-10.23686485,-3.596936495,1.00042985018252,3431.22676309686,4598.91360917529
"mu[88]",6.53298590391875,6.3116936,2.07505791682953,2.03711604747,3.554364995,10.2976482,1.00040462920404,3538.61921768226,5060.7106790608
"mu[89]",-0.549401890198936,-0.52703254,0.438149672396837,0.40509643188,-1.30610873,0.122376493,0.999867975155214,9512.46484606034,8465.96479582405
"mu[90]",-5.16180595828125,-4.94371545,1.7669127535058,1.69335107109,-8.349297,-2.65749291,1.00044558713498,3824.57740071529,5549.36158025069
"mu[91]",6.08865308384375,5.91036055,1.94752799484306,1.94644979424,3.240260435,9.554939025,1.00040365165442,3794.15758865701,6103.66465358842
"mu[92]",1.56384968818812,1.4873745,0.590757977060685,0.55792098663,0.7510768335,2.652982375,1.00035105127853,4388.41265555341,7082.50172017949
"mu[93]",-0.0124740823544813,0.00541329225,0.985875221603825,0.906413611173,-1.642149825,1.585977935,1.00005106087826,11563.8059714303,9619.09816559175
"mu[94]",-2.59138042607651,-2.38675755,1.48657788020743,1.38127459407,-5.30498436,-0.55563728,1.00017586257084,6783.69052389572,7189.13048301184
"mu[95]",-1.95143214992,-1.8873181,0.660457923843095,0.64379851599,-3.134397405,-0.993861094,1.00019614822009,3915.42694310922,6261.80338312978
"mu[96]",-0.0412837337858539,-0.0696549865,0.764464366987945,0.6978514307079,-1.238173035,1.245520065,1.00013685830254,10632.6205291326,7982.07125882557
"mu[97]",-3.72683400213156,-3.5260051,1.56586129525908,1.49019106026,-6.576270855,-1.544652435,1.00037396284034,4564.09900257673,6501.72039007729
"mu[98]",-2.10812517906114,-1.96808005,1.08368854357302,1.01560160814,-4.08421891,-0.604532908,1.00026850473007,7324.74675722955,8773.4659566166
"mu[99]",-1.30888569632966,-1.25424715,0.74583268054501,0.710293281663,-2.61614735,-0.208651188500001,0.999960847562994,7230.72808912223,7804.95352572908
"mu[100]",-0.680901545175245,-0.63068335,0.595973658100245,0.546771953238,-1.73341111,0.1952588485,1.00018130711039,11900.6675561889,9358.54503741226
"mu[101]",-3.09022160093112,-2.86846135,1.57165709397134,1.47361499922,-5.959678375,-0.940712439,1.00022929524839,5964.46033849084,7100.31912332635
"mu[102]",2.04425388248883,1.96287195,0.877477518539791,0.83612005365,0.7523435755,3.58627593,1.00025987811112,7254.83416795239,9222.55659725956
"mu[103]",-1.50793536078776,-1.4312981,0.720629906309356,0.683223726234,-2.803095285,-0.474879366,0.999952797171934,6399.16432942371,7956.07350140868
"mu[104]",-5.98849804978437,-5.654848,2.34522215195784,2.22625118121,-10.2574188,-2.73138187,1.000324898587,4350.64436061775,6578.13952565571
"mu[105]",-6.79897520859375,-6.531851,2.31654664554491,2.23798351392,-10.97274325,-3.514598815,1.00038424286567,3818.20629333608,5830.82693796789
"mu[106]",1.25501089856864,1.2026651,0.500724332172513,0.483958572321,0.5361754665,2.157015815,1.00029262108145,5735.19650840477,8794.56686462491
"mu[107]",3.60096316516125,3.5052165,1.07516195884453,1.06753293486,2.01327823,5.513283345,1.00047059022617,3343.10287989292,4756.46697135689
"mu[108]",-3.68615421742063,-3.5854242,1.13266893696725,1.12363570494,-5.714024755,-2.036726625,1.00032052499351,3373.33790282407,4971.20920038225
"mu[109]",3.274785066505,3.1642038,1.07654130959958,1.0453501254,1.711899665,5.193246905,1.00038001120363,3917.52539112095,5546.28732140718
"mu[110]",-1.05322487752042,-0.990547705,0.610657707820463,0.568211246211,-2.14748783,-0.1761625395,1.0001638919491,8136.53590245354,8139.68886497938
"mu[111]",2.02926502905063,1.87244045,1.24000789572953,1.13899899918,0.286443064,4.29778587,1.00012129634333,9476.68162893626,8880.24617119688
"mu[112]",4.00012426002562,3.8550709,1.37281034597012,1.32153634053,2.033621415,6.5083804,1.00040797045222,4378.66257190701,6377.03128918863
"mu[113]",7.70953378958125,7.38508235,2.68975750729907,2.5997843193,3.905039755,12.5834244,1.00032417336196,4377.94777145229,6693.3125631052
"mu[114]",-0.641392520110161,-0.614394105,0.483630264098351,0.450329868471,-1.46888601,0.102104470999999,1.0000451449326,8860.27892722247,8821.36320718112
"mu[115]",-4.82751614126875,-4.66296905,1.55475701465771,1.50686045097,-7.626516165,-2.588932015,1.00047200513258,3616.10826598726,4819.53800455699
"mu[116]",4.48710201605625,4.32195555,1.47094967116856,1.44608459982,2.37291892,7.15795057,1.00036799605541,3728.62062474758,5664.06894968616
"mu[117]",-2.87058851092541,-2.7158092,1.35394921603782,1.29500684439,-5.309181755,-0.966861229500001,1.00019251235926,5101.67933931283,6679.00431974469
"mu[118]",0.199268056633636,0.18399595,0.447489437943014,0.4031469411249,-0.516118862,0.948871227,1.00008399048385,12499.8153738849,8865.82211907009
"mu[119]",-1.24441147125075,-1.18193785,0.789866365538216,0.748484864925,-2.61760541,-0.0756862693000001,1.00031228932197,9651.23642637923,9489.11832020726
"mu[120]",1.8391015368775,1.7706642,0.604739079071814,0.58466605281,0.977629674,2.938251395,1.00047539577065,3669.30351145141,5509.99982704692
"mu[121]",-1.95081884373719,-1.85845115,0.782661898729719,0.74670600438,-3.37144909,-0.849021566,1.00016451174365,4953.90749786837,6910.90579454492
"mu[122]",-0.384456931824133,-0.310944785,0.941235817136987,0.843352495209,-2.03793058,1.01922675,1.00028256100603,12123.9942683778,8099.17644714864
"mu[123]",0.0207023095989196,0.00433387135,0.395296820357043,0.35559733069749,-0.598618865,0.686423647999999,1.00024610257618,13977.3782646039,10424.4436950594
"mu[124]",4.70192441846125,4.51536015,1.63664202827277,1.57781768697,2.375691825,7.702056035,1.00042159236567,4341.26843527424,6472.38126083757
"mu[125]",1.55096191375211,1.44397315,0.930971162678246,0.867102457347,0.243536026,3.22782293,1.00008415639769,10162.0792683555,9270.55948769011
"mu[126]",-0.574891077956776,-0.52460174,0.576207832443495,0.519105599418,-1.59880459,0.2825189345,1.00036524774386,11934.7421906637,8693.18287057286
"mu[127]",-0.295892508909043,-0.23892376,0.86537832097454,0.790774354587,-1.78956368,1.012554335,1.00042907728017,11985.7870195805,8357.1988704718
"mu[128]",-1.49113377433225,-1.4396358,0.577924693915,0.57444700992,-2.51387584,-0.6415744275,1.00017232005061,5170.82544483131,7928.0252517153
"mu[129]",2.96520853180486,2.81601905,1.24672275441879,1.1815943937,1.187685025,5.23276953,1.00035484666763,5779.31251234516,7825.57924038475
"mu[130]",0.0173285228486626,0.0958122735,1.44662907538107,1.295202310374,-2.476685945,2.24870797,1.00010134378985,11894.5645196063,8331.59455764655
"mu[131]",2.44860179165389,2.3524662,0.973826617593962,0.92925320502,1.03346284,4.173985125,1.00033426600618,6255.21340663788,9394.74264929609
"mu[132]",-7.14001965226813,-6.7810693,2.68315256722573,2.56401822516,-12.0149131,-3.400621475,1.00029055609076,4154.39384521231,6275.60835359764
"mu[133]",4.07396074052638,3.925849,1.57048641525164,1.49890400394,1.79631996,6.882567435,1.00030109457963,5868.60338819275,8499.94173383238
"mu[134]",3.41882982297937,3.301546,1.17334751028185,1.13603906241,1.717418155,5.562021665,1.00036285325538,4564.4499468054,6837.152597965
"mu[135]",5.59067862515625,5.38857965,1.84631764080299,1.82775454323,2.92441797,8.947733095,1.00030088584731,3894.671401556,5992.31056644157
"mu[136]",2.757572497462,2.59866315,1.14129652460446,1.07348824254,1.192786645,4.8929841,1.0003721211551,5040.97897849503,7689.71952586656
"mu[137]",1.24374034790201,1.13136245,0.885671546011318,0.805886081259,0.01760919275,2.84668782,1.00032331759953,8329.73312059841,6908.24417606857
"mu[138]",0.420958580725875,0.39796796,0.168777828455101,0.157453921359,0.189742852,0.7332890105,1.00041501686258,4721.51452700939,7012.19811537381
"mu[139]",5.57231670248125,5.3153009,1.98364432346457,1.91119319559,2.806492905,9.19664512,1.0002904522248,4128.82028013707,6222.34703910861
"mu[140]",-3.78050105818938,-3.6456918,1.23196786155786,1.18967775129,-6.009314435,-2.012387605,1.00046830965726,3675.16559472498,5095.74603462976
"mu[141]",2.90323567891466,2.7162101,1.47268086445782,1.38163012155,0.8391721405,5.60180975,1.0001840063868,7562.8423425115,8565.98829427455
"mu[142]",3.48663969525375,3.35468535,1.14741894131313,1.11714110151,1.84793058,5.57008384,1.00041669582734,3763.74161204155,5591.74018343285
"mu[143]",4.40320886842289,4.200427,1.6974484776533,1.62731325015,1.96859248,7.470297485,1.00021130868279,5145.28991185323,7871.05435529991
"mu[144]",-1.73827036598444,-1.66782405,1.10254599730357,1.030416829638,-3.66604341,-0.0929598560000011,0.999904629098577,8134.35968158344,7933.85575997412
"mu[145]",-0.162575608310457,-0.169839115,0.505835804710396,0.462236858874,-0.9752357575,0.668607850499999,1.00010444712622,10543.9679583681,8140.80396491422
"mu[146]",3.70374372896375,3.60565715,1.1036267923415,1.08803929437,2.082341095,5.661915,1.00043863748447,3284.22972778792,4519.67867061743
"mu[147]",2.86115870330075,2.75525495,1.03984826246873,1.00981531686,1.342108395,4.73251433,1.00023858022142,5365.71970435109,8238.49032107701
"mu[148]",-0.647743106274117,-0.581095715,0.596896125247496,0.547315807983,-1.721910855,0.2046794505,1.00041544324711,9630.97418962751,7591.41814506009
"mu[149]",3.20544329698687,3.08034055,1.13155482085195,1.09279265823,1.57563579,5.248898805,1.00043404723691,4752.89725666977,6949.23282889832
"mu[150]",1.32044910283119,1.25932935,0.498721493838796,0.478067787393,0.622860698,2.227793805,1.00041625926167,4538.51640050904,7128.30054906734
"mu[151]",-1.66795235403375,-1.5824464,0.63024160655349,0.5940422376,-2.837666965,-0.7880535845,1.00043682753882,4342.58959080021,6674.95570429636
"mu[152]",0.186770644212606,0.184581605,1.01631473493794,0.907892193327,-1.482253995,1.85846272,1.00002531525255,12203.1587181288,9126.2811440193
"mu[153]",0.138425815145819,0.129805695,0.274245889789547,0.249213073179,-0.298887034,0.5960098195,1.00033717295526,15764.5605537157,10198.8268484162
"mu[154]",5.3775644538,5.1723918,1.77094464865695,1.72354607334,2.884977695,8.609040045,1.00040248488722,3653.33513985995,5236.17585190416
"mu[155]",2.44190800903408,2.364541,0.932353613750724,0.90285632745,1.0597174,4.09611691,1.00020753109138,6220.47629642633,9636.45791107875
"mu[156]",-0.985518253360094,-0.95200646,0.911740095430176,0.846422811549,-2.51927342,0.432064803,1.00001326857524,9431.20372504957,9372.86305323952
"mu[157]",-3.71955706207713,-3.55313285,1.483522321872,1.43876715339,-6.434113905,-1.624766805,1.00039744088401,5495.21204619719,8378.43656342364
"mu[158]",4.03667324059562,3.90634375,1.31555776245918,1.27881803847,2.13114398,6.389977985,1.00048203911436,4141.64047396529,5448.84978145716
"mu[159]",0.879242937903278,0.86094703,0.775416600851594,0.718300900632,-0.353730551,2.17008566,1.00002580634598,11800.6491916329,10343.0646773573
"mu[160]",-0.701075196327246,-0.61516336,0.980979168076532,0.8817427965381,-2.44219181,0.7463594445,1.00005965671257,10844.1589739833,8633.87640970923
"mu[161]",-0.255132160616278,-0.243711665,0.122460710679237,0.119255911026,-0.472374224,-0.0769336861500001,1.00028780173872,7333.96551042034,9502.21792866059
"mu[162]",-3.07137135707876,-2.91382505,1.42728638181661,1.37268307533,-5.63865791,-1.049452855,1.00020652937979,5042.5075793421,6580.55351942762
"mu[163]",3.55905101413375,3.44241045,1.18925466890228,1.16837249277,1.81639265,5.67138821,1.00031104007261,4049.60751750579,6467.12924181999
"mu[164]",2.78207975225399,2.65713025,1.1373056167725,1.09047505791,1.13700889,4.81199176,1.00037121495365,6096.51414508056,8756.64422296872
"mu[165]",-1.3813044915925,-1.31670115,0.499277489463588,0.476724759357,-2.290820405,-0.6836560825,1.00043103761044,4283.75354072189,5836.9732258698
"mu[166]",-6.9111629477125,-6.61228975,2.41092528136254,2.31920212104,-11.2322885,-3.51381541,1.00040239753342,3946.53679036772,6138.96164115258
"mu[167]",3.4273126522675,3.33808875,1.0275109411482,1.02215840664,1.910751055,5.25325339,1.00053284841822,3373.15880920552,4931.47817469728
"mu[168]",0.25129297078143,0.215802795,0.575686297509319,0.518579535873,-0.631572479,1.234664565,1.00033012239091,11377.3389662919,7250.25486021969
"mu[169]",1.62409532343526,1.5063558,0.890620713759253,0.81480982842,0.382996251,3.243013955,1.00032819339594,7075.06188046205,7097.83375046683
"mu[170]",1.6745155265928,1.5977406,1.15745099076298,1.08143994525,-0.063852606,3.657114305,1.00050389227612,8861.51848355332,8502.35752311884
"mu[171]",5.67543099100625,5.46091955,1.90584824644265,1.87246775772,2.951035,9.13741361,1.00027353998134,3888.01221851065,5947.92123066509
"mu[172]",6.17021470020125,5.9446808,2.05734387588563,1.98186362262,3.228023565,9.91065646,1.00031841200339,4204.06185894538,6179.12636615263
"mu[173]",0.57174674998868,0.555275225,0.754595426243269,0.7003819257162,-0.6275092575,1.837589655,1.00003362989948,10670.4032406306,9305.03753033754
"mu[174]",4.25160512596875,4.12271975,1.30738464510944,1.29426554439,2.35631914,6.603916765,1.00037014607286,3380.60373933247,4938.00299717692
"mu[175]",-0.25913151666828,-0.234725375,0.510093604822231,0.4569240722277,-1.13297265,0.533478791,1.00010300904108,13526.9514811717,9880.59302275178
"mu[176]",-0.238957865834957,-0.251988995,0.901830158028183,0.823440102324,-1.70156713,1.24367149,1.00018085677431,11313.9417302287,7926.78113925445
"mu[177]",-3.34479098236119,-3.18238805,1.39712516215066,1.37720708097,-5.90059685,-1.368242335,1.00011823706027,4684.26176366649,7472.1637302828
"mu[178]",-6.0638158148,-5.8540888,1.92302148472869,1.85538012555,-9.49219557,-3.29973705,1.000433686683,3464.92762424332,4603.75973099353
"mu[179]",-1.27173288221595,-1.20570155,0.730730271460453,0.685367573247,-2.56846923,-0.200044996,0.999871579613614,7887.60252954419,8442.37006321027
"mu[180]",0.860799983797912,0.83471138,1.25524504002462,1.149950401992,-1.124287975,2.948365115,1.0002350038558,10473.9903702512,8760.70554825265
"mu[181]",-3.590874800855,-3.4925642,1.11518452656561,1.1037771675,-5.581254215,-1.95998546,1.00031941754322,3443.12755689161,5238.37006164802
"mu[182]",0.915111510600675,0.883036385,0.355335216033475,0.353016926703,0.399284321,1.54204977,1.00015834803078,4991.54436277318,7870.86377290261
"mu[183]",-5.30354585675625,-5.114701,1.70061023915305,1.64124249954,-8.34566054,-2.86509561,1.00044007613655,3506.00481136137,4760.52041149429
"mu[184]",-5.11514344067313,-4.90242645,1.8713911676165,1.83962965032,-8.49480765,-2.45703316,1.00021822725846,4063.5227998132,6883.69237807092
"mu[185]",2.75845643575401,2.62833055,1.15370209828391,1.10157691497,1.091716435,4.82853437,1.00036555632231,6218.65321422062,8853.56318979534
"mu[186]",-1.54190737734418,-1.4289593,1.03291430150962,0.969085878222,-3.381620085,-0.0792811455000001,1.00036201910998,6769.7431435563,7003.94611505355
"mu[187]",-5.79506097754437,-5.5151032,2.1853652883528,2.08221740664,-9.768984555,-2.749617135,1.00041959269521,4381.70773468683,6330.55908688405
"mu[188]",-3.82599603145969,-3.59184165,1.83145784866769,1.71785014653,-7.188092045,-1.304538085,1.00027903577661,6399.48806791225,8066.70613466045
"mu[189]",-2.308140350245,-2.23816125,0.729926544732062,0.7175531958,-3.609148185,-1.251107985,1.00032964414027,3500.96893096537,5252.02670523782
"mu[190]",-1.95972667524313,-1.9057364,0.605747830486409,0.59307395154,-3.03998748,-1.066192545,1.00044201018671,3553.92160504966,5127.87017400366
"mu[191]",-3.52672879427369,-3.34021805,1.47923120886187,1.42839755247,-6.257308945,-1.474353595,1.00016962183661,4720.51543381998,7378.99758320913
"mu[192]",3.78801298269,3.68396025,1.13760027085237,1.12139705307,2.11873424,5.81960945,1.0004531939491,3296.17301550389,4407.05266244833
"mu[193]",-0.518163933002056,-0.500190555,0.192696594500217,0.191579844771,-0.85938243,-0.238332297,1.00033670758767,5039.65259629505,8131.29731153701
"mu[194]",-2.90441860319638,-2.7316068,1.33072560094546,1.26552712251,-5.33801744,-1.06873605,1.00032295028101,6343.54225400241,8648.68873933612
"mu[195]",4.12637100100063,3.9549129,1.41837800735518,1.37020995027,2.132380905,6.724707,1.00034158402333,3899.40869730918,5946.71373548643
"mu[196]",-4.20523438050437,-3.98609,1.63244486495481,1.5860172804,-7.18950445,-1.9217811,1.00032504352626,4187.54053647069,6668.56804882134
"mu[197]",-1.52503322749,-1.45786565,0.53960055467197,0.51571833285,-2.505810935,-0.7728538795,1.00041757690876,3963.20781010826,6362.67083116287
"mu[198]",1.76823158882937,1.69398135,0.613903293181207,0.58783407249,0.911819021,2.88503231,1.00041765574355,3895.58216532009,5867.67962700435
"mu[199]",-1.12853636383609,-1.0234772,1.15323226583244,1.074977395632,-3.15194637,0.5569207385,1.00004254482548,9289.53297463678,8747.28290225812
"mu[200]",1.44615063257862,1.3908238,0.959458654239417,0.897644380584,-0.00666545099999995,3.08303931,1.00014436735795,12231.2220889734,10522.222760705
"mu[201]",3.96110557378,3.83539315,1.29198601416313,1.25499984708,2.09413959,6.313195845,1.00038856749445,4196.68216935377,6083.96373090487
"mu[202]",6.06845321948925,5.80244205,2.28494680447685,2.18179208436,2.81416482,10.22318805,1.0002720756776,4831.79506153832,7387.76302655456
"mu[203]",-5.778763715075,-5.57880145,1.84417219824782,1.78057776645,-9.0678122,-3.132451515,1.00043651771943,3489.50647078773,4750.48187817903
"mu[204]",-0.786307711305039,-0.75899416,0.335990213488604,0.329862057966,-1.38279147,-0.2947006565,1.00016617683483,5904.97926964544,7980.55728732025
"mu[205]",-0.54738959426973,-0.507208855,0.571736964818546,0.524351601606,-1.54033353,0.319513369499999,1.000179555435,12685.3169040652,9622.16283878643
"mu[206]",-2.15015407446916,-2.02042915,1.19167239588763,1.13149682079,-4.29784929,-0.4597718,1.00019668754283,5842.26997991231,6809.15132437641
"mu[207]",-0.958731612102051,-0.89006855,0.604298944412005,0.547393051443,-2.04737831,-0.0968840901,1.00029182955124,8611.74238572823,7671.56846520344
"mu[208]",-1.00453062911622,-0.91379632,0.93940505251017,0.868915803168,-2.657675205,0.354612098,1.000459228872,8308.79819632595,7824.11022231138
"mu[209]",-4.85037900955125,-4.71938935,1.48175601201568,1.46384014329,-7.495781605,-2.68617361,1.00037193724546,3351.51353478101,4834.38265744003
"mu[210]",1.44110249154622,1.38733695,0.892760071243088,0.83813705682,0.09187440115,2.99091934,1.00025227356274,8181.19302916221,8705.17234838973
"mu[211]",2.11551690697798,2.0323473,0.889916324154213,0.84865217493,0.807885192,3.683437515,1.00026947100296,7058.10381142755,9328.37658590113
"mu[212]",3.697009790065,3.55083205,1.23042779484709,1.19884207254,1.95531308,5.941572455,1.00039466581009,3753.62459638619,5558.04501002805
"mu[213]",-4.98022532853062,-4.7965113,1.7667818113921,1.70848915839,-8.12262621,-2.42987693,1.00014596165529,4161.8572230678,6082.30109760854
"mu[214]",-1.07147330520107,-1.0275439,0.664817847131624,0.62831913417,-2.229047845,-0.0835574244500001,0.999934680693187,7777.94377153215,7945.03297052689
"mu[215]",4.20537487168188,4.07703165,1.39222302673934,1.36543219764,2.161848055,6.658677105,1.00037106415557,4633.21951215849,6502.83197013254
"mu[216]",-0.343007694181701,-0.31635817,0.52561789221234,0.47440758787905,-1.24458817,0.467769691,1.00013641958783,13342.3851632214,9969.53807491622
"mu[217]",-2.04372031451548,-1.88935545,1.15784275776534,1.08901299192,-4.15880508,-0.445719621500001,1.00016380964009,6374.97084835044,6829.33261767681
"mu[218]",-4.29517984078687,-4.1395235,1.45898183523304,1.41110887974,-6.924334955,-2.216489645,1.00041266681675,3792.13800216239,5932.71471158502
"mu[219]",3.47895249041994,3.31502115,1.42997802011873,1.34918112252,1.44365618,6.086741845,1.00033794490299,5655.76949114417,7389.52227220992
"mu[220]",0.826076935389519,0.79077629,0.932152460729413,0.864642149364,-0.622959882,2.396946385,0.99997648101695,12809.8042874022,10857.5375913398
"mu[221]",-3.57300321699937,-3.400532,1.30498751284197,1.23463744803,-5.949406315,-1.76017993,1.00042155348721,4282.69745674893,6002.90139963301
"mu[222]",5.7129367249625,5.44301715,2.04864545809221,1.97140254528,2.85832583,9.47042519,1.00029028382964,4173.6804247273,6372.11231480615
"mu[223]",0.974327304951342,0.898467265,0.567008245444405,0.514740224565,0.1920139915,2.012071385,1.00035080853628,7408.71003103834,7043.36974931909
"mu[224]",-0.405303536073979,-0.408369305,0.90237508253568,0.822517954776,-1.867226675,1.066373365,1.00012419455416,10971.4197946503,8792.74664959579
"mu[225]",-4.28487799901562,-4.16616205,1.31386232667169,1.30171990893,-6.624864355,-2.34374015,1.00043209022008,3528.61319311843,5159.2276231051
"mu[226]",0.47768671775476,0.4763493,0.85030029856306,0.78133487019,-0.891604962,1.86614923,1.0002144013931,13882.727206771,10297.9835363818
"mu[227]",1.6036455780067,1.52922995,1.17086209916545,1.086882844131,-0.154460272,3.6165447,1.00038128510375,8883.27917975338,8386.53769736586
"mu[228]",2.07931960320416,1.97688005,0.870167499754207,0.83868435861,0.855705077,3.66658313,1.00017296366336,5328.66462173402,7373.16512906165
"mu[229]",1.45457435957375,1.4179481,0.429728826780086,0.42848763447,0.821103247,2.22302638,1.00048512375068,3259.15592806221,4588.20201819484
"mu[230]",-3.21629999661778,-3.0453075,1.3740076583467,1.31444802993,-5.73905126,-1.31160521,1.00036713296984,5885.02414032125,9055.39039554477
"mu[231]",-3.23077504414652,-3.0346382,1.47216038313232,1.39089296157,-5.93627267,-1.201860315,1.00032254650055,5052.84976491142,6683.44919164114
"mu[232]",-0.652855111935976,-0.59393325,0.474321259615162,0.44008223364,-1.51465973,0.00732858188499993,1.00027440857878,8832.86413922381,7565.96296787903
"k1",6.53756877420625,6.348559,1.94478689222722,1.88655268011,3.715762585,9.99903648,1.00059496389175,3160.69380580711,3735.77330199951
"p0[1]",0.47843973135,0.4782611,0.0474758271947017,0.047463029775,0.4001777075,0.5573609415,1.00036105162959,13367.3048814215,11463.2939331643
"p0[2]",0.899779804975625,0.90416874,0.0389944952899507,0.038071870725,0.829420635,0.955980395,0.999908298382527,14350.1712170203,11922.6955165655
"p0[3]",0.40352470066125,0.40152447,0.0618455139226246,0.062413709022,0.304778924,0.5073387145,0.999933816550315,11858.4920694696,12914.8491564658
"p0[4]",0.303998262588125,0.298562355,0.0877146807019752,0.088018974561,0.170025444,0.45665409,0.999929506307509,16244.1818341049,12359.9363889535
"p0[5]",0.89306085017375,0.89789842,0.0399400989271846,0.038988836586,0.820301964,0.9499937815,1.0000229777495,15142.9290191968,13273.6759615345
"p0[6]",0.292922966401812,0.286521245,0.0894553762086932,0.090384915054,0.156547614,0.4491489365,0.999939563009838,14948.9378661401,12795.7706184995
"p0[7]",0.32004162087875,0.317728135,0.0574544234780839,0.057427880895,0.2296193935,0.417695813,1.00010130241185,16754.3503286832,13417.1809784118
"p0[8]",0.43612236140875,0.434205855,0.0688110224197498,0.070050314754,0.325824332,0.5508412,1.00028166013776,14509.7473859883,12664.1562999739
"p0[9]",0.80058411821375,0.81129653,0.0854558851084656,0.083832393855,0.6451245685,0.9206517845,1.00014545742466,15471.7672353338,13340.1712333056
"p0[10]",0.545622959776875,0.545492675,0.0818919034485143,0.082792046022,0.411109426,0.6798509685,1.00005377797408,17078.5846675598,12538.8814496631
"p0[11]",0.856365880438125,0.86436544,0.0646620196497165,0.0632972719049999,0.737774467,0.946864025,1.0004144958574,13432.0354428483,11913.3207298317
"p0[12]",0.691042421861875,0.6917192,0.0510904686762591,0.051007459356,0.6037580345,0.773284262,1.00011726920544,12732.7927976061,9516.07319156728
"p0[13]",0.54294459783375,0.543068325,0.0531845879545365,0.053428552569,0.455490779,0.6309350445,0.999972532636981,12565.233723955,11586.8291265029
"p0[14]",0.289707638683125,0.286909825,0.0580387725472944,0.058753102905,0.199775431,0.3893092195,1.00007772749945,16143.3729445047,13859.1014467231
"p0[15]",0.954138195811875,0.96204714,0.0329215613390938,0.027483615957,0.889900444,0.9914971205,1.00019004005398,13527.3384908403,11277.5683898478
"p0[16]",0.479186349951875,0.47835921,0.0626020954380505,0.062056869441,0.37642235,0.5843490835,1.00047380144461,14223.0847555033,10476.9295531129
"p0[17]",0.57124056448,0.571697615,0.060124720897245,0.0605974128270001,0.4715743695,0.669563143,0.999929716056179,12290.710696348,11769.5214942943
"p0[18]",0.139421544590125,0.13049477,0.061870544567513,0.059992267398,0.0553357998,0.255023721,1.00007352965517,16215.080342909,13910.8245458303
"p0[19]",0.253190503432375,0.24833566,0.0659629580995807,0.065700551679,0.1531616725,0.3701163155,1.00008406745067,17991.2618304568,13454.69148158
"p0[20]",0.592008760105625,0.591743675,0.0509674369022119,0.051021403209,0.5085193335,0.675677047,1.00008747556922,13512.3215835038,10770.7487772874
"p0[21]",0.956638158156875,0.96614721,0.0350231692820354,0.027737355534,0.888680397,0.99383128,0.999921278382569,15210.6776391107,13120.1526546947
"p0[22]",0.301343751339375,0.29984923,0.0488728063938085,0.049339526943,0.2233582635,0.384253954,1.00016171703504,14821.5209108657,13566.6832850463
"p0[23]",0.74854663382,0.750610635,0.0537520168852052,0.0547563468899999,0.656941745,0.833253672,0.999995561693991,16793.6917385783,12449.2948007964
"p0[24]",0.53200499913125,0.53246214,0.0676903404034886,0.0683766817440001,0.419814747,0.6424404265,0.999839466385483,11904.9972546575,12174.130350955
"p0[25]",0.38705612575125,0.385720045,0.0609989969303721,0.060908662458,0.288906521,0.49015593,1.00007199794169,18754.5764480939,13194.5794775291
"p0[26]",0.935376531218125,0.941507135,0.0348338908591414,0.032052833484,0.8701464655,0.9801968425,0.999883352424567,14813.8799754586,12823.9418088887
"p0[27]",0.64913178105875,0.65174357,0.0771314764139008,0.078115547559,0.517903605,0.7722097855,1.00001278252257,15556.2944467361,12923.0125084661
"p0[28]",0.217577662622375,0.21334085,0.0598933586828284,0.05998807164,0.126755043,0.3242123475,0.999996328970264,17298.9151659323,13783.6798354271
"p0[29]",0.233281687453563,0.22870835,0.0606753329304529,0.060983363259,0.140003243,0.339452874,1.00009199253054,17786.9485827556,13930.5686885085
"p0[30]",0.164533405946875,0.15893011,0.0571009900208737,0.056389868157,0.08227070665,0.265649037,0.999946514799534,11935.5396585218,12293.4872522191
"p0[31]",0.941133569249375,0.950542725,0.04108980912668,0.034932435573,0.8608774455,0.9885808525,1.00031097351719,14073.7610724404,11075.2400151711
"p0[32]",0.544004045855,0.54342577,0.0597665971846711,0.060458537685,0.445811711,0.642264387,1.00004775604978,17260.1949034135,12298.6219269609
"p0[33]",0.616360627843125,0.61609513,0.0395991006550272,0.0398068611360001,0.551608656,0.6819090375,1.000186274632,11735.8424418804,10483.0766496164
"p0[34]",0.527406762941875,0.527805825,0.0791437983660995,0.07989175425,0.396483784,0.6574657135,1.00065125079003,14838.453502941,10950.7406355403
"p0[35]",0.0866595920877875,0.080076184,0.0418289220470032,0.039784125465,0.0318414547,0.1657570255,1.00002905618897,16665.6429830778,13458.9432010448
"p0[36]",0.492443061994375,0.492713425,0.0817697491891942,0.083234757795,0.3585235155,0.6266823275,0.999984920145718,13378.3060324735,12073.5813197241
"p0[37]",0.5395725535225,0.53853681,0.0524651074198751,0.052096755228,0.453951973,0.627330638,1.00000710204944,11548.6113523974,11267.5123650326
"p0[38]",0.845189765754375,0.84748554,0.0388137214997604,0.039102181356,0.7781135305,0.90432015,0.99988733712653,14205.9876924222,12193.1597214327
"p0[39]",0.730803846524375,0.74397489,0.118716617054331,0.119662610445,0.516558424,0.900856319,1.0001541751984,14341.3543448108,12037.2531305702
"p0[40]",0.82497051250375,0.826932515,0.0402422749269124,0.04053702681,0.755270003,0.887008195,1.00000533788032,14356.188825293,11650.9019370864
"p0[41]",0.9257610325925,0.93451958,0.0448280225820794,0.040449916647,0.839032577,0.98139791,1.00033469878528,13944.0122145119,10819.4201377484
"p0[42]",0.959181943676875,0.9671181,0.0310837875441135,0.02512391721,0.898073836,0.993268472,1.00016063685495,13233.453125374,11082.9328667486
"p0[43]",0.107528367371263,0.0984152195,0.0545919593548364,0.0511162681113,0.03631551275,0.2097499235,0.999995422194725,13474.9587783993,12453.8846349864
"p0[44]",0.951275993601875,0.958860825,0.0329646379286445,0.028318201149,0.8872681245,0.9895397915,0.999850046800795,17709.9251797077,14270.6623969853
"p0[45]",0.438709613694375,0.438313025,0.0480997246982577,0.048266754648,0.360861888,0.519545409,1.00010826236642,13791.9694702667,12246.1877540641
"p0[46]",0.854810303030625,0.857409365,0.0381362001832295,0.038396130171,0.7885467785,0.912679139,0.999988681658452,14523.9966517036,12351.6906180604
"p0[47]",0.655602263898125,0.656849265,0.0577475001357736,0.058054123722,0.5582237985,0.74886312,1.00019038653069,14217.1758308967,11219.5607150378
"p0[48]",0.62798717753375,0.629677035,0.0818325904023279,0.08340840732,0.4896853585,0.759455881,1.0002610691267,15398.3265572152,11962.5751481345
"p0[49]",0.40839673419375,0.40750887,0.0490848142915661,0.049269815091,0.3285302165,0.4906750465,1.00036015305571,14943.6308741925,11505.1233723378
"p0[50]",0.716858179153125,0.719283325,0.0594564646951558,0.0597428496000001,0.615607338,0.809807369,1.00011849977203,14307.7892214234,11691.7102832017
"p0[51]",0.94607546679625,0.952103325,0.0311833438379576,0.0279744380999999,0.8871285925,0.9850531915,0.999868951411736,14993.5677037465,12898.4746103831
"p0[52]",0.61565754906125,0.616577545,0.058727802293137,0.0589936769940001,0.517478711,0.7101037835,0.999919297318582,12777.3891520901,11577.58394719
"p0[53]",0.925971437604375,0.935295255,0.0459986007303748,0.0411860646119999,0.837145222,0.982388443,1.00031330817339,13974.4985211709,11199.773867982
"p0[54]",0.222250250984187,0.217366285,0.0653049099507942,0.06579119043,0.1238317505,0.337735454,1.00003284273616,12641.4607147647,11759.1595968873
"p0[55]",0.356440871898125,0.355190875,0.0484979385337809,0.048971805078,0.278114356,0.437938231,1.00023464765221,15289.8661772046,12516.5011451441
"p0[56]",0.913625266344375,0.91750537,0.0344971389506802,0.03352284621,0.8507838265,0.9626281935,0.999952717812793,13774.170003899,12138.6443930947
"p0[57]",0.278088925665,0.27558786,0.0544318462084953,0.054755672307,0.1945596825,0.3724102885,1.00015400476417,16757.4362369085,13521.9396013585
"p0[58]",0.622558147099375,0.62276025,0.0654036006874025,0.065195859813,0.5134945415,0.729458307,1.00011527253199,13142.9707913753,11988.8505322973
"p0[59]",0.631851309393125,0.63315477,0.0678920359342991,0.0681425050740001,0.516993265,0.7410224415,1.00031550245505,13919.8685425488,10469.641839168
"p0[60]",0.724634738144375,0.73005953,0.0784204514464548,0.0779573319,0.5874602145,0.844083179,0.999987662915294,15562.3368973277,13662.3051760716
"p0[61]",0.543313453081875,0.54385578,0.0700692922946049,0.070084295946,0.42681467,0.6578013225,1.00010367218569,20753.9880555493,12562.8048558504
"p0[62]",0.859079716928125,0.86588548,0.059110038708695,0.057446939718,0.7512852425,0.943691539,1.00047148830954,13514.4060982112,11484.1464182834
"p0[63]",0.536122524149375,0.536210005,0.0583013326481383,0.058207943472,0.43938496,0.6318121045,0.999974520771054,18981.6362087975,12998.1671215905
"p0[64]",0.532101844713125,0.531564535,0.0729041899305003,0.073369811676,0.4120992215,0.6519414975,1.00003105105954,16938.9346122164,12394.8758615256
"p0[65]",0.835685808795625,0.8414679,0.05677441512511,0.0561558471600001,0.732913141,0.9181948795,1.00010282737116,12656.1442804028,10407.8195191239
"p0[66]",0.26791810032725,0.264756505,0.0580001270551233,0.058766646456,0.1774340865,0.367560253,1.00018889595948,16614.0930717361,12977.9340033839
"p0[67]",0.75292711730125,0.75585514,0.0544196195042531,0.055289867913,0.6597340815,0.837078946,1.00019876028715,17028.8445623866,12588.401398427
"p0[68]",0.94855503508625,0.956328965,0.0348529004091308,0.029770185459,0.880627518,0.9892424085,1.00013290535496,12748.2918407735,11130.9519661829
"p0[69]",0.122655573835375,0.11686576,0.0468238925989588,0.0458764113003,0.05686515715,0.2093489985,1.00007200859434,16916.9931254341,13452.6936192356
"p0[70]",0.715288649105625,0.72010241,0.0772997246298641,0.077300769903,0.58050978,0.8347239725,0.999974477436083,15531.1168358352,13670.9925555923
"p0[71]",0.17455854536575,0.17057426,0.0510073928809657,0.050768864538,0.09782840505,0.2648118235,1.00017344452177,16518.055307157,13558.94717403
"p0[72]",0.267608803926312,0.26473233,0.0557953010671036,0.056629738011,0.181239488,0.3644134465,1.00005149633594,16715.4886391775,13971.722632752
"p0[73]",0.74608639450375,0.74690817,0.0415279678388801,0.04192822452,0.6766312605,0.81291385,0.999961354843158,13039.1723750686,11060.7335434022
"p0[74]",0.285918949426813,0.281537185,0.071232113948174,0.072017939931,0.1766619465,0.4095836215,0.99999149955176,14755.8557638526,11648.3424297093
"p0[75]",0.638555064835625,0.64123474,0.0753606393912852,0.0760639256790001,0.510425702,0.759329945,0.999965672757169,15553.8212619844,12924.5011184661
"p0[76]",0.706109759455625,0.708360095,0.0645918470268284,0.064878776151,0.595883187,0.8076786165,1.00033887794967,14239.4330316452,11526.2425429096
"p0[77]",0.644726844069375,0.645422375,0.0548540694376436,0.0555307088699998,0.5536042725,0.732536503,0.9999909839809,18505.0256911163,12103.982803042
"p0[78]",0.72606752097125,0.72923594,0.0655513156251089,0.0663124132859999,0.611435543,0.828008487,1.000228634863,12490.61686697,9524.50598834329
"p0[79]",0.31743954467775,0.31337493,0.0842857160991525,0.084553893732,0.1871187335,0.464341716,1.00001233831418,18553.6467392817,12922.0385993915
"p0[80]",0.415328730505,0.41410126,0.0540741772233919,0.053918336892,0.3277004715,0.5061631925,1.00040564555731,14913.709762334,11366.7183718508
"p0[81]",0.219913907965375,0.217499325,0.0504037357354253,0.050410816638,0.1406803065,0.3077153,1.00015684884035,15619.0141744081,14136.8700624396
"p0[82]",0.70626179588125,0.708560285,0.0603462445679829,0.060851938182,0.603100831,0.8014562135,1.00011417258209,14364.6431486923,11678.4979221859
"p0[83]",0.640886021150625,0.642273235,0.0628733688426021,0.063195194895,0.5346107545,0.741545121,1.00030049811701,14120.7903018608,10647.9251624089
"p0[84]",0.3774151151925,0.37568395,0.060623148841481,0.060213048777,0.2798379135,0.4801066495,1.00018941368983,14941.3076894386,11421.5836083879
"p0[85]",0.339222345829375,0.337128935,0.0612400829920151,0.0618430266299999,0.2417354495,0.443006613,1.00016504475817,16449.4020525568,12742.0459368638
"p0[86]",0.4037173458275,0.402687215,0.0573675388560394,0.057682080078,0.3118105075,0.5005154805,1.000060554802,14595.7729396971,12223.3118345141
"p0[87]",0.95535896246875,0.960417765,0.0259255036281343,0.023229866058,0.9056430645,0.9877501475,0.999902733477357,14839.4308371016,12750.266138583
"p0[88]",0.118378632158875,0.112647865,0.046601664397645,0.04514405805,0.052784399,0.2031394085,1.00012364276927,16427.7595527306,13182.9242294383
"p0[89]",0.653273806315,0.653575585,0.0516330328138081,0.0518259879899999,0.567816186,0.7375569825,1.0001100558757,13018.0755089971,10404.6508508976
"p0[90]",0.918308483378125,0.92401076,0.0386993322827625,0.0366356761049999,0.8469199695,0.970690634,0.999893605773926,14567.1531687818,12647.4161651863
"p0[91]",0.140112342980562,0.13121029,0.0639296636334075,0.061292515011,0.0535701336,0.2588164505,0.999969594809515,12853.9123704405,11719.0158925409
"p0[92]",0.46597196959375,0.46561263,0.0478308305099513,0.0475769898239999,0.387465235,0.5456342185,1.00073376511333,14305.6149258601,10910.5882857553
"p0[93]",0.603986487016875,0.60543919,0.0764375418405933,0.076677091974,0.4753709525,0.728039362,1.00000329613884,17065.2509256689,12112.0089550591
"p0[94]",0.793304484155,0.79995759,0.0713434061112045,0.070449608586,0.667067337,0.898452592,1.00005982760177,16842.0395390701,13109.1571195628
"p0[95]",0.760867415435,0.76257397,0.0476422971251463,0.0479024131109999,0.6792965225,0.8367663845,1.00025668167261,12420.6764551971,10655.009051729
"p0[96]",0.610680946131875,0.61172137,0.0711441028762056,0.07179527565,0.490324291,0.725181778,1.0001558550639,12842.3647638146,10100.6052043679
"p0[97]",0.859953200858125,0.866049595,0.0552365881394365,0.0548138124660001,0.7593422885,0.9395518175,0.99990661481895,14705.2291749425,12117.72817967
"p0[98]",0.76633751836625,0.771500335,0.0657564193246668,0.064919621781,0.6502351075,0.865969933,0.999986073709249,13880.0571564582,11505.385079704
"p0[99]",0.71376838209125,0.716468695,0.063167242347439,0.0637332675000002,0.6036931835,0.812898664,1.0002482726876,12590.4987759157,9776.26014422001
"p0[100]",0.66209473621875,0.663317605,0.0567187714734937,0.056705647131,0.5666283785,0.7525533095,1.00012895654523,14021.5851723056,11392.1684341972
"p0[101]",0.823364690988125,0.830105405,0.0652878094705341,0.0643688877720001,0.7063899985,0.918080318,1.00001347048595,17226.7406803772,13454.5639628099
"p0[102]",0.41946211471625,0.418659535,0.0599315376713803,0.059726526174,0.321858803,0.519017746,1.00006505899864,18738.3606771839,12736.3232447656
"p0[103]",0.7279453341375,0.730496735,0.0591171750605108,0.05915707434,0.6267067305,0.8214853145,1.00028046651278,13868.6794868632,11080.2317803271
"p0[104]",0.93733941626,0.94713534,0.0423286117520581,0.0368807424720001,0.856950602,0.9870675795,0.999926202111908,15638.6106455092,12988.0904993357
"p0[105]",0.956785739199375,0.964789965,0.0322965333371122,0.026419012788,0.8939465725,0.992579155,1.00018077907357,13681.0452394077,10567.6683921253
"p0[106]",0.492607113840625,0.491208895,0.0539402542846262,0.053640438348,0.4049069475,0.582122483,0.99998798217509,11888.5844253964,12405.669782769
"p0[107]",0.2920142893,0.290212235,0.0537657770064581,0.054264672252,0.207816059,0.3829698235,1.0000136684481,11777.2973067635,12744.769679172
"p0[108]",0.862741440458125,0.865999155,0.0416486426548388,0.0416311856100001,0.788158254,0.9255462675,1.00026078331544,12516.2509743846,11708.3303549057
"p0[109]",0.31847066575875,0.316056055,0.0627246215364222,0.062905872918,0.2193187695,0.425658966,0.99988740237312,13182.3787461022,12768.5607880965
"p0[110]",0.69278497943,0.694506845,0.0579759900666406,0.057705697896,0.5949467445,0.786367589,1.0001203763542,14110.1108114832,11273.5850913922
"p0[111]",0.4275188410825,0.4245024,0.0952732499685349,0.097242651702,0.2754520825,0.588152879,0.99999338882314,17980.4265870503,13518.3811512184
"p0[112]",0.262177518053687,0.25903089,0.0580413670733761,0.059242449861,0.1737198855,0.3627902075,1.00006665955137,15988.7592828847,13895.84842868
"p0[113]",0.0809532011720625,0.0691038575,0.0537458325261567,0.0466292192415,0.0182413444,0.185181212,1.00025947481777,16006.5961559769,13538.5990306336
"p0[114]",0.661097990704375,0.661732785,0.0519928957076901,0.0516377422679999,0.5729689485,0.7453288635,1.00012942923193,12720.9185143522,9698.72330920039
"p0[115]",0.909069020108125,0.91357372,0.0347530128722754,0.033667963098,0.845997741,0.9580816075,1.00000317853001,15835.0653159804,12602.7093766359
"p0[116]",0.230146149186188,0.226501405,0.0596843109936213,0.05980311729,0.1385425325,0.335491062,1.00000272232067,17215.5162847541,13975.9986323436
"p0[117]",0.814930606278125,0.82029088,0.0615972318081581,0.061706538474,0.704210662,0.907018898,0.999965591633262,14391.227660535,11973.1349358401
"p0[118]",0.58735757981375,0.58757148,0.0522986614380849,0.052526012406,0.500435536,0.672692494,1.00016326647323,13479.8910577742,10458.252302785
"p0[119]",0.7072632339175,0.71007382,0.0632347718684653,0.063738286101,0.5984768095,0.8065163675,1.00017508585968,14303.0544008246,11756.3708254182
"p0[120]",0.440502966890625,0.439946515,0.0472583559351958,0.0473901599850001,0.3628321835,0.519716029,1.00027057952463,13398.7974652868,12542.8775006618
"p0[121]",0.75953803588375,0.76210386,0.0555166441488096,0.0556210955789999,0.663921167,0.847434841,1.00009119010852,13469.0163381545,11487.6892674245
"p0[122]",0.632783048671875,0.635064515,0.0714507231867303,0.0721439757569999,0.5114472305,0.747295246,1.00014824730616,18877.5877575241,12653.6873541407
"p0[123]",0.604518212630625,0.604355005,0.0510151820531338,0.0511916872320001,0.52021274,0.6884950795,1.00008866041964,13411.1845307258,10372.4007935088
"p0[124]",0.215633315913438,0.21090111,0.0608258905827719,0.062145766137,0.1258681175,0.323398797,1.00004179459134,15206.4440281914,13868.2150107853
"p0[125]",0.467771749060625,0.46675518,0.0794383831569374,0.0807201199349999,0.339058955,0.5994639395,0.999984236133653,17499.2102621159,12547.6679968072
"p0[126]",0.653106274775625,0.65384656,0.0607889390374065,0.059923385802,0.551257223,0.7520375425,1.00013194361024,13598.643427458,11625.0339016232
"p0[127]",0.626617880940625,0.628205135,0.0655992865878412,0.066096554139,0.5170168725,0.731873875,1.00012500853807,20416.7395489629,12428.0952290467
"p0[128]",0.727806183006875,0.72913024,0.0485706259982255,0.0487831738799999,0.6446185175,0.8049035035,1.00008524531346,12853.7878912315,10085.9387936609
"p0[129]",0.343869239353125,0.34078792,0.0691409220908964,0.069961959207,0.2360538145,0.4623273265,1.0001529849283,14345.6529716168,13027.3939773828
"p0[130]",0.5923850306125,0.59724634,0.114939083292033,0.118730151414,0.3969771565,0.7748077645,1.00003986954909,13854.0723273955,11946.0827959669
"p0[131]",0.38482897077625,0.383560035,0.0606630255010243,0.060580422231,0.286554896,0.486675856,1.00014034633494,18807.4664064803,12983.6346541192
"p0[132]",0.960526954428125,0.969893765,0.0333311116665188,0.025610083989,0.8957054215,0.9949587635,0.999917442787524,15114.0319403305,13049.0160208995
"p0[133]",0.258813833683438,0.251698595,0.0858060597151398,0.085239151452,0.1303297745,0.411900035,0.999989064600921,17065.3058679889,12326.4085216088
"p0[134]",0.30496082947375,0.302413445,0.0568657633805735,0.057084829494,0.2160206635,0.4021485115,1.00005945814684,16697.6515556005,13565.5852337827
"p0[135]",0.165131191499375,0.157710695,0.0638545414675593,0.062458253739,0.07433074975,0.2829420385,0.999978458258052,15799.0478870022,13302.8497694445
"p0[136]",0.36434992688625,0.36189047,0.067385622095919,0.067204945899,0.257521643,0.4791095165,1.00005807571479,14952.159457906,12581.4122607924
"p0[137]",0.49696289321875,0.496300855,0.0720327104117611,0.071716794219,0.379155317,0.6177583735,1.00047471518479,13860.2934938991,10453.3289802417
"p0[138]",0.568654489031875,0.5682458,0.039937275447682,0.039619653234,0.503588066,0.6349576895,1.00029319691783,11874.1762027963,10269.3042978407
"p0[139]",0.168155581706,0.160674125,0.0648151831881893,0.064446272079,0.0755757803,0.2866182345,1.0001553612667,16794.0329771057,14199.7069421326
"p0[140]",0.8661465245975,0.869452695,0.0395932135143474,0.039355372371,0.7958487725,0.9251771145,1.00007570475778,15140.7195324888,12589.581626332
"p0[141]",0.35418483056175,0.3489694,0.0991342728130269,0.101145959439,0.200717737,0.5245561715,0.999953642309402,18199.5306778383,13523.3509730983
"p0[142]",0.301826315254375,0.29938364,0.0601328517567593,0.060844250901,0.2073301305,0.403916311,0.99997839549293,16127.5690592902,13335.552478413
"p0[143]",0.239549376424687,0.22943437,0.0918575387541056,0.092180773608,0.1055065445,0.405430261,0.999845245238669,13795.8069485975,13061.1369531618
"p0[144]",0.74330733888875,0.74973463,0.0809063916501426,0.0815021173050001,0.6002466165,0.865909309,1.00037995756865,13262.481931518,10694.7268438761
"p0[145]",0.620888508454375,0.62118953,0.0549104532152562,0.054827615472,0.5289261685,0.709977361,1.00014172437743,12805.4983388983,9981.8516931217
"p0[146]",0.28439968448875,0.28269183,0.0495552468762521,0.049601680275,0.2054969765,0.368546404,1.00013253183028,12768.6896953273,13624.2893074921
"p0[147]",0.34917767666,0.34711561,0.0614169374951867,0.062299185585,0.2516422145,0.4532035635,1.00010845250587,16449.991866271,12508.8031588125
"p0[148]",0.657445398095625,0.658802165,0.0595644230100398,0.059574604152,0.556679932,0.753775113,0.99998529483719,11692.6433485817,10468.2774272846
"p0[149]",0.322330270799375,0.320383435,0.0556581421056123,0.056209643301,0.2355403005,0.4178941465,1.00006580936628,16470.1929434802,13772.2496589903
"p0[150]",0.487010065171875,0.486925965,0.0481509051604012,0.0480789314670001,0.4071985425,0.5673432065,1.00020354884806,13124.5697932885,11533.6461478899
"p0[151]",0.738918007780625,0.73946623,0.0480547250090339,0.048075832833,0.659074399,0.817282426,0.999987937140927,12258.8479388602,11199.0746413012
"p0[152]",0.585784712008125,0.587596205,0.0903140058629249,0.0910432265190001,0.4333907175,0.73073083,1.00013343540907,13881.926798471,10804.628488464
"p0[153]",0.59289517079125,0.59242706,0.0476520816429585,0.047295844386,0.5151089575,0.672376629,1.00004111284668,11860.6740225202,11205.4480285499
"p0[154]",0.17588247833375,0.171460145,0.0531504063167908,0.053129608518,0.0967434217,0.2701536805,1.00009317220996,16581.3080231332,13617.2565438474
"p0[155]",0.383985670205,0.38251706,0.0623492110175948,0.0625508643480001,0.2842172955,0.4891948645,1.00008815438254,15740.5744715518,12453.2084726822
"p0[156]",0.68820048354,0.6915295,0.0763038395159456,0.077673102654,0.55585833,0.807270281,1.00015318232749,12542.350161712,9525.18756812861
"p0[157]",0.859664718274375,0.867218925,0.0575419834466837,0.055501746279,0.7542123455,0.9393459705,1.00002175308547,14981.8054996956,12478.6981453241
"p0[158]",0.258614215865375,0.25588794,0.0534032028922624,0.053721603285,0.176865139,0.351030015,1.00019422342651,16945.3620228436,13494.2767739014
"p0[159]",0.52272416767125,0.522970745,0.0629851121636221,0.063262823694,0.417705808,0.627281411,0.999975729555933,17901.7947655341,12832.5319473012
"p0[160]",0.658743100981875,0.66337432,0.0827348085526541,0.082975102644,0.515754235,0.7878811035,1.00003104502938,12276.0427415919,12387.0552407011
"p0[161]",0.627723296194375,0.62753685,0.0396744780645859,0.0398074393499999,0.5623751205,0.6934068405,1.00013435929865,11847.6211472215,10430.2514117528
"p0[162]",0.826056683681875,0.83253584,0.062861528877154,0.0624590543430001,0.71092129,0.9183279545,0.999932396370026,13803.699629327,11695.5541771608
"p0[163]",0.296091202977,0.29202762,0.0711232897795938,0.072047458497,0.186153941,0.4192074785,0.999891989789166,11739.0410919069,12499.7953343154
"p0[164]",0.35795784795,0.35532417,0.0666673243526629,0.067377980145,0.252637511,0.4723296915,1.00009513665641,17730.9450842027,13900.4965188669
"p0[165]",0.717966333613125,0.718336615,0.0433047501783736,0.043441165929,0.645194796,0.787241099,0.999989102273936,12401.4377169247,11343.0307414377
"p0[166]",0.958086182279375,0.96650212,0.0327798480840136,0.0261985575809999,0.8937344295,0.9934391575,1.00034971142189,13984.6769613349,10820.5046483567
"p0[167]",0.305457076314375,0.303785635,0.0546609328628423,0.055401099978,0.219821819,0.397478515,0.999964662951074,11558.6873470853,12609.8930691134
"p0[168]",0.58405340207125,0.583996555,0.058196817568309,0.0577767292619999,0.4872534425,0.6787587715,1.00042845934177,14160.3492315735,10312.7320476998
"p0[169]",0.461063109536875,0.46050552,0.0706508006893039,0.07056649677,0.3459399465,0.5792279885,1.00075479804551,15618.2682134949,11260.9914917605
"p0[170]",0.45252861708375,0.45075428,0.0879774972665207,0.089412596322,0.311823965,0.60071333,1.00010318660668,14907.1454380888,12193.6187092975
"p0[171]",0.160923738201375,0.154403325,0.0607409283996743,0.059392088679,0.0737786493,0.2720125705,1.00003036784237,16927.1779771691,13507.4115027123
"p0[172]",0.1353851269596,0.127232715,0.0585178869248533,0.0564622205196,0.05537094595,0.2425568915,1.00005058588761,17141.472179032,13785.2499196405
"p0[173]",0.552239150458125,0.55224576,0.057678451550385,0.058332185352,0.457581176,0.6468895245,1.00000597747357,17951.3053375935,12695.3579452206
"p0[174]",0.24500172187075,0.242965565,0.0503721774099733,0.05054969178,0.1650685375,0.331572105,1.0000931049861,15124.5104349138,13979.2708211344
"p0[175]",0.626861166636875,0.62755514,0.0547347260764207,0.054935726664,0.5353131415,0.714933554,1.000095236948,13672.0703478764,10447.3280445154
"p0[176]",0.626677020593125,0.62853492,0.0793450548360799,0.0803188838969999,0.492100265,0.7548153895,1.00025256530602,13537.1121162638,9767.9772443658
"p0[177]",0.84204268383625,0.847309655,0.0502434516123793,0.0500582765969999,0.752273426,0.9158862385,1.00033769103494,15785.2686024969,13422.6988660214
"p0[178]",0.94461960842875,0.949655645,0.0291245944927022,0.026894638281,0.889848138,0.98263886,0.999861620005363,14812.1744538975,12694.0806373585
"p0[179]",0.710192723311875,0.712478245,0.0630527768909161,0.063329903931,0.602458128,0.8094649685,1.00035765630452,14182.1281623489,11604.5830198936
"p0[180]",0.524723475190625,0.52479576,0.0992666420497514,0.101444362341,0.36072406,0.6879597935,1.00013776347087,14418.6968106328,12048.1381548042
"p0[181]",0.858041707093125,0.861426005,0.0432933948196926,0.043214580171,0.780311404,0.922654418,1.00037221001681,12371.9922396976,11371.356064829
"p0[182]",0.522757630471875,0.522195265,0.0488629868090245,0.0485826374039999,0.442975035,0.6044965335,0.999937698587247,10728.3283365348,11064.3545189346
"p0[183]",0.9242677955075,0.92897141,0.0339287856767112,0.032514804231,0.862194408,0.97116536,0.99989841028237,14610.216722156,12281.093616055
"p0[184]",0.91670880626125,0.92290478,0.0391558639649407,0.037009194936,0.842661654,0.968609438,1.00019869744768,15779.5330940686,13543.1982226307
"p0[185]",0.360209098564375,0.357420675,0.0682185739905945,0.0690036213930001,0.253073623,0.4772630955,1.00016049162513,17430.5598938921,14000.2525000232
"p0[186]",0.72724554103125,0.72988089,0.0628670655931635,0.063647899392,0.6204620655,0.8260634895,0.999981310463939,16978.1702273611,12132.2603420452
"p0[187]",0.932500513573125,0.94222666,0.0449566103952894,0.039160277037,0.8446701415,0.9857626805,1.00028556418233,14038.7910263645,11439.531869184
"p0[188]",0.8586517656975,0.87037137,0.0710680952579006,0.066045500808,0.723999777,0.952420887,1.00014583378912,13637.6950497284,12577.2947142154
"p0[189]",0.784807061203125,0.786488135,0.0448575063651891,0.04522530453,0.707744073,0.8563247075,1.00032432173277,12308.5695539187,11415.9329594778
"p0[190]",0.76117887639125,0.762252365,0.0407274464988206,0.040991451123,0.6929683385,0.8261497165,0.999997555491855,13141.1953621935,11007.2980547324
"p0[191]",0.8505946231725,0.855476505,0.0490251692621125,0.048319364709,0.7634121215,0.922040406,0.999922284302984,18496.075662618,14025.6249943866
"p0[192]",0.278237667621875,0.2767498,0.0486310746559883,0.048722216781,0.200508133,0.3614684985,1.00019932627983,13424.0056512613,13260.1184144588
"p0[193]",0.6500894450675,0.650346055,0.0399671373996602,0.04036326609,0.5843158095,0.715787258,1.00002939939577,12066.7136185587,10588.388846616
"p0[194]",0.815394762174375,0.822404815,0.0645359052762633,0.063039284679,0.6989818805,0.909727779,0.999946037256769,14215.9026788208,11658.3189048265
"p0[195]",0.255881379490688,0.25189977,0.0603906767369749,0.060720090564,0.1621858495,0.3600231015,1.00003159280911,17888.1882725907,14005.4326725036
"p0[196]",0.88250064872625,0.887318345,0.0447944524354471,0.0449405860260001,0.801778849,0.946842419,1.00007324952256,17296.8936905892,13994.4914887362
"p0[197]",0.729044749049375,0.729231265,0.045479645253829,0.045218395614,0.65365116,0.8035559195,0.999996526023718,12164.4662088418,10941.6444188686
"p0[198]",0.447397908063125,0.44705791,0.0467829240594698,0.046652195835,0.370927257,0.5252878905,1.00061258999317,14164.0518175899,12033.594921175
"p0[199]",0.69323014096375,0.69704303,0.0758816359551941,0.0761113466399999,0.562960014,0.811508416,1.00005424523309,15261.8807504366,12792.7541789588
"p0[200]",0.472012422520625,0.471198335,0.0771106916615226,0.077583427593,0.3448389575,0.599694905,1.00009595625915,18929.4915464817,12809.1566346534
"p0[201]",0.263817875388688,0.26076246,0.0554023876038838,0.055875450435,0.177725644,0.3596819285,1.00003642682905,16929.0633486885,13859.9582335294
"p0[202]",0.147767521822869,0.132891045,0.0825898262051862,0.0772009827687,0.04151561815,0.304129406,1.00001096342319,16072.0898511686,13976.0617650503
"p0[203]",0.937545246419375,0.942466525,0.0310410279282549,0.0290861508839999,0.8798363005,0.9789365,0.999867960847514,14759.876526833,12246.5413180797
"p0[204]",0.6726789529,0.67313169,0.0432989156347987,0.04355908452,0.600113009,0.743537985,1.00004460705528,12647.5917671814,10140.1103434705
"p0[205]",0.651426807583125,0.65269095,0.0563337278408723,0.056604897048,0.5563935035,0.7421241305,1.00021389889602,14104.8347533804,11521.6195400293
"p0[206]",0.77007430488,0.77434058,0.0648709242572519,0.064826899977,0.655711449,0.8688732625,0.999957209002354,14893.7544191939,12133.3743415339
"p0[207]",0.684604877841875,0.68562214,0.0585330635814678,0.057834083643,0.5862990055,0.7797068745,1.00013870125032,13695.3786154468,11308.8550981266
"p0[208]",0.685931793468125,0.68790169,0.0634744086586666,0.064281696066,0.5792829645,0.78708489,0.999997373507354,18355.0288409719,12347.3653980514
"p0[209]",0.910533549676875,0.91500719,0.0363016195625589,0.035485052484,0.843779365,0.961568424,1.00019248198341,12733.5878688013,12064.8576579172
"p0[210]",0.473729238093125,0.47252298,0.0648683482855549,0.06544033314,0.368538769,0.5819342145,1.00012425315007,15620.7193282156,12279.1485438735
"p0[211]",0.413180331488125,0.41239927,0.0601885897140824,0.059848573806,0.3152748255,0.513292338,1.00008186298896,18646.8364653736,12669.7500866783
"p0[212]",0.286318560708,0.283353725,0.0579978808592405,0.058049801943,0.1949124155,0.3857401185,1.00004294245665,17637.5201663517,14130.0241455644
"p0[213]",0.910704274856875,0.920550265,0.0515180930635403,0.046364393523,0.810797933,0.975646196,1.0002273954976,11895.3458117907,10421.8884941896
"p0[214]",0.69556699665125,0.69782724,0.06063404555386,0.061168354674,0.5912050125,0.791911246,1.00028822131544,12742.9601495255,10238.5372187821
"p0[215]",0.246529279191188,0.240998895,0.0702154817058115,0.070341616002,0.140745841,0.3700028195,0.999969362773389,14526.6865860972,11731.715069853
"p0[216]",0.634158221314375,0.634762235,0.0550408129918889,0.0552827069549999,0.542295701,0.7230807075,1.00015938555542,13905.3528083495,11148.9047748251
"p0[217]",0.761136067244375,0.7637673,0.0598347134072361,0.060318958308,0.657960204,0.853976852,1.00009944899498,18229.6147537275,13667.0462433439
"p0[218]",0.887479671254375,0.8930744,0.0466229837399429,0.045320702427,0.8018406205,0.953353713,1.00003205475214,12947.3630416676,11084.2608792176
"p0[219]",0.303510712379375,0.298757195,0.0752648925563556,0.076072591476,0.1875187795,0.433684697,1.00019454409602,15104.8598933359,12511.9272848418
"p0[220]",0.529465240176875,0.529602985,0.0735377300263472,0.073875482058,0.4073642175,0.651049598,0.999978835049628,20062.7626258827,12570.8459050079
"p0[221]",0.8540308615175,0.858289685,0.0474704099114915,0.0469159874400001,0.7683970715,0.923793757,1.00001113283025,14213.1006838079,12740.6943738569
"p0[222]",0.161190212915438,0.152955165,0.0653402623925807,0.064748337003,0.0691322236,0.2814482335,1.0001854517954,16648.2663656102,14333.3138660539
"p0[223]",0.51958464671875,0.51937333,0.0531320410895908,0.0526811590829999,0.432019928,0.607140504,1.00053750441707,14300.3231839367,10169.8907443848
"p0[224]",0.641229322181875,0.64307632,0.0804838373279561,0.081625514103,0.505520691,0.769204922,1.00017747345049,13166.2940943076,10233.8816294787
"p0[225]",0.88942622689875,0.89324152,0.038158834801069,0.0376645634400002,0.8214163245,0.9446364275,0.999963506101093,14117.2386463702,12239.3492624594
"p0[226]",0.5593550439225,0.560334355,0.0684857287362818,0.068511272172,0.445064126,0.670786308,1.00002642138921,21050.1946847239,12141.9294986769
"p0[227]",0.45934710831375,0.45746807,0.0885807784638349,0.090383573301,0.3159973295,0.6085470655,1.0002049766767,14784.183379783,11766.9966196262
"p0[228]",0.4188898376975,0.41775517,0.0680816354623908,0.069039322401,0.308139982,0.533564072,1.00012822491942,14376.2563547204,12333.8425972315
"p0[229]",0.474791671546875,0.47427769,0.043640963725202,0.043425635694,0.4041389845,0.5477459315,1.00006885828689,11135.2288565405,11222.942856005
"p0[230]",0.833533306214375,0.840048385,0.0608292670439185,0.059412659754,0.723711749,0.920873607,0.999962759071183,14657.5522017725,11606.5160684842
"p0[231]",0.833905244235,0.839271665,0.058295826195917,0.058582967142,0.7307014315,0.9198923515,0.999963125854855,16674.1431424603,12844.1138532227
"p0[232]",0.6588449826175,0.65965625,0.052155925782241,0.0520886602319999,0.570525546,0.743849311,0.99993134964358,11614.86498819,10699.3831397692
"p05[1]",0.3962517761325,0.395862145,0.0394525010274756,0.039333904323,0.331936821,0.461829843,0.999979354421749,15130.6978199296,13960.9814699952
"p05[2]",0.093018478234,0.0895836285,0.034610542654213,0.0340819665459,0.0421520329,0.1550111065,0.999889597935048,14341.175463793,12309.4651536398
"p05[3]",0.4262402137875,0.426350315,0.0430056439707068,0.043024140201,0.3558236585,0.496608295,0.999888072199657,14499.8637648567,13840.7304785585
"p05[4]",0.44229765792,0.442642725,0.0446407070630737,0.043879533684,0.368670069,0.5148481675,0.99993979161275,15236.1513737111,13645.4748540885
"p05[5]",0.0989609330640625,0.095391534,0.0351565666382306,0.0349084159704,0.0477056688,0.1627357855,1.000016343214,15118.6348572754,13156.4486337862
"p05[6]",0.44200695585625,0.4420119,0.0448291207396145,0.044559357675,0.367991683,0.515091577,0.999875577735296,15030.6920791639,13318.9313630323
"p05[7]",0.44769908175375,0.44741655,0.0422329167019075,0.042384005412,0.3781777945,0.5179730715,0.999933720693883,16528.5462394095,12933.9530767993
"p05[8]",0.41312991090625,0.413119595,0.0454137529907408,0.04566934323,0.337934237,0.487766044,1.00007089436581,16561.4095624618,13212.6857764351
"p05[9]",0.176159445334438,0.16981022,0.0689058740242839,0.070462722183,0.07483749235,0.300129967,1.00010608585114,15518.0353220584,13428.7329107569
"p05[10]",0.357238912933125,0.358048955,0.0539207333886808,0.054017819352,0.2666481615,0.443884707,1.00009466560092,16809.3969417723,13086.3938359824
"p05[11]",0.130310766330937,0.12487211,0.0550535859188998,0.055067559456,0.05053119905,0.229362416,1.00040425934378,13404.1192331787,11693.4083507056
"p05[12]",0.263592233185,0.26294524,0.0404496425907359,0.040256466999,0.197991811,0.3312430205,1.00013543635009,13392.0005073254,10237.8515992192
"p05[13]",0.36143427006125,0.361130245,0.040885503857375,0.040502356209,0.2948119635,0.4289876635,1.00009271454608,13990.1917161891,13200.6922873083
"p05[14]",0.450286944115,0.450036945,0.0422493363850654,0.042354153261,0.3806002725,0.5203622085,0.999949179940649,16210.5586174488,12812.1977102562
"p05[15]",0.0434135497417806,0.036385338,0.03014120601105,0.0258385993509,0.00832458306,0.102193096,1.00018742435343,13508.3127450817,11200.2310408293
"p05[16]",0.394537240845625,0.394889795,0.0440620104854174,0.043699887042,0.321443826,0.4669333705,1.00044603850656,15678.9094215213,13522.5580079305
"p05[17]",0.3441220775575,0.34387929,0.0442794098747794,0.044093302365,0.272318414,0.417454832,0.999882129331915,13305.9831389073,12863.7222755968
"p05[18]",0.39499351724375,0.398660295,0.0593198833849793,0.058871510754,0.291052312,0.4865530155,1.00011374039104,15688.5532972892,14334.9617651419
"p05[19]",0.446906866939375,0.446789935,0.0434549876255151,0.043799443632,0.3749965775,0.5183019795,0.999971530853415,15621.9988621612,13186.4956490747
"p05[20]",0.3317848153275,0.331793935,0.039939760447854,0.039710010291,0.2665046895,0.3979694945,1.00008478606306,14387.7683364115,11710.7699041682
"p05[21]",0.0410227116048631,0.0325915405,0.0320414729845246,0.0262966693773,0.00607697942,0.1033552775,0.999923888239831,15217.6521619605,12896.1604801561
"p05[22]",0.451061110436875,0.4508861,0.0417620988301488,0.042202846518,0.3823609425,0.520202472,0.999979050673025,16013.7794625839,12982.8539438243
"p05[23]",0.219828865270437,0.218857295,0.0436852560861585,0.044606860179,0.150041606,0.2940557025,1.00014939686905,17324.7991051597,12079.2764893401
"p05[24]",0.36650891547625,0.366473625,0.0472144473212014,0.0470400662340001,0.2889299055,0.4441597465,0.999866372798671,12940.084094187,12428.2740291294
"p05[25]",0.431777242861875,0.431624855,0.0427811806642437,0.0426240161130001,0.3611357915,0.5024932015,0.999938008004569,17405.4521950594,13334.4310113591
"p05[26]",0.0607843998201,0.0555057425,0.0315805255535704,0.0296029985874,0.01917485845,0.1200168865,0.99990371568398,14795.5920495759,12730.3621674772
"p05[27]",0.291925313429375,0.291564015,0.0561624780683264,0.0565497962190001,0.1995349475,0.385373333,1.00008462393876,16070.2715340289,12750.7932169124
"p05[28]",0.441530910905625,0.44157667,0.0441864352057978,0.04428177789,0.36879517,0.513480212,1.00012367092803,16447.1944914129,13945.170599386
"p05[29]",0.44523818547,0.445072735,0.0434210433322723,0.043640167914,0.374145184,0.516589551,1.000184461222,16148.173403949,13600.2592162765
"p05[30]",0.417744916585625,0.419041355,0.0507601821074221,0.050399645247,0.331723077,0.4990014785,1.00009910403055,15087.6509630934,13679.6571136275
"p05[31]",0.0552995771487731,0.0471941335,0.0371298375854784,0.0326727856392,0.0111261941,0.127812175,1.00037507269833,14060.0216810435,11017.6899727027
"p05[32]",0.360414238515,0.36018292,0.0441182789769769,0.044200168173,0.2877560655,0.433528454,0.999994350179715,18327.9322872269,13523.4400221548
"p05[33]",0.31651774718,0.31613579,0.0339326592754646,0.033919360167,0.2616038925,0.37316748,1.00024876411265,13377.4093856002,11581.313141604
"p05[34]",0.367726204710625,0.36820719,0.0515516666342904,0.050990876475,0.281147358,0.450954037,1.00014904764582,15121.6694969816,13190.6208448217
"p05[35]",0.33871269764375,0.34015662,0.0642413463355898,0.065453809974,0.2308420355,0.441787643,1.00016013180385,16039.5487357167,14130.0927629186
"p05[36]",0.385796087146875,0.38650018,0.051260605889183,0.0511113525509999,0.3003884475,0.4686026855,1.00007063676352,14036.0538293751,12274.0829331768
"p05[37]",0.36347360034,0.363153115,0.0408522830062666,0.040818009162,0.2962626785,0.430174579,0.999976918661592,13119.2234425684,13276.7469761335
"p05[38]",0.140837774151125,0.139232455,0.0332881361110484,0.033514039566,0.0896324319,0.197560207,0.999938572336093,14446.4075591332,12124.4326042587
"p05[39]",0.228610225450062,0.22366608,0.0884421498374525,0.093657680424,0.09185423595,0.38266333,1.00005812557179,14362.4646949566,12118.1207926715
"p05[40]",0.157997561712625,0.15667006,0.0341733690683839,0.034638117234,0.1046000995,0.216324853,1.00000242661265,14532.1443938945,12154.2754809839
"p05[41]",0.06933420024695,0.0620242995,0.0401362782389132,0.0372679627509,0.0180105145,0.146487458,1.00036323178695,13930.9601838152,11139.2080254194
"p05[42]",0.0387262145558356,0.0316454805,0.0285601343774737,0.0237841153116,0.006603680435,0.09497561135,1.00015353514577,13214.9610355257,11172.3851295321
"p05[43]",0.362241371081875,0.365891025,0.0678685599892094,0.068057092488,0.2425942135,0.467263983,1.00013254918349,14607.8943738855,13834.5005267877
"p05[44]",0.0460894136834856,0.039503579,0.030167932077325,0.0266565816468,0.01023943705,0.104495824,0.999863623274371,17734.0187445091,14204.4089358059
"p05[45]",0.414213175563125,0.413633595,0.0401882394796668,0.040158645051,0.3493090375,0.4814065665,0.999988686579589,15567.4461227781,13866.1542426898
"p05[46]",0.1325769342945,0.13081507,0.0328918282993633,0.033232219545,0.08212391455,0.1889122755,1.00000585761851,14699.4034255629,12354.0165269267
"p05[47]",0.288676824871875,0.288280015,0.0439372480736253,0.043636276089,0.2164503635,0.3614388865,1.00010790596124,14603.8464900903,12132.3825380972
"p05[48]",0.305913390573813,0.306423635,0.0580613052634604,0.058555931931,0.2092444565,0.400955406,1.00012557187284,15686.6176979626,12171.2798402179
"p05[49]",0.42598030052625,0.425456375,0.0408358541928033,0.04079581464,0.3594022675,0.493332869,1.00002817486082,16126.0474951459,14126.6805250825
"p05[50]",0.243818722271062,0.242840125,0.0463442274283728,0.046538406285,0.16952331,0.321289671,1.00002489621146,14464.7687801569,12299.7416716425
"p05[51]",0.050970970539975,0.045775183,0.0284994912734001,0.0261123110325,0.01456140875,0.104807415,0.999869650042564,14976.6987787479,12814.3728615097
"p05[52]",0.3159098296975,0.315353775,0.0440534828210362,0.043675809618,0.2442737925,0.388303359,1.0000384983262,13500.7512729404,12593.4247529988
"p05[53]",0.0691031982809688,0.06138059,0.0411399230078368,0.0379305633777,0.0171114247,0.14819114,1.00034865932473,13959.4152724876,11482.1056436515
"p05[54]",0.44115997424875,0.441396295,0.0447582772148859,0.044521714461,0.367045786,0.513818836,1.00008663449816,15862.7383216804,13627.5086436896
"p05[55]",0.44188589520375,0.441395065,0.0413762515306447,0.041441316441,0.374286646,0.5104167615,0.999943625888488,16190.8381890231,13397.4712416382
"p05[56]",0.080659917158975,0.0773422575,0.0309261903053642,0.0304072245792,0.0358349056,0.1369155585,0.999962580526854,13826.4490523496,12214.9066943631
"p05[57]",0.451155356069375,0.450855575,0.0421772683935994,0.042502050024,0.381501845,0.520907245,0.999958073489171,16123.1556088573,12866.5041781056
"p05[58]",0.31095080828375,0.3116823,0.0483907365858284,0.04778115867,0.231044129,0.390298099,1.00005697315736,13476.6529077663,12921.6647608228
"p05[59]",0.304393411178125,0.304250175,0.0496134276977565,0.049245774732,0.222577673,0.3876009,1.00030213120803,14437.2056040941,10679.575188406
"p05[60]",0.236777033834187,0.234643655,0.0601150575059105,0.060658844358,0.1410223565,0.3389548605,1.00004124295544,15904.5230587139,13073.9284682219
"p05[61]",0.359921065473125,0.36015627,0.0486842487534121,0.049181963628,0.279408259,0.440333725,0.999936566131663,19900.0979605573,12973.8693787056
"p05[62]",0.1282118346765,0.1232358,0.05063434143117,0.0504424249287,0.05351560105,0.219103315,1.00041063387905,13500.9163913695,11404.2333411258
"p05[63]",0.3650796274825,0.364488465,0.0435594864562536,0.043902128508,0.293258346,0.4372479845,0.999917563353465,18836.634337057,12342.15821039
"p05[64]",0.365851792663125,0.366316475,0.0491715249570262,0.0493625739599999,0.2842726415,0.4455320435,1.00004115621481,16449.6562125516,13280.1544590176
"p05[65]",0.14829430693275,0.144242615,0.0477572203053497,0.047889544143,0.07684213685,0.233415608,1.00011839747541,12775.4370732964,10073.9813816396
"p05[66]",0.450229018324375,0.44971261,0.0422818546345349,0.0424850594279999,0.3805041015,0.5199557805,1.00000593985652,15967.1798908901,12465.1220242643
"p05[67]",0.21630091512975,0.214733345,0.04402541602003,0.044771169324,0.146686247,0.290864698,1.00020222918194,17615.0969560869,12297.5496075527
"p05[68]",0.0485765874423969,0.0418452265,0.0317875810905545,0.02806028064,0.01052103895,0.1104317875,1.00009605339717,12785.8800347742,11209.5370629836
"p05[69]",0.386029366495,0.387573845,0.0543492788731567,0.053982259191,0.2942711825,0.473459461,1.00020918055244,16247.9430412636,14330.2045186297
"p05[70]",0.243944653473875,0.24207347,0.0589300180892849,0.059659861065,0.1492860845,0.3429284765,0.999979324065104,15908.1967609339,13128.6227726606
"p05[71]",0.426307300996875,0.426527585,0.0465087765113395,0.046298432649,0.3491690175,0.501804472,1.00012272799957,16561.6317140254,14068.5983309146
"p05[72]",0.450686539623125,0.45031486,0.042265632361193,0.0426246091529999,0.381013285,0.5204494355,0.999971436031329,16004.1472430437,12677.4471617848
"p05[73]",0.222148804305,0.221529405,0.034283285866949,0.034671764841,0.1671519275,0.279454193,1.00004078873716,13623.126271667,11108.6048449532
"p05[74]",0.447375532381875,0.44692953,0.0429594499165905,0.043055423061,0.376679919,0.5181559635,0.999993276503162,16000.6365236921,13051.3414043229
"p05[75]",0.299342745724375,0.299023075,0.0546392660858576,0.055178124351,0.209397292,0.3901221655,1.00004076769701,16131.8154272056,13017.5016297602
"p05[76]",0.251726449580563,0.25072866,0.0500861747973425,0.050191777314,0.170766388,0.3354786295,1.00034402852678,14523.6751214573,11282.2529010218
"p05[77]",0.296608050275,0.29617524,0.0428137566577303,0.042795790149,0.227531097,0.368416022,1.0000737317026,19075.9810255235,12450.1373818593
"p05[78]",0.236561697963625,0.23498614,0.0513567439499609,0.052162189779,0.1549195415,0.3236780295,1.00022444999043,12895.1142890601,9841.53304566767
"p05[79]",0.44212548610625,0.442420075,0.0442656844318276,0.043973382264,0.368654851,0.5144238175,0.999906362968794,15441.5000873306,13260.2628719202
"p05[80]",0.42291626055875,0.42246706,0.0416423149125168,0.041609235717,0.354829494,0.492087995,1.00016168320149,16186.0666274147,13809.0236154379
"p05[81]",0.4448259643975,0.444453575,0.043046478178969,0.043438808595,0.3741810905,0.515699,1.0000952440583,16324.1655267641,13134.0487544292
"p05[82]",0.251746745154875,0.250662355,0.0466881215242109,0.046801708632,0.176023608,0.3300521095,1.00011855839298,14577.8323001324,12201.575846265
"p05[83]",0.298579234651875,0.29816024,0.0468046460452033,0.046375965216,0.221440791,0.3766020425,1.00025693182378,14567.2196850196,11080.7625233679
"p05[84]",0.4347123023675,0.43437666,0.0426648811077113,0.042454199109,0.364597786,0.5055437865,1.00011741675418,16305.6317455316,13472.6598913206
"p05[85]",0.443922054348125,0.443598065,0.0426016459529547,0.042651095802,0.3742616045,0.514772548,0.999926014736752,16490.8127928728,13307.5234102434
"p05[86]",0.42671112552375,0.426389205,0.0421678147801529,0.042027321504,0.357545573,0.496947349,1.00003032769878,15908.4955546069,13834.5469151994
"p05[87]",0.0424216624029813,0.037938547,0.0239045108460997,0.02180103996,0.0119644245,0.0877916119,0.999907506574326,14845.2207266944,12722.1300425286
"p05[88]",0.38125839551375,0.38348159,0.0561024687794912,0.0557851156170001,0.2860305185,0.47085709,1.00010011560884,16979.0434086272,14582.9934539472
"p05[89]",0.290739931671875,0.29021131,0.0405948973368834,0.040604270133,0.2240272275,0.358265102,1.00010708646973,13765.8339772095,10842.1757869432
"p05[90]",0.0763047160462187,0.071596774,0.0346887626031554,0.0335729254728,0.0281925719,0.1401894625,0.999906559287632,14547.3649226432,12667.7761535744
"p05[91]",0.39441720516125,0.398875775,0.0611744129011066,0.059365149837,0.2851409295,0.488183136,1.00011153582825,14613.0970747918,13995.6869094931
"p05[92]",0.402156132304375,0.401812415,0.0397140529001711,0.039872799771,0.3374064205,0.467748431,1.00005780441223,15680.1077980341,14194.3095749151
"p05[93]",0.322265896415,0.32265022,0.0540537793830295,0.054049309776,0.2322976785,0.4111929875,1.00008301411828,17939.8137799373,12741.7272258976
"p05[94]",0.183088828020812,0.179224415,0.0582440013740845,0.058688454132,0.09418224355,0.285664039,0.999966940644525,16893.6535155573,12806.9098912185
"p05[95]",0.210297086089312,0.20914269,0.0391538698154248,0.039178216497,0.147186354,0.2767694115,1.00016551417361,12813.6578134064,10618.6816893746
"p05[96]",0.318297908460625,0.31857181,0.051147348649594,0.05102597703,0.2334327165,0.4029782745,1.00016946379753,13749.0469086146,11441.1531254373
"p05[97]",0.127622177254937,0.123172585,0.0475551738271349,0.0480973357221,0.0572526498,0.2124579695,0.999925994546254,14838.0794961484,11784.8041396618
"p05[98]",0.204989150197687,0.20210777,0.052409507814648,0.052920762069,0.122850123,0.29554702,1.00002665076701,13896.1528225245,12000.6193694346
"p05[99]",0.246046535312312,0.24490994,0.0493129999605858,0.049944479634,0.1671986165,0.328751246,1.00017783945065,13052.8457927453,10011.0517935748
"p05[100]",0.2841623789075,0.28374299,0.0434233201887961,0.043381380084,0.213928076,0.35642317,1.00005230704567,14367.1046317748,12189.5925816965
"p05[101]",0.15845423023075,0.154226265,0.054555202866888,0.054784775745,0.0769654599,0.255571057,0.999955821035752,17284.9745494276,13249.1232983566
"p05[102]",0.42075935474375,0.42047499,0.0429724113315636,0.043225232652,0.349763261,0.491759822,1.00000056151405,17629.1650577789,12661.3097634016
"p05[103]",0.235500981976375,0.23428126,0.0468910364604993,0.046691403192,0.159732502,0.3140182855,1.00018238375638,14160.2369043942,11272.5818555154
"p05[104]",0.0587804457056263,0.0503158375,0.0382155033726549,0.0343582846383,0.0126325757,0.131578754,0.999933095753826,15656.0963173591,13048.072876908
"p05[105]",0.0409482267149856,0.033855944,0.0296104140041093,0.0250043588634,0.00728758084,0.09908477205,1.00021485587287,13670.5163635835,10712.039372096
"p05[106]",0.388725473851875,0.388548005,0.0414163722104133,0.041202921774,0.320956888,0.4565670525,0.999947546392539,13746.0773865341,13949.1877542706
"p05[107]",0.45091647869625,0.45058912,0.0420037329833358,0.0424390246980001,0.381839687,0.5202955795,0.999959656553499,15929.3501367471,13219.3484288714
"p05[108]",0.125632004337,0.12333829,0.0361386110017937,0.036256560459,0.07030039675,0.189351465,1.00030479187374,12668.253750644,11374.7622135395
"p05[109]",0.446809593873125,0.44659647,0.0422472379030104,0.042298859694,0.3773520845,0.516428361,0.999912645135399,15656.8169116934,13601.7396340599
"p05[110]",0.262012280775,0.26153591,0.0452980931107927,0.044867249217,0.1880442855,0.336884711,1.00011769679139,14372.7994952832,11973.062972744
"p05[111]",0.412098463735,0.41433172,0.0516940390112975,0.050184282771,0.323736046,0.493840269,1.00003074462627,16513.5890679884,13784.8485968096
"p05[112]",0.449883907750625,0.449380715,0.0424560147568677,0.042595817061,0.379957461,0.5199901505,0.999969257578455,15939.3421866952,12729.7765047644
"p05[113]",0.317477758446875,0.321827005,0.0827853421456981,0.088160614752,0.17570352,0.4463478775,1.0002983644565,15677.1101908933,14392.3242535179
"p05[114]",0.28517794861875,0.28460175,0.0407296971292027,0.040491629598,0.2190516835,0.3531539655,1.00014106642304,13553.0738814275,10191.7681340126
"p05[115]",0.0847439185398125,0.081203701,0.0309533658722893,0.0304379247774,0.040337435,0.1405444385,1.00002343387578,15823.9373523827,12537.2447342202
"p05[116]",0.4448303417475,0.44476208,0.0434412456116427,0.043481299911,0.3735143905,0.5161630145,1.00014478253722,16307.6044975889,13571.1744835455
"p05[117]",0.165678993459812,0.162398285,0.051383388953992,0.052038496461,0.08691768295,0.256790809,1.00002355579853,14649.9760826797,11495.334329239
"p05[118]",0.334604094366875,0.334338985,0.0403309294052132,0.0401758876890001,0.2685911685,0.40142923,1.00008348157145,14416.7963338802,12682.577732863
"p05[119]",0.2508285405945,0.249740625,0.0487072687907032,0.049136566416,0.1721148635,0.332803436,1.00026570783663,14518.1395936525,11640.6529465083
"p05[120]",0.4135549918275,0.41306096,0.0400628201020088,0.04016622855,0.349034054,0.480478673,0.999957217047662,15330.9993138227,13708.5090983415
"p05[121]",0.211038205073375,0.20952972,0.045076137471832,0.045142026888,0.138509355,0.2875794005,1.00011689481562,13630.7931535418,11593.0198139109
"p05[122]",0.303720749416875,0.30319208,0.0525439116772748,0.053302553808,0.217429656,0.390588805,0.99998652051698,18840.7359964119,12736.9373349442
"p05[123]",0.3237324444275,0.323492975,0.0399837031353266,0.0397381278,0.258159099,0.3899858855,1.00009379073281,14275.1442866266,11391.4841324112
"p05[124]",0.440712785914375,0.440336305,0.0445574311091941,0.044498400576,0.3668392285,0.5135991635,1.00005960665375,15343.7411467438,13499.8449684327
"p05[125]",0.397847497791875,0.398981815,0.0490633921127262,0.048553771182,0.3156404055,0.4760632785,0.999992420492233,16438.9978303665,13823.1669545644
"p05[126]",0.290364734280625,0.290823245,0.0463127895722354,0.04594999941,0.2145164865,0.367362229,1.0000912475534,13875.2197368067,11855.5961554792
"p05[127]",0.308278968085,0.307876205,0.0487803481779922,0.049079234274,0.2287103455,0.389929056,0.999980901077124,20370.4080179733,12677.6336671314
"p05[128]",0.23605036752825,0.235079765,0.0391496646583405,0.039076013466,0.1730612775,0.302345217,1.00010886673221,13329.441696615,10462.1632423875
"p05[129]",0.441620455415,0.44142199,0.0434391380415247,0.0434625376079999,0.3697907375,0.513774219,0.99998050616723,16673.0522502615,13494.7143534231
"p05[130]",0.325240018239375,0.327357955,0.0747998528184828,0.0781390912470001,0.1972770075,0.4437581475,0.999911913603603,13958.5248844512,12110.9513952479
"p05[131]",0.432511516868125,0.432138525,0.0427203409277644,0.042634364661,0.361945631,0.503131782,0.999952767986391,17356.0686891703,13107.2053317082
"p05[132]",0.0374110061958244,0.029015138,0.0305765207301302,0.0243424921236,0.004971368935,0.0970922621,0.999916438050988,15117.5811577739,12952.572886684
"p05[133]",0.44132162858,0.4416917,0.0458798073016808,0.045505827276,0.364681733,0.515305691,0.999975026975747,15075.4817180805,13875.8011444874
"p05[134]",0.44952659134,0.449340385,0.0421775836735638,0.0426301837289999,0.3800884705,0.5195620715,0.99994054984283,16381.4305109045,12628.5751611829
"p05[135]",0.414998856343125,0.417581195,0.0530218655601829,0.051857018808,0.322937561,0.4973863505,1.00007094172576,16643.7360186803,14635.5054580991
"p05[136]",0.4371902614275,0.436984525,0.0432942127328183,0.042994421484,0.365401552,0.5088888625,1.00006391038469,16111.3490716826,13676.6137036119
"p05[137]",0.38472317423,0.3854836,0.0478403865046774,0.047073787971,0.3038916205,0.462797784,1.00050514674471,15311.4406009396,12741.108363779
"p05[138]",0.346959734285625,0.346883445,0.0350789687291596,0.034945608474,0.29027417,0.4055800215,1.00007345153009,13805.673359072,12190.7842991194
"p05[139]",0.416644036933125,0.419581535,0.0526473669369712,0.052067599899,0.325825338,0.498701371,1.00010070627692,16430.2624322342,14441.9445103403
"p05[140]",0.122698064898,0.120430455,0.0343383599629783,0.0346187863539,0.07054621295,0.183352784,1.00004864685223,15123.5217969479,12330.7627761361
"p05[141]",0.43259190543,0.433892985,0.0477189879994453,0.046416981345,0.3524475955,0.508124555,1.00001353828208,15119.0451758397,14157.4702470669
"p05[142]",0.4491372806225,0.44899585,0.0422312413176637,0.042508491921,0.380157889,0.5189436615,0.999946001442452,15932.9894831186,13103.0821632617
"p05[143]",0.435415017249375,0.4370069,0.0493215445960933,0.047410627278,0.351790201,0.513045084,1.00001348967068,15241.9675882228,14234.7460372261
"p05[144]",0.222268290824375,0.21934499,0.0629744652789123,0.0640164441,0.1230501635,0.3301679485,1.00049699034906,13507.0464493228,11313.3901457613
"p05[145]",0.31269134526125,0.31252652,0.0421038030171494,0.041678643636,0.243915187,0.3834030105,1.00014424747254,13851.8719697444,11131.8847969426
"p05[146]",0.45192531374375,0.45165513,0.0419360966897881,0.042478847334,0.3832983205,0.520919817,0.999969542433732,16046.8790571432,12820.5298014016
"p05[147]",0.4418587484,0.441562725,0.0427170693444286,0.0427421941590001,0.372057727,0.5131284295,0.999920245495202,16549.9296124351,12871.6607573704
"p05[148]",0.287411256390625,0.287067995,0.045713354900361,0.045853430259,0.2123005445,0.3634979585,0.999989288432113,12116.579075026,12199.0564669545
"p05[149]",0.44762290692875,0.447353845,0.0420834370606598,0.042341669769,0.378150698,0.517568845,0.999940713614755,16731.0648940434,13063.9664628535
"p05[150]",0.391976512273125,0.39147378,0.0395236538766216,0.039439546986,0.328022967,0.4575300705,1.00002184613154,14922.1383828947,13768.9005594569
"p05[151]",0.2275677750495,0.227251735,0.0392932990819952,0.039073248417,0.1628640495,0.2924120775,1.00000089748873,12659.3017926218,11964.7420708159
"p05[152]",0.332217563174313,0.33360886,0.0601100026216103,0.060500584221,0.230649382,0.4293713675,1.00013482628207,14026.196865045,12090.1767313284
"p05[153]",0.331441988309375,0.33130808,0.0384247374851216,0.038292288867,0.268347083,0.394887903,0.999986401930717,13104.0999809239,12365.4260848848
"p05[154]",0.4262852468475,0.426722005,0.0470417017126669,0.047149148529,0.3481097965,0.5021643035,1.00012996018697,16392.6657388761,14277.6007003735
"p05[155]",0.43263812728,0.4322535,0.0432529071500427,0.043668589356,0.3614296215,0.5042906395,0.999889591394087,16437.9664809548,12794.7439991716
"p05[156]",0.264142976955938,0.262967965,0.0572586749255003,0.05815854324,0.1709406665,0.360187686,1.00017257512651,13019.8029787148,10977.5338765797
"p05[157]",0.127612377506687,0.12265147,0.0488318690657338,0.0482446186887,0.05746158415,0.2158627285,1.00003089156241,14981.231289714,11785.7997928576
"p05[158]",0.45059330205875,0.44998464,0.0423672538793461,0.042652800792,0.3813952855,0.5209148145,0.999975363950994,15980.8560492264,12963.8332370015
"p05[159]",0.372174836564375,0.37160455,0.0454099070914836,0.045702686904,0.29773178,0.4466711235,0.999901355655009,17896.8795307386,11895.8387604976
"p05[160]",0.284748395212063,0.2840921,0.0600536297370365,0.060817504797,0.1872127965,0.3839099675,0.999884679795881,12411.926394193,12129.0031743392
"p05[161]",0.3088927364975,0.3084428,0.0337687650067635,0.03380780193,0.2543877905,0.365468345,1.00024741028196,13358.6071154516,11218.4291109271
"p05[162]",0.156275919358313,0.15197817,0.0526990460458231,0.052985410842,0.07709598835,0.25078643,0.999954521460167,14024.6525729773,11261.8203707123
"p05[163]",0.447068817684375,0.44697408,0.0428615097950776,0.043101746898,0.3761741345,0.517806024,0.99992945407211,15583.1435572043,13781.7473234702
"p05[164]",0.4388831386825,0.438703785,0.0431102570658104,0.042826917336,0.3675325015,0.510015894,1.00006957764342,16908.5820505959,13392.779830375
"p05[165]",0.243812326265,0.243398905,0.0355117246194195,0.035569449489,0.1861157965,0.3026216805,1.0000375390091,12939.8490247236,11299.3567602563
"p05[166]",0.0397157271358363,0.032294543,0.0300418786234321,0.0248106942384,0.00643624358,0.0989556981999999,1.00036586024069,13975.1131754503,11143.1207077957
"p05[167]",0.449796135671875,0.449502575,0.041981397053361,0.042372359589,0.3807920275,0.5190239835,0.999944984335168,15796.4893094935,12922.3014515104
"p05[168]",0.336279006974375,0.336076605,0.0432516827863204,0.04289873448,0.265042033,0.4086089045,1.00016994125301,14925.0919830485,12298.0673693282
"p05[169]",0.40206286051625,0.402502835,0.0460764984454795,0.045433439331,0.3253192005,0.4773829905,1.00012936614935,15987.4455470787,13650.276671906
"p05[170]",0.403474298743125,0.4051162,0.0516278196953006,0.051351341013,0.316343823,0.4865226195,1.00008561991565,15499.5267349116,11801.1829094101
"p05[171]",0.413519402473125,0.415972615,0.0525145060559744,0.051915440661,0.3227388485,0.495292427,1.00007246300434,17054.9028969491,14781.9968914836
"p05[172]",0.392926773803125,0.39606853,0.0584299783884747,0.058252347342,0.291934862,0.483616066,1.00013883250149,16462.91650033,14457.7838954327
"p05[173]",0.355785686916875,0.3554112,0.0432991738897325,0.043385672211,0.284813594,0.427479302,0.999977871001358,18746.3283794631,13318.5252113178
"p05[174]",0.449779925795625,0.44927099,0.0423773060601275,0.0427537732650001,0.3800136025,0.519936641,1.00003373891974,16260.2328268139,13009.0862176841
"p05[175]",0.30865330153125,0.3082136,0.0418129820122676,0.041680726689,0.240517087,0.377864883,1.00006241495711,14292.5664669296,12388.8679316941
"p05[176]",0.306959569047063,0.307499775,0.0563047173594185,0.05641115088,0.2133596415,0.4003608795,1.00025827330103,14102.1207311334,10753.3688352981
"p05[177]",0.1431739756625,0.139509605,0.0427167632453458,0.042884990778,0.0790095896,0.2186925125,1.00035320049166,16122.5590306058,12901.3230778945
"p05[178]",0.0523686906506875,0.048083255,0.0266435610047319,0.0250089423213,0.01691070505,0.102272972,0.999856599540899,14807.8999982863,12382.9255370269
"p05[179]",0.248758122136937,0.247580275,0.0491506613164287,0.049334523168,0.169207819,0.3308199165,1.00030532135615,14468.5587981503,11162.8387620521
"p05[180]",0.366652658253125,0.36938991,0.0607961629007077,0.06096851502,0.2619373335,0.462201495,1.00019870225035,14883.1666981065,12095.5498144311
"p05[181]",0.129659547822,0.12733407,0.0374177830583548,0.037509898608,0.07265093075,0.1958286795,1.00043917464241,12561.8463322712,11269.141720878
"p05[182]",0.3731864534775,0.37304959,0.0396029244967234,0.039400213608,0.309186008,0.4397848885,0.999895925123414,12945.3255614292,12653.8285128374
"p05[183]",0.0709971125960813,0.067031707,0.0306081700090287,0.029686848513,0.0278934383,0.1271413825,0.999871783001744,14604.0525034004,12157.3055581698
"p05[184]",0.0777126800829938,0.0725544565,0.0349439479941198,0.0336292368447,0.03023101265,0.1432641565,1.00016476052706,15922.8609401634,13260.9699418159
"p05[185]",0.438083129393125,0.438080535,0.0433381144286437,0.042852840597,0.366423646,0.509487943,1.00009824345463,16884.3578195459,13624.5691326939
"p05[186]",0.235901305923563,0.234841975,0.04975756360738,0.050403247965,0.156158637,0.3201384685,0.999984373953776,17475.6924356926,11945.1665776347
"p05[187]",0.0631470437857062,0.0549461555,0.0403437307571766,0.0363042549597,0.01384699405,0.1415004875,1.00030073825252,14021.7893695118,11525.7304222708
"p05[188]",0.127848566286319,0.11954888,0.0596854589197031,0.0580463889978,0.04539869905,0.2391983345,1.00014230683258,13605.7803218348,12627.2214127405
"p05[189]",0.191154402509812,0.190273785,0.0374134671850349,0.03765648327,0.1307447755,0.2540903075,1.00024201479652,12793.5720591423,10824.0483524982
"p05[190]",0.210263538915,0.209736375,0.0338036078275323,0.034291670679,0.1564253115,0.266595019,1.0000516644112,13680.9203428239,11726.7860724735
"p05[191]",0.135891757072062,0.1325029,0.0419534868437515,0.041956230834,0.0734117364,0.209736444,0.999962706695137,18704.4795547404,13748.9420593956
"p05[192]",0.45217178262625,0.45185045,0.0419717780351618,0.042510256215,0.3833145405,0.521009049,0.999979082784499,16070.5093242995,12877.3740729608
"p05[193]",0.29349451834875,0.293054805,0.0335959183356513,0.033651847236,0.2391754615,0.349284673,1.0002675399685,13365.7458468246,10823.9869251006
"p05[194]",0.16498437055575,0.160601075,0.0530862865447616,0.052824192918,0.0845639157,0.2592800575,1.00002454876568,14192.5548230398,11651.4230352308
"p05[195]",0.448764788634375,0.44824662,0.0426765539035321,0.042768028464,0.3793383295,0.5192712855,1.00003244685134,16054.6720501297,13400.4125713413
"p05[196]",0.108237650395937,0.10475488,0.0393111162352063,0.0402423593187,0.05058600195,0.1778955775,1.00009692978391,17417.9105952941,13815.7406450539
"p05[197]",0.235296826828125,0.23509496,0.0373154145365233,0.037097061225,0.173663152,0.296935474,1.00001830047741,12685.5768930696,11572.6221164973
"p05[198]",0.410624300415625,0.41016165,0.0397990577875347,0.040003839372,0.3462818275,0.476508898,0.999986899033135,15674.003429033,14290.1244687926
"p05[199]",0.260475164175,0.25917605,0.0570296087696429,0.058147742499,0.1682706345,0.3558569275,1.00017635158574,15715.4045671305,12930.0309126505
"p05[200]",0.396354355620625,0.39710564,0.048947425821025,0.0495417684089999,0.3145013235,0.4755102635,0.999914265788236,17868.8429845828,12600.0389498711
"p05[201]",0.45057420106625,0.45000061,0.0422673062520173,0.042536053455,0.3810123465,0.520178738,0.999984113623809,15977.2789489492,12783.1114112208
"p05[202]",0.389381845531062,0.39812757,0.0741319235977076,0.071536910361,0.25219025,0.496772847,0.999995364189599,15939.9249530908,14789.3772911551
"p05[203]",0.0588745580066313,0.054670257,0.0282544073521112,0.0268612857114,0.0204387763,0.111426161,0.999850074910243,14755.4621810844,12445.4791658168
"p05[204]",0.2773196137475,0.27674043,0.0353693775871228,0.035453310018,0.220019484,0.3365887295,1.00005165908769,13527.1747084939,10675.8865689827
"p05[205]",0.291688406035,0.291390395,0.0430115538964886,0.043132080894,0.2214861795,0.363166767,1.000050808311,14512.4411895725,12283.4261791442
"p05[206]",0.202212867181125,0.19994518,0.0524929945568859,0.05281962651,0.11993836,0.293027112,0.999995778625255,15295.6040244253,11924.686099577
"p05[207]",0.26799298410875,0.26789395,0.0455525806338431,0.045257046996,0.193483234,0.3437485975,1.00011121889695,13840.3823369073,12231.8381216472
"p05[208]",0.266786786069375,0.266223445,0.0490122635126042,0.049272046404,0.1872459825,0.3494981445,0.999992733537811,18867.1666418443,11853.6737691451
"p05[209]",0.083404902615575,0.079852135,0.0324343440174891,0.032026539573,0.03693316865,0.1424107495,1.00016021686037,12797.1074507103,11710.5584556519
"p05[210]",0.3969978495325,0.39711952,0.0450424502600325,0.045272836686,0.32277173,0.471186838,1.00003177140092,16891.3845650648,12003.1512536583
"p05[211]",0.423066356448125,0.422895725,0.0429667275840614,0.043219161405,0.3521127215,0.494195747,0.999985640408557,17532.7601165945,12763.0879456946
"p05[212]",0.45035805756625,0.4499941,0.0421950207249381,0.0426244608930001,0.3809044485,0.5201495565,0.9999745218005,16036.5131441217,13050.4019975725
"p05[213]",0.0827700207531875,0.074806959,0.0455118125884392,0.0421295704956,0.0235896528,0.170139397,1.00022888923448,11932.9931433117,10475.9303879398
"p05[214]",0.259787266647625,0.258763015,0.0470932385143005,0.047458159434,0.1835931815,0.3379478805,1.00015602777883,13277.243323629,10126.1677327518
"p05[215]",0.444818528326875,0.44475951,0.0440525288206357,0.043997585709,0.3716730095,0.516925947,1.00007136497209,16120.4638338427,13489.877803115
"p05[216]",0.30368535567875,0.303180215,0.0420431508629593,0.0418603585049999,0.235361307,0.3736825715,1.0000605565288,14411.5820039534,12367.5888848122
"p05[217]",0.209633903949125,0.20797253,0.0485611894533088,0.049349060061,0.1328136055,0.2927683925,0.999960122996258,18377.7110059518,13282.7091766811
"p05[218]",0.10376082046025,0.0994621515,0.0409182846370078,0.0403206020511,0.0445310337,0.1781609635,1.00004672879409,12995.6515090021,10882.2831032709
"p05[219]",0.44579043282875,0.44572846,0.0434619579526459,0.043043228676,0.373869168,0.5175602805,0.999964926206859,15877.4236039515,13052.5282967169
"p05[220]",0.367339952604375,0.368160435,0.0496432625348765,0.049742149212,0.2843987985,0.447938285,0.999971765583632,19903.4657966656,13311.5834513395
"p05[221]",0.13297180534325,0.129852165,0.0407028395637875,0.040794020694,0.0718281784,0.205296933,0.999939190941789,14184.2174359671,12603.5757773272
"p05[222]",0.41149750814375,0.41499337,0.0547226231353508,0.054213441009,0.3160169805,0.49604095,1.00009553016799,16385.3906421492,14058.7859909265
"p05[223]",0.374533361220625,0.374480355,0.0408141632101885,0.040366342485,0.3078945505,0.442551073,1.00021374596954,15433.0435107919,13491.0897605161
"p05[224]",0.297083421984188,0.297058245,0.0579784017639215,0.05885736675,0.2017287895,0.391964543,1.00013758334297,13770.0251391697,11530.2452319902
"p05[225]",0.102230021144937,0.0993301105,0.0335111028960136,0.0336946639827,0.05272837725,0.161920827,0.999976300931708,14138.6705992805,12166.2182807875
"p05[226]",0.350692740955,0.351245575,0.0483963095553416,0.048733870017,0.2708441565,0.4311575245,0.999948994247052,20433.0472924318,12904.1558206168
"p05[227]",0.400408088919375,0.40233354,0.0521933581367896,0.051881229666,0.3120884415,0.483819159,1.00013877278326,15516.5391053434,11936.2259407603
"p05[228]",0.41987821590375,0.419796075,0.0445110349123367,0.044908487736,0.3466308165,0.493274506,0.999982735228516,15250.131498236,13436.8853310558
"p05[229]",0.398327716171875,0.39802142,0.0386347955903806,0.038538348576,0.3360103835,0.463008253,0.999973025234999,14129.6293063337,13894.6322869706
"p05[230]",0.149889251767125,0.145352355,0.0507183621457135,0.050505347214,0.07441085015,0.241035413,0.999967034630396,14650.0799877382,11557.1753446649
"p05[231]",0.149876455651125,0.14628671,0.0493886367456247,0.050322246114,0.075146336,0.235547987,0.999953235248484,16790.4140345562,12551.1595564101
"p05[232]",0.28682366927625,0.2863789,0.041069764205779,0.040908988911,0.2197209435,0.3549054805,0.999918180379553,12337.4316309754,11982.8237122145
"p1[1]",0.125308492571563,0.12285404,0.0301256941424905,0.029899245789,0.0801564187,0.178621115,1.00043718014952,14453.3855522876,13780.8485842865
"p1[2]",0.00720171675672062,0.0058187944,0.0053687621417591,0.00411664461075,0.001470619475,0.0176132375,1.00010401816511,14966.0562478728,13193.3729830389
"p1[3]",0.170235085579125,0.16689505,0.0445699249894658,0.043961128575,0.1032673805,0.249707052,1.00002790987978,13170.3631787989,13367.6082775652
"p1[4]",0.25370407947375,0.24652481,0.0829516068216606,0.083664407862,0.1315070595,0.4015190995,1.00007325486647,16022.4871834817,12822.8259425221
"p1[5]",0.00797821675232187,0.00644844855,0.00586130992635038,0.00444815419314,0.00174542106,0.01930327465,1.00000597169041,15775.8249367002,12655.9042373599
"p1[6]",0.26507007772875,0.25744083,0.0882448393116292,0.08777332998,0.134149683,0.423441734,0.999877460465409,15608.1073956277,13823.5855608333
"p1[7]",0.2322592972895,0.22898658,0.0512605483570628,0.051612589959,0.154034848,0.320707447,1.00022563086117,15153.7632409399,13338.5181435224
"p1[8]",0.150747727674438,0.1463776,0.0448055647638252,0.043749124188,0.08489901725,0.230970114,1.00019689635434,13516.4724272667,13586.0029470703
"p1[9]",0.02325643638946,0.017946375,0.0192956349693432,0.01368075628962,0.00391369216,0.0607517169,1.00019113672822,15539.7550985744,13938.8931736209
"p1[10]",0.0971381272872312,0.091520215,0.0396121568926561,0.0377238778182,0.0425946323,0.171245206,0.999977480440099,16858.4228591107,12809.5089750555
"p1[11]",0.0133233532013706,0.0101880725,0.0112735931555946,0.00800777701416,0.00206951092,0.03512924655,1.00050354351016,13994.7087370726,12226.9553499684
"p1[12]",0.0453653449665187,0.0430355235,0.0174826415671474,0.0165906401871,0.02129705305,0.07731247115,1.00000706281472,13675.6588464795,12290.9888962383
"p1[13]",0.0956211320895625,0.092651908,0.0278304443169776,0.0273565615848,0.0553226287,0.145543266,1.0002294639303,13776.3001859723,13249.0643729346
"p1[14]",0.260005417262,0.256872605,0.0565161230379278,0.056969268237,0.1735505855,0.3570511265,1.00022090298288,14703.1065006701,14208.3117620651
"p1[15]",0.00244825443604304,0.00139190895,0.00319563241917481,0.001472261296464,0.0001347937625,0.008277689525,0.99992097679741,13714.2999873067,12483.0147089815
"p1[16]",0.126276409187562,0.122642665,0.0372611052131384,0.0362441866794,0.07142884365,0.1933505165,1.00015081613313,14627.6672699683,12416.4507178437
"p1[17]",0.084637357964125,0.08090044,0.028275288850548,0.0271731543279,0.0446426787,0.136049215,1.00016749582751,13396.3004483399,13191.3946187293
"p1[18]",0.46558493815,0.4636318,0.105712380787379,0.109898829537,0.2950884715,0.642917375,1.00013087968525,15532.7946243567,13960.7486944696
"p1[19]",0.299902629656312,0.295450525,0.0733817443191561,0.073417647765,0.1859431735,0.42857042,0.999984562229016,16835.6825132389,13577.1081335758
"p1[20]",0.0762064245723125,0.073904503,0.023437926381453,0.0229001610222,0.04205710645,0.11812891,1.00001224716463,14681.8855903567,13269.1614666768
"p1[21]",0.00233913019639683,0.0011723756,0.00342678354368562,0.001334505146814,8.47143841e-05,0.00842717934499999,0.999929692211383,15026.8474877619,13726.4714521936
"p1[22]",0.24759513827,0.245133355,0.0474728832521622,0.047971072317,0.1735018465,0.3294629985,1.00005292487197,15795.8171514148,14005.3848586699
"p1[23]",0.031624500924025,0.0292470355,0.0144391433108981,0.0133198466751,0.0126693402,0.0588121377,0.999960074463183,15457.7501362884,13939.8155168739
"p1[24]",0.10148608537625,0.096839423,0.0344334235012132,0.0329124338445,0.053052398,0.164482147,1.0000994739963,12915.7235411213,13173.0992213962
"p1[25]",0.181166631358875,0.177515025,0.0459016708200998,0.045405818493,0.111418333,0.2623668305,1.00010796938985,16797.4927405533,14054.9442101067
"p1[26]",0.00383906894900613,0.0026929173,0.00381447784842991,0.00236790604995,0.0004447087885,0.01111724595,1.00001196371443,15249.1665116228,12821.1184344403
"p1[27]",0.0589429055656125,0.054132687,0.0280138785404634,0.0252180519318,0.02275246285,0.111596127,0.999986598648767,14736.9182219334,14019.3093096175
"p1[28]",0.34089142647375,0.336603375,0.0738865162327724,0.0743967642180001,0.226426194,0.4694869575,1.00001029168526,17814.1176818863,14892.4784456993
"p1[29]",0.321480127113,0.317484735,0.0708264894341904,0.0713465074559999,0.211368561,0.4445925545,1.00001192991912,18022.6819140116,14929.1625110078
"p1[30]",0.41772167745875,0.415385595,0.0878180044637358,0.089660842866,0.276780728,0.5675596585,1.00005046663702,12313.3015828312,12402.8804626941
"p1[31]",0.00356685356414868,0.00208221215,0.00454830669654297,0.002160032757351,0.000208923443,0.01181138675,1.00037724001408,14402.0375163726,12122.3851254367
"p1[32]",0.095581715635625,0.0923380055,0.0298675529273478,0.0294585570237,0.05237502035,0.1485421175,1.00000164499918,15445.2161283213,14011.138451112
"p1[33]",0.067121624936,0.0654904425,0.0187045350473364,0.0184474032078,0.039620774,0.100230364,0.999986087382573,13405.1299054497,12038.5977311193
"p1[34]",0.1048670324165,0.099018383,0.0408322269178848,0.0390515461182,0.04902012245,0.178811211,1.00052517473091,15108.6596599556,12984.3751739744
"p1[35]",0.574627710235,0.57704471,0.0969700984052947,0.100720460652,0.4130942765,0.7313882795,1.00027614857621,16034.382052738,13026.8868270967
"p1[36]",0.121760850912812,0.115566425,0.0458776336694994,0.0440678357448,0.0582140242,0.204646181,1.00001584222728,14062.9777169012,13493.1819917335
"p1[37]",0.0969538461214375,0.094378373,0.0274213626018035,0.0268509416112,0.056433955,0.146094176,1.00005412360532,13215.7798507704,13511.5224000147
"p1[38]",0.0139724600744081,0.0124856335,0.00756260447944985,0.00666178340751,0.00471221044,0.02819797885,0.999943084659533,14543.6899185758,12937.4489201212
"p1[39]",0.0405859280511581,0.030487638,0.0350969627251194,0.0250675309668,0.005841292185,0.1088250125,1.00029812750705,14507.4485980039,13045.0925692182
"p1[40]",0.0170319257764875,0.015467998,0.00859041333030385,0.0076950898542,0.006207937825,0.03322179605,0.999989046913137,14782.391923895,12158.530249966
"p1[41]",0.00490476713857987,0.00319659155,0.00542186279652939,0.00303064878396,0.0004180420895,0.01500334565,1.00040045155591,14324.5179850677,12168.3365525476
"p1[42]",0.00209184173293159,0.00111988555,0.00289406907525005,0.001220214099951,9.835856225e-05,0.00734764536999999,0.999889411557794,13442.6199541176,12743.3759600529
"p1[43]",0.530230261515,0.530972895,0.111138609510703,0.113485654065,0.347240502,0.714844678,1.0000776976721,13636.3556875424,13872.2612436022
"p1[44]",0.00263459271281607,0.0015730774,0.00323515592816101,0.001604597268078,0.000178829234,0.008591740255,1.0000289188573,17141.6925366246,14337.4271248442
"p1[45]",0.14707721080875,0.144907145,0.0333711995926079,0.033180224763,0.0964000347,0.205297029,1.00007037862922,14893.2713212208,14023.6396170807
"p1[46]",0.0126127626729375,0.0111905195,0.00706979941389257,0.00615392174271,0.004080494,0.02591333525,0.999978581131138,14845.5412708732,12617.5363606963
"p1[47]",0.0557209112270562,0.05262108,0.0217644842716784,0.0205590651987,0.0261833695,0.09544493905,1.00026502062262,14797.3220245163,13715.4096912299
"p1[48]",0.06609943187345,0.0608431365,0.0313247758040639,0.0290826260025,0.02498509645,0.1250827035,0.999981491916459,15359.0954891522,12669.9087814375
"p1[49]",0.165622965224875,0.163070425,0.0363873040242714,0.036376836384,0.1103787405,0.229279976,1.00057115269389,15529.1897293627,13588.470846825
"p1[50]",0.0393230986060312,0.0362445715,0.0183210715226731,0.0166389351408,0.0158072623,0.0731120954,1.00026235120436,14753.5179397828,13966.4398547041
"p1[51]",0.00295356267095975,0.0019786492,0.0031344829670105,0.001820251156521,0.0002939096715,0.00886171400999999,1.00000134526079,15366.3651699398,13044.4611029716
"p1[52]",0.06843262128285,0.065000287,0.0246329965110242,0.0237482193417,0.0344651499,0.113379644,1.00025626060117,13782.1238354637,13844.7491652344
"p1[53]",0.00492536410325856,0.00314889085,0.00560204966189525,0.00303893451645,0.00039055064,0.01520926825,1.00046866060802,14348.8883408063,12191.2259214294
"p1[54]",0.336589774763437,0.33245952,0.0794006082518601,0.079191047838,0.21355553,0.4765528805,1.00023648405719,13024.0447279928,13708.126111099
"p1[55]",0.20167323284975,0.198872175,0.0406683293652126,0.040706591772,0.139326718,0.271992347,1.00045952682386,15889.4350966762,14587.2394109807
"p1[56]",0.00571481646819437,0.0045691851,0.00437533558846182,0.00329044470783,0.00111583639,0.0141412772,0.99994417067819,14281.7822650365,13448.2318123872
"p1[57]",0.270755718221687,0.2678721,0.0554222023690579,0.056044563204,0.18538349,0.3654525675,1.00015002408535,15199.5122764641,13600.7252354683
"p1[58]",0.0664910446094562,0.0629065075,0.0258725342524836,0.0243544485513,0.0307470919,0.1137626525,1.00017392225587,14207.7184932152,13517.5226647275
"p1[59]",0.0637552794447938,0.059993357,0.0265405401556903,0.0248498304306,0.0278136188,0.1132958615,1.00013970743618,14331.7127854378,12200.3422657853
"p1[60]",0.0385882280162438,0.0337908105,0.0227563650480488,0.0191410546677,0.0115768161,0.0821810277499999,0.999953398638968,14880.7977957265,14179.3563946652
"p1[61]",0.0967654814479375,0.092639787,0.0342856386300664,0.0325045068327,0.04860870205,0.1589421255,1.00012566797108,18550.7581913343,13962.1989863625
"p1[62]",0.0127084483776119,0.0100136145,0.0100673482283945,0.0074326081263,0.00226538141,0.0321321961,1.00045836945645,14103.944724973,12087.572342908
"p1[63]",0.0987978483586875,0.095915233,0.0297221064867869,0.0289736059767,0.0555469289,0.151913089,1.00014109118167,16721.5437169687,14095.8993776866
"p1[64]",0.10204636261675,0.0973622215,0.0370054887416328,0.0358349883381,0.04989648975,0.1700906215,0.999977474972628,17275.5477778547,13759.5424731659
"p1[65]",0.0160198842167775,0.013373543,0.0109885042620734,0.00878974814214,0.003825693105,0.03742240255,0.999997303641509,13144.6089660319,12545.5117102525
"p1[66]",0.281852881334875,0.27892754,0.0601090814133015,0.0603010262609999,0.1880814665,0.3859582135,1.00022141760218,15432.9349221087,12914.1006569538
"p1[67]",0.030771967561825,0.02818604,0.0145905937672463,0.0132568502598,0.01211082605,0.0580294118,0.999916596898142,15169.8342059644,13705.1748569952
"p1[68]",0.00286837743217987,0.00170153715,0.00352651648557334,0.001733934658953,0.000187135084,0.00952454276,0.999916525634137,13053.3974671516,12600.7873439863
"p1[69]",0.491315059669375,0.491219165,0.0869813531160447,0.089092873632,0.3478612375,0.6347391,1.00026641739452,16302.7826185091,13423.7304822432
"p1[70]",0.040766697361675,0.0360622195,0.0231099805753264,0.0197376054645,0.01288088755,0.0847878733499999,0.999970964835099,14811.032089134,13792.9039849463
"p1[71]",0.399134153618125,0.396466675,0.0745589856898344,0.075179799408,0.281434033,0.525868755,1.00009458050194,16920.5349118955,14235.2025723243
"p1[72]",0.281704656456563,0.27846579,0.0580400542081189,0.058550505615,0.19197493,0.3811814585,1.00022621038833,15235.0251224682,14296.5095623752
"p1[73]",0.0317648012177812,0.0301042395,0.0124701701945056,0.0118429324461,0.0148617624,0.05479449055,0.999926635905429,13901.769598832,12685.4813880843
"p1[74]",0.266705518226937,0.26140883,0.070514212290291,0.07025589207,0.1601430995,0.390850447,1.0000922783305,14521.9168815757,12991.0122417444
"p1[75]",0.0621021894018187,0.057355689,0.0282892443297506,0.0256239996726,0.02512424135,0.115024177,1.00000864071677,14667.096198242,13858.9736183225
"p1[76]",0.0421637909490813,0.038818314,0.0198050869403644,0.0182305433058,0.01620307885,0.07954754065,0.999983565064827,14795.4681975971,12827.743978197
"p1[77]",0.058665105713125,0.056295735,0.0208392090579772,0.0200621962716,0.0294218365,0.09635881145,0.999967367706679,16268.8177089942,13609.047820846
"p1[78]",0.0373707810562938,0.033957166,0.0187834099894355,0.0169983173808,0.0133639679,0.0730740952,0.999974323372839,13160.7961687069,11872.3629158719
"p1[79]",0.240434969261187,0.233770585,0.0767418726306677,0.076541359944,0.1269560465,0.377221492,1.00005584210091,17802.7506033235,13311.8310349177
"p1[80]",0.161755008889813,0.15890096,0.0386795874546562,0.038129091672,0.1030381605,0.2303455585,1.00029737497347,15316.8543229084,13364.2006084055
"p1[81]",0.33526012762875,0.33254535,0.0618303177229735,0.062292676971,0.2377452305,0.4411674705,1.00004336709121,16228.9505965845,14464.9286212406
"p1[82]",0.0419914589891875,0.038748556,0.0192160510327995,0.0175995472632,0.01708939485,0.0777361644,1.00030671957771,14886.6379588351,13719.8119710983
"p1[83]",0.0605347441555,0.057167603,0.0242913280873725,0.0228761139915,0.02756376575,0.105704239,1.00022365589365,14564.7742805062,12915.3086111996
"p1[84]",0.187872582443375,0.184215975,0.0468061435469969,0.046495855665,0.11742444,0.2710868715,1.00032056589553,15210.7072483578,13841.3598537535
"p1[85]",0.216855599807938,0.213320595,0.0515472628779582,0.051096163314,0.1382684325,0.30713736,1.00019362287293,15126.6689402832,12746.769005566
"p1[86]",0.16957152862725,0.16664502,0.0418489232191495,0.041584550427,0.106082125,0.2431405505,1.00006420310069,15015.4174631893,13631.9402615374
"p1[87]",0.00221937515240161,0.0014858032,0.00237100363542656,0.001372030153116,0.000220539299,0.006710824875,0.999970985040354,15015.1963456512,13610.2970334265
"p1[88]",0.50036297237375,0.498681975,0.0892590026519557,0.090882001182,0.3563535285,0.6488308345,1.00011277801663,16830.7510535889,13939.7036916196
"p1[89]",0.0559862620385,0.053748792,0.0197004945441846,0.0190586065404,0.0280132164,0.09155847005,0.999978968932967,13964.0720952918,12872.2950079477
"p1[90]",0.00538680057481219,0.004035764,0.00475867539980002,0.00326223416568,0.0008038520545,0.0146298376,1.00007751202031,15088.3904861202,12931.2839598625
"p1[91]",0.4654704517875,0.46307117,0.109569087538081,0.111792717603,0.2888557455,0.652323387,1.000187062029,13034.8615054758,13283.7259733371
"p1[92]",0.1318718980835,0.129264685,0.031247947089665,0.030939534318,0.0849261065,0.187240949,1.00044182397734,15114.5944790067,13321.0137743718
"p1[93]",0.0737476165591688,0.0690150955,0.0313447478824679,0.029619130758,0.03137545205,0.1315083395,0.999945665564452,15742.0823836064,13484.1868882053
"p1[94]",0.0236066878559994,0.0198593275,0.0158691572026916,0.012821161563,0.00574418321,0.0541491291,1.00038898275238,16471.4076431719,14512.1559749685
"p1[95]",0.0288354984780375,0.026826458,0.0127181883440816,0.0117979926162,0.0118682912,0.0522998894,0.999927154277163,13238.8135006109,11675.4128456252
"p1[96]",0.0710211454383562,0.066920968,0.0289861096171195,0.0273822461472,0.0314469259,0.125208087,1.0000610421301,13439.2782598946,11399.9160027189
"p1[97]",0.0124246218971756,0.0100207265,0.00923690787963741,0.00716293156299,0.002471674925,0.03050139955,0.999881664717944,14373.2084374735,12906.2027072004
"p1[98]",0.0286733314028013,0.024982354,0.0168145533474208,0.0141549782052,0.008836372335,0.06024353555,0.999988756364138,14310.1008638993,13652.9520532344
"p1[99]",0.0401850826144938,0.037021917,0.0189539539957195,0.0174687315348,0.01546982575,0.0757559578,0.999975094355726,13312.8657418135,12043.0964921662
"p1[100]",0.05374288479585,0.050790122,0.0210288558538133,0.0198740543316,0.02542888255,0.0922688705,1.00026402257912,14578.5891393208,13871.1456080884
"p1[101]",0.0181810787873844,0.014967722,0.0129261945418463,0.01018754075346,0.00402599123,0.04315305415,1.00026387653371,16735.3467542291,14427.5128015435
"p1[102]",0.159778530594563,0.15643754,0.041376103626433,0.040947699597,0.09786913385,0.232357526,1.00018668664484,16541.2923069434,13773.3191958252
"p1[103]",0.0365536839124313,0.033694244,0.0170137385575947,0.0156096371256,0.0141503443,0.06846726635,1.00001301280384,14511.3378775754,12801.9894365432
"p1[104]",0.00388013803033083,0.00232618755,0.00474233410931211,0.00237998101152,0.000241619193,0.0126747739,1.00000364118045,15390.8386830366,13602.8271489467
"p1[105]",0.00226603407023012,0.00124243525,0.00308405171649418,0.00134511664875,0.0001099332025,0.00780557407,1.00003730479583,13937.8661077567,12525.2593201026
"p1[106]",0.118667412294438,0.1161036,0.0316992370212974,0.031095726228,0.07124821595,0.175307498,1.00004639966037,13514.4333513895,14103.7163282589
"p1[107]",0.257069232000625,0.254494975,0.0527645470798725,0.053007427452,0.174267387,0.348851441,1.0001396110881,12745.5521981086,13002.7060100313
"p1[108]",0.0116265552097875,0.010040998,0.00711068181210355,0.00598402742112,0.00324352106,0.0251685845,0.999922890624332,13195.8045113782,12657.8082524944
"p1[109]",0.23471974035425,0.231372125,0.0572341085540639,0.057505561722,0.1472784015,0.3360233185,0.999977585240224,14241.3260392694,14207.1581959891
"p1[110]",0.0452027397672062,0.042282536,0.0188816245147298,0.0176968132362,0.0195440544,0.08019123245,1.00007135552986,14895.7518616624,13180.8067839459
"p1[111]",0.160382695185875,0.152108375,0.063431083917432,0.061602585975,0.07179651915,0.2768305765,0.999951596889236,17789.2083622882,13365.1411411919
"p1[112]",0.287938574138437,0.28460754,0.0614580824880601,0.062420988588,0.1925716095,0.3942059005,1.00020756941002,14701.5873025747,14111.9656486017
"p1[113]",0.6015690404325,0.606981295,0.128122912379684,0.134523006765,0.3821347255,0.8033689625,1.00010106796152,15566.7758465231,13660.2841987067
"p1[114]",0.0537240606988625,0.051302479,0.0194901850372588,0.0186410967435,0.02634478095,0.0891973119,1.00002295635775,13755.2269226301,11989.4738196037
"p1[115]",0.0061870613682,0.00495868095,0.0046636909434331,0.00351089479986,0.001316602655,0.01507107615,0.999987460017926,15837.0160955363,12228.5993646436
"p1[116]",0.32502350903625,0.320902995,0.070432543789894,0.071074724637,0.216522374,0.4476026935,1.00002486554774,17771.7655920543,15003.7283847466
"p1[117]",0.0193904002454237,0.01643912,0.0125557679778304,0.01042153765821,0.00494047144,0.0437789216,0.999888309211701,14013.8293944894,12672.5223855352
"p1[118]",0.0780383258165625,0.07529502,0.0245603149716323,0.023973834738,0.0431763712,0.1220207505,1.00024141702378,14375.6552470081,14033.8388118231
"p1[119]",0.0419082255279312,0.03851137,0.0199024154405608,0.0180596655015,0.016339104,0.07917633205,1.00024350033063,14696.2523338554,13241.6534554105
"p1[120]",0.14594204129125,0.143457195,0.0327367317158091,0.032901466311,0.09642310515,0.2041563365,1.00026670012818,14483.1289778928,14171.3508380638
"p1[121]",0.0294237590704312,0.0268126095,0.0143439175845025,0.0129464835171,0.0108493485,0.05618425295,0.999996338841564,14152.9773495698,12663.586089396
"p1[122]",0.0634962018936375,0.0593660805,0.0268639321875248,0.0249009704937,0.02736348645,0.112913625,1.00054232669254,17553.3216399497,14533.9253356799
"p1[123]",0.0717493429384375,0.069485077,0.0226258524122422,0.0219881670603,0.0387542265,0.112291363,0.999997785350049,14425.4300083284,13182.1345770938
"p1[124]",0.343653898140625,0.339688805,0.0755423735801163,0.077348027778,0.2260232485,0.4736554725,1.00026415971689,14160.2699533776,13825.7317976825
"p1[125]",0.134380753102563,0.12890886,0.0476725619966595,0.046366402446,0.0667617521,0.221027272,0.999955219871659,17755.7310925356,13605.5364825276
"p1[126]",0.0565289908979563,0.053384326,0.0222386211009937,0.020754635706,0.0259594673,0.0971492876,1.00018483511758,14574.9753250667,13198.5564055219
"p1[127]",0.0651031509441625,0.061685962,0.0254883155017615,0.0240702059619,0.03023790805,0.1117704615,1.00019552905731,18060.780705645,14096.3690490612
"p1[128]",0.03614344951805,0.034029825,0.0148524333844653,0.0139314021252,0.01609207365,0.0632896773,0.999983302942761,13682.3001056223,12285.3731126869
"p1[129]",0.21451030526775,0.209680695,0.0574515049007465,0.057315373794,0.128330932,0.3160489655,1.00019351715822,13399.5132756402,13977.9476474885
"p1[130]",0.08237495120905,0.0724215675,0.0489315221770031,0.0428984298057,0.0231167671,0.1762716485,1.00016400346534,13904.8382251227,12852.7213059055
"p1[131]",0.182659512383,0.17906338,0.0459210870726905,0.045333719655,0.1130729895,0.2637238655,1.00013469412855,16867.6405811533,13925.0167608948
"p1[132]",0.00206203937568032,0.000983913505,0.00316468682195355,0.00114659458137,6.450992695e-05,0.00754933703999998,0.99991770890951,14945.1932190881,13798.9012695333
"p1[133]",0.2998645376615,0.29225918,0.09417946947404,0.095679531696,0.1583767185,0.466411099,1.00004937310767,16859.3137891714,13589.2177272109
"p1[134]",0.245512579199375,0.242326015,0.0529700681639774,0.053157844635,0.164482828,0.336308056,1.00023034866709,15102.3722375803,13909.3516023066
"p1[135]",0.419869952215,0.416063885,0.0973065901755397,0.099684627336,0.2661629325,0.585634092,1.00001820858357,16252.9833708837,14334.812842126
"p1[136]",0.198459811721875,0.19407485,0.0535084162661188,0.053241997011,0.117931199,0.293448648,1.00005216520869,14960.4173293234,13750.4361403409
"p1[137]",0.118313932530562,0.113618705,0.0401032159522884,0.038427049794,0.0608364324,0.191826582,1.00015412003792,14213.6579157472,12312.5384851858
"p1[138]",0.0843857766286875,0.0828211425,0.0214397786112104,0.0212646478821,0.05240909525,0.1223181055,1.00001771643654,13479.2684219421,12227.1771051738
"p1[139]",0.415200381397437,0.411563545,0.0974256762300578,0.0997218405960001,0.2613664795,0.580666229,1.00018606699057,16810.496853263,14419.3583085247
"p1[140]",0.0111554104651237,0.00961154625,0.00680933434450573,0.00566077169532,0.003238692465,0.0241292206,0.999967378332395,15353.2214920021,11776.3756474654
"p1[141]",0.213223264020875,0.20390524,0.0814088729027065,0.080158481403,0.0973718924,0.362462499,0.999928941511826,18116.0139170259,13820.1905825512
"p1[142]",0.249036404099125,0.24504945,0.056815867678571,0.056705980716,0.1626241,0.3488267845,1.00006674468465,16745.8625792078,14589.5834715125
"p1[143]",0.32503560625825,0.31779239,0.108105453355271,0.1104373914,0.162145881,0.518618459,0.99986337354035,14337.4548697119,12968.7337775022
"p1[144]",0.0344243702676119,0.0295334815,0.0217314265319768,0.0184005404457,0.008950359075,0.07676576385,0.999990420047716,13526.7187862362,11674.2408469241
"p1[145]",0.066420146278125,0.063834851,0.0228807559528612,0.0220164921333,0.03374891335,0.1077644845,1.00004120517569,13754.6749259789,12518.5431212393
"p1[146]",0.26367500169875,0.26136229,0.0501617334694177,0.050754520383,0.1847734045,0.3498537775,1.00016506584488,13981.8148273892,13500.7957238718
"p1[147]",0.208963574948187,0.205528325,0.0503228186820281,0.049862262051,0.1323881335,0.296987588,1.00018867829396,15083.8955293197,12844.7077667201
"p1[148]",0.0551433455314375,0.052068703,0.021546607577279,0.0201210599394,0.02541747725,0.0947979165,1.00003016242331,12800.0867736232,12884.9968318101
"p1[149]",0.230046822307875,0.227401605,0.0498609574920492,0.050564043348,0.15357193,0.3157047155,1.00015036731727,14870.9085712762,14046.8915724892
"p1[150]",0.121013422516687,0.118460065,0.0298021780472086,0.0297513927627,0.07681771065,0.1740285755,1.00031657681836,14276.1508803538,13975.8379151349
"p1[151]",0.0335142171490813,0.0315158795,0.0138141023386953,0.0130146282609,0.0147229496,0.0588418718,1.00010215433907,13592.9269909868,12288.8867837299
"p1[152]",0.0819977247731375,0.075331492,0.0395902253147956,0.0362371124535,0.0310918399,0.155758703,1.00034403959375,14357.0569076921,12420.9220532845
"p1[153]",0.0756628409245,0.0735493775,0.0221938103128122,0.0217088348421,0.04313018545,0.1154911605,1.00006867417223,13542.2572597143,13168.4305374209
"p1[154]",0.397832274860625,0.39437767,0.0773667696260733,0.077893216863,0.275652,0.5296466285,1.0002775848655,16770.5202093929,14471.7133693007
"p1[155]",0.18337620254525,0.18001754,0.0464421717963815,0.045669632337,0.112631195,0.2644924965,1.00016838109215,14708.4251770084,12352.1892831083
"p1[156]",0.0476565394974438,0.0432310775,0.0245573796186114,0.0222281495919,0.01656384555,0.0948978589,1.00005431032455,13058.8324733701,11132.0092792889
"p1[157]",0.0127229042592056,0.00993703075,0.0103236200339479,0.00738077057403,0.00239653541,0.03217599135,1.00006087899155,15273.2412910638,13596.8358108722
"p1[158]",0.290792482049375,0.28804254,0.0577442239589472,0.058228848132,0.2013967945,0.3894701225,1.00014877720183,15410.8561720189,13444.3952752568
"p1[159]",0.105100995788313,0.101673895,0.0327311122852761,0.0316791597213,0.0578557886,0.1635942405,1.00041373698914,16080.001670819,14131.6632009571
"p1[160]",0.0565085037966625,0.0508517755,0.0291321651565886,0.0260300689866,0.0200860908,0.1119232675,1.00024443088736,13070.4385570036,12899.9688215971
"p1[161]",0.0633839672885625,0.061790104,0.0181195146839617,0.0178144501332,0.0369355324,0.09558614375,0.999981827160355,13452.8382527031,11981.9087082151
"p1[162]",0.0176673969362687,0.0146070335,0.0122756807131699,0.00987221226747,0.00401499122,0.04170948655,0.999879519532162,13533.7625381853,12324.1624104499
"p1[163]",0.256839979319313,0.252026725,0.0686314740897836,0.069172356099,0.152544473,0.37797147,0.999994595337509,12545.5902373601,13250.435153212
"p1[164]",0.203159013412937,0.198788215,0.0539746359866307,0.053816541576,0.121456629,0.298110298,1.00010376877851,16225.5592038683,14363.0898101715
"p1[165]",0.0382213401485813,0.03632549,0.0141403007814079,0.0135353544459,0.0185595937,0.0640261267,0.999949626418449,13788.9415071947,12135.7266457468
"p1[166]",0.00219809056322092,0.0011519301,0.00314001943611108,0.001273275160458,9.231999875e-05,0.007661390195,1.0002147246871,14239.4685113975,12523.7696198225
"p1[167]",0.244746788003875,0.241973135,0.0515281747079748,0.051521565732,0.164306185,0.3343774435,1.00011767231127,12553.3861574052,12634.1337400905
"p1[168]",0.0796675909409375,0.076787716,0.0268477034135208,0.0259096774188,0.04149464945,0.128344454,1.00013053741778,14686.1790041357,12768.4374792423
"p1[169]",0.136874029996875,0.131952785,0.0437129536790769,0.042395821734,0.07422151015,0.2157136345,1.00038422514612,15723.2797958419,12953.5696307641
"p1[170]",0.143997084177937,0.13720372,0.0544073005094915,0.052099438734,0.0680205428,0.2435642085,1.00016509926322,14286.1946329921,13410.0804686148
"p1[171]",0.425556859325625,0.421968905,0.0941756998401667,0.096153252048,0.275202809,0.5858413115,1.00024776739469,17277.9741852522,14448.505709671
"p1[172]",0.47168809928625,0.47035839,0.101922657983356,0.104522914524,0.3050464315,0.6404949135,1.00008435416374,16571.5664079774,14236.7726434273
"p1[173]",0.091975162633875,0.0890711105,0.0283664203976449,0.0279502442919,0.0508383229,0.142360842,1.00002829567886,15838.6805823776,13976.0652826428
"p1[174]",0.305218352254375,0.302480505,0.0568144190292649,0.056984791059,0.2162244665,0.4032136725,1.00006138884903,15789.2185700936,14974.0847728611
"p1[175]",0.0644855318599687,0.0615830355,0.0227253315513339,0.0217307839938,0.03298196145,0.105585612,1.00019789018061,14422.6781423579,13904.4288124184
"p1[176]",0.0663634103316375,0.061351312,0.0308554522886148,0.0284174182236,0.025715585,0.1245391165,1.00015869714917,13887.3154186411,12306.7335953036
"p1[177]",0.0147833404793681,0.012628886,0.00944269574596638,0.00776435826054,0.004034352045,0.03289984265,1.00004102318669,14682.6943016106,14019.9546708956
"p1[178]",0.00301170090641781,0.00213063205,0.00293286896774562,0.001844792834472,0.000365518696,0.00865757915999999,0.999986653629397,15094.2183044739,13173.3295654141
"p1[179]",0.0410491545330438,0.0378627895,0.0191276311549062,0.0176044316889,0.01594785085,0.07706336025,0.999990779124771,14745.4904635749,12882.9152712744
"p1[180]",0.108623866503369,0.100598395,0.0509224513146971,0.046894297002,0.0413773678,0.204659047,1.00015623053147,14048.6911719188,13203.5675037101
"p1[181]",0.0122987450692475,0.0106056145,0.00754626575327487,0.00632125353846,0.003423157945,0.0268008015,0.999889765816089,13027.9187032399,12211.5491455231
"p1[182]",0.104055916010312,0.101711505,0.0271695161698605,0.0264931613205,0.06307122645,0.1520809255,1.000038419027,12373.0904915458,12830.7664838837
"p1[183]",0.00473509193650162,0.0036234159,0.003991922172631,0.0028252603512,0.0007784235305,0.012458541,1.00007445227289,15070.3460950483,13076.2545648242
"p1[184]",0.0055785136569635,0.00414816105,0.00498769072740429,0.00334098883986,0.000861066125,0.01522012585,0.999989971864643,14849.288054155,14064.8257555958
"p1[185]",0.201707771969312,0.19706377,0.0548068789066419,0.054672550338,0.11884699,0.2987760835,1.00005609588209,16014.5644602091,13267.4010748506
"p1[186]",0.0368531530011125,0.0337448115,0.0177909135720724,0.0162650790183,0.01386667965,0.0702156965,0.999937184415727,15709.6356190663,13774.4579209245
"p1[187]",0.00435244263986923,0.0026287175,0.00530170502554681,0.002655824338335,0.000285528613,0.01395703,1.00046659443991,14389.7126869791,12262.8927956952
"p1[188]",0.0134996680090592,0.0095207558,0.0131631665890049,0.00814853327904,0.001733592365,0.0386235351,1.00008395019266,14259.3086072182,13095.234541259
"p1[189]",0.024038536227975,0.022185725,0.0110051839059299,0.0101349179421,0.009549843655,0.04432624715,0.999955130894943,13298.5231546262,11607.1830073878
"p1[190]",0.02855758472615,0.0269073195,0.0115849385736343,0.0109472685819,0.0129444125,0.0499349602,0.999905738201232,14065.5989612529,12845.3482029882
"p1[191]",0.0135136197063287,0.011455399,0.00883191388199494,0.00719205761064,0.003540637535,0.0306848127,0.999890744563436,16609.4377692907,14276.9657923049
"p1[192]",0.269590549776875,0.267238495,0.0502518562707513,0.051023048895,0.190941099,0.355711113,1.00013798068866,14691.6317449156,13463.1455231101
"p1[193]",0.0564160365455625,0.054785301,0.0170129311460283,0.016640101947,0.0318336978,0.0869897719,0.999970485454452,13551.2612600573,12157.5570992087
"p1[194]",0.0196208673155687,0.016170553,0.0138220054206839,0.01069038033315,0.004624769155,0.0456310086,1.00006836795811,14567.0404773671,13561.0262927018
"p1[195]",0.295353831875563,0.291567775,0.0654372427577736,0.066213961233,0.1938178625,0.4091381225,1.00004381657792,18072.1782403792,15039.7194467165
"p1[196]",0.009261700885305,0.0075881106,0.00671597903472004,0.00525572567184,0.00195297968,0.0223095395,0.999997690632759,16342.8652796153,14328.0078503471
"p1[197]",0.0356584241291062,0.0338060915,0.0138205335543812,0.0131892792822,0.01651697025,0.06082200085,1.00001661711168,13554.4747071544,11376.1020185259
"p1[198]",0.141977791577375,0.139486915,0.0320670163779236,0.03171607572,0.09344010515,0.198231953,1.00055828897488,15050.5898536624,13676.9281260323
"p1[199]",0.0462946948810563,0.0416112285,0.0243292640537795,0.021264435129,0.01598388825,0.0924390689999999,1.00002359669411,14505.1477443479,13900.2812367922
"p1[200]",0.1316332218525,0.126310115,0.0453362579640704,0.0434134435329,0.0677522732,0.2130879655,1.00017112128713,17455.2417534274,14029.9628715655
"p1[201]",0.28560792354475,0.28254901,0.0582688350485313,0.058785653388,0.1948829735,0.3856380215,1.00022918077142,15464.3250699488,13859.2165174146
"p1[202]",0.462850632600938,0.45924082,0.139983953075493,0.147793929864,0.237243679,0.700432761,0.999912203014383,16528.3164498163,13830.4434869502
"p1[203]",0.00358019560147525,0.002610847,0.0033108545389096,0.00217842102261,0.0004879591695,0.00997921052499999,1.00002441814283,15150.0726772033,13099.2222061637
"p1[204]",0.0500014333556875,0.0482817305,0.016631873016452,0.0160957542375,0.0263600028,0.08007500295,0.999984602557142,13720.8914651243,12230.9000304058
"p1[205]",0.0568847863578375,0.0539016115,0.0216218908576205,0.020460754734,0.02742519585,0.0962259249,1.00023527678492,14690.7900214196,13902.0109357795
"p1[206]",0.0277128279632812,0.024441361,0.015720999280798,0.0137365062009,0.008477106595,0.0575979795,0.999907395037149,14318.274927749,13221.3151644673
"p1[207]",0.0474021380466875,0.0446049565,0.0195029005831342,0.018194889741,0.02090343615,0.0833502355,1.00010032863873,14524.9307881097,13579.1422787465
"p1[208]",0.04728142041955,0.0440061365,0.0206313084101568,0.0192605996709,0.0197051179,0.0850766728,0.999956794757358,16544.1138741085,13952.9391654977
"p1[209]",0.006061547682425,0.0047939678,0.00470898447604473,0.00349705702689,0.001164320145,0.0151136775,0.999883564535967,13214.8607691739,12970.1895356918
"p1[210]",0.129272912386937,0.12525885,0.0385756977206445,0.0374823126111,0.07326484215,0.1984795995,1.00016112275401,14204.2534809403,13962.0277500761
"p1[211]",0.1637533120555,0.160310425,0.0422128985759266,0.04166202369,0.1004286765,0.2379656135,1.0001724038077,16480.161061975,13680.8583139617
"p1[212]",0.2633233817555,0.25929007,0.0573856326198731,0.057349503246,0.174806154,0.3629617365,1.00010978813886,18027.1896940933,14389.3915168509
"p1[213]",0.00652570436289244,0.0043454998,0.006906476124903,0.00404047677705,0.000609446357,0.01997277045,0.999910706546797,12191.6316636001,10910.7371301197
"p1[214]",0.0446457367699625,0.041742739,0.0194557786472885,0.0181706922264,0.01856528745,0.08073138595,0.999969434878881,13523.0644600069,12011.7908291747
"p1[215]",0.308652192504688,0.30351802,0.0791681540729048,0.079460310237,0.1874537695,0.446737353,1.00008693153596,14346.2089634994,12959.8731996894
"p1[216]",0.0621564229823875,0.0593169265,0.0223548633409841,0.0213827013897,0.03129010285,0.1025536555,1.00021791052482,14552.5912394035,13872.3747261807
"p1[217]",0.0292300288452125,0.0264872855,0.015019969798498,0.0134619464721,0.01025208535,0.05753379625,1.00029526856654,16987.8539889443,14443.7823204991
"p1[218]",0.00875950830046313,0.0069222095,0.00685354539306182,0.00512485960917,0.001604652485,0.0219316931,1.00005481634098,13502.5680050555,12380.761375212
"p1[219]",0.250698854805687,0.245159285,0.0702058422629928,0.070359095856,0.1454829085,0.3746177245,1.00023854421812,14061.8247780419,13981.4751648384
"p1[220]",0.103194807212562,0.098407002,0.0373136398327786,0.0358396051545,0.05028554825,0.171401927,0.99999760124808,17842.423648379,13725.0856417549
"p1[221]",0.0129973331245819,0.0109713965,0.00846461415592912,0.00683762792181,0.00338386767,0.0293829636,1.00003527890628,15117.6944324129,12982.5519030757
"p1[222]",0.427312278935688,0.424163695,0.101292625389774,0.104147253336,0.2669885105,0.5992338595,1.0001976812105,16636.1316557462,14591.9058733052
"p1[223]",0.105881992086313,0.10328735,0.029665261298412,0.0289437612387,0.06220792565,0.1588658315,1.00022849675633,15037.2247066424,12896.636146981
"p1[224]",0.0616872558062625,0.056881235,0.0295846995705116,0.0272961293262,0.02308352895,0.117747017,1.00000192880339,13475.5883608463,11282.7930047277
"p1[225]",0.00834375196264938,0.0069194163,0.00579842233850128,0.00455686724661,0.00201249341,0.01936515405,0.999974628204302,14236.6567250331,12633.3166101505
"p1[226]",0.0899522151316875,0.0860343475,0.0321682101964587,0.0305921804118,0.0448326532,0.1485984605,1.00001081691071,18556.4863810608,14082.7685762491
"p1[227]",0.14024480278275,0.13360617,0.0538712936054195,0.0515899217463,0.0651449678,0.239449325,1.000193891528,14171.3150306222,13410.9658030681
"p1[228]",0.161231946398875,0.156551405,0.0468817152938089,0.045938983692,0.0922680088,0.2435433355,1.0000890436518,15066.0564663231,13630.1550382014
"p1[229]",0.126880612192938,0.12499922,0.0283948296401874,0.028038441942,0.08349888015,0.1764744005,1.00005228620075,12879.4672508822,13365.0361119015
"p1[230]",0.0165774420363594,0.0134891535,0.0121533737026976,0.009270015804,0.00367301813,0.03931418395,1.0000484923767,14906.626755978,13963.172397995
"p1[231]",0.0162183000905394,0.0137049145,0.0109207660300928,0.00896781025539,0.00385434446,0.03747709165,0.9999578351769,15965.2956076253,13902.1526235368
"p1[232]",0.0543313480964375,0.0518093925,0.0194369594438327,0.0184064434176,0.0269656598,0.08968428335,0.999965691985265,12948.9251495871,12765.0704616507
"log_lik[1]",-0.742208451916875,-0.73759846,0.100266280617059,0.0989497840590001,-0.9158465665,-0.5845422445,1.00037257392592,13367.3092934217,11463.2939331643
"log_lik[2]",-0.106565163814875,-0.100739285,0.0440725853900601,0.0420714199584,-0.1870278485,-0.04501787145,0.999908891081463,14350.1721082151,11922.6955165655
"log_lik[3]",-0.857923916760625,-0.852493935,0.102256592923788,0.101025980034,-1.033319995,-0.6999537095,0.99988807231197,14499.8640286255,13840.7304785585
"log_lik[4]",-1.23476626258937,-1.20877645,0.304349131744999,0.29676603747,-1.771807155,-0.783829085,0.999941921877092,16244.1802936688,12359.9363889535
"log_lik[5]",-0.114125581951,-0.10769834,0.0455748789893598,0.0431974605888,-0.1980827595,-0.05129984015,1.00002061171546,15142.9269633983,13273.6759615345
"log_lik[6]",-1.27736247810125,-1.2499426,0.323486103707804,0.31673836446,-1.854395095,-0.800400748,0.999978677387672,14948.9371006951,12795.7706184995
"log_lik[7]",-0.808127941569375,-0.804265245,0.0951521458076701,0.0950515171619999,-0.972390827,-0.6578320115,0.999933720745891,16528.5463335146,12933.9530767993
"log_lik[8]",-0.890155293364375,-0.88401815,0.11174726532804,0.110330836938,-1.08490398,-0.7179194195,1.00007089436581,16561.4094206203,13212.6857764351
"log_lik[9]",-0.228536769475687,-0.20912166,0.112921367402759,0.102842291055,-0.438311843,-0.08267339355,1.00016395539026,15471.7698962938,13340.1712333056
"log_lik[10]",-0.6175359250075,-0.6060659,0.155016902261229,0.151385624733,-0.8888958525,-0.385881671,1.00005377781165,17078.5848303656,12538.8814496631
"log_lik[11]",-0.158048765985,-0.145759645,0.0783606769688306,0.073084359285,-0.3041171045,-0.0545997819,1.0004157281063,13432.0361071342,11913.3207298317
"log_lik[12]",-1.34543003015813,-1.3358095,0.156911686789536,0.15301907187,-1.61952964,-1.10490299,1.0001354362091,13392.0045495018,10237.8515992192
"log_lik[13]",-1.02417495698813,-1.0185166,0.114669032652343,0.11254520382,-1.22141755,-0.8463271155,1.00009608820855,13990.191720324,13200.6922873083
"log_lik[14]",-0.802317037115625,-0.79842559,0.0946583240257026,0.0940679232570001,-0.966005611,-0.653230154,0.999949179254382,16210.5723439558,12812.1977102562
"log_lik[15]",-0.0475651957304263,-0.038691828,0.0355190134126836,0.0285166775523,-0.1166456825,-0.00853923408000001,1.00018664946224,13527.3323689847,11277.5683898478
"log_lik[16]",-2.11345760555625,-2.0984803,0.301588851628037,0.29665751115,-2.639053485,-1.643250565,1.00015081557011,14627.6727300122,12416.4507178437
"log_lik[17]",-0.56559436177125,-0.55914507,0.106980360000264,0.105863592639,-0.7516784665,-0.4011298105,0.999920102689442,12290.7109024413,11769.5214942943
"log_lik[18]",-0.792005972011875,-0.768664575,0.240333467707049,0.236319820191,-1.220480075,-0.441739057,1.00004675607269,15532.7954774376,13960.7486944696
"log_lik[19]",-1.40864554946562,-1.392974,0.269137111021617,0.26479354608,-1.87626117,-0.993937975,1.00011158928175,17991.2642638468,13454.69148158
"log_lik[20]",-0.527981946410625,-0.52468172,0.0869122443495107,0.0861399273210001,-0.67625205,-0.3920400635,1.00008747647804,13512.3229711801,10770.7487772874
"log_lik[21]",-0.0450309747089813,-0.034439068,0.0378789705838235,0.0286008758889,-0.1180176205,-0.00618782926,0.999919139262362,15210.6794998784,13120.1526546947
"log_lik[22]",-1.41471661362375,-1.4059529,0.195550829735353,0.19591832526,-1.75156698,-1.110291195,1.00005292596336,15795.8160291375,14005.3848586699
"log_lik[23]",-1.5353866886425,-1.5193354,0.205323643767041,0.20355942327,-1.896842625,-1.22398603,1.00018392573137,17324.810420175,12079.2764893401
"log_lik[24]",-1.0122595923875,-1.0038287,0.131804719763351,0.1284813747,-1.241571165,-0.811570982,0.999868520772563,12940.0823706583,12428.2740291294
"log_lik[25]",-0.844818608751875,-0.84019846,0.100187453810929,0.0987079349339999,-1.0185012,-0.6881731775,0.999935715479391,17405.4503002404,13334.4310113591
"log_lik[26]",-0.0675199024120625,-0.060273357,0.0380688091998498,0.0339681310353,-0.139093726,-0.0200018687,0.999883351604636,14813.8787530184,12823.9418088887
"log_lik[27]",-1.25074440881,-1.2324957,0.201057071609399,0.19380287745,-1.61176594,-0.9535427255,1.00008774637127,16070.2726302619,12750.7932169124
"log_lik[28]",-1.10038616771437,-1.08885,0.222939218254728,0.22145722221,-1.485336285,-0.756114769,1.00001029292686,17814.1125994395,14892.4784456993
"log_lik[29]",-1.1598068028325,-1.14732555,0.22658507019786,0.226608990342,-1.55415196,-0.8105970325,1.00001193043374,18022.6880222303,14929.1625110078
"log_lik[30]",-0.896058588234375,-0.87854804,0.218726002536402,0.216078453192,-1.284529695,-0.5664094155,1.00005046673683,12313.2972599328,12402.8804626941
"log_lik[31]",-0.0616686751968663,-0.0507221675,0.0452327194307379,0.0366122517663,-0.1498031275,-0.0114848428,1.00030677936839,14073.7616927643,11075.2400151711
"log_lik[32]",-1.0281375072375,-1.02114325,0.124419110111798,0.12243577668,-1.245642135,-0.8357978435,0.99999435021493,18327.9256326669,13523.4400221548
"log_lik[33]",-0.485997708144375,-0.48435389,0.0645355276642563,0.0645494017349999,-0.594916436,-0.382859009,1.0002029461535,11735.8422284507,10483.0766496164
"log_lik[34]",-0.651477537799375,-0.63902682,0.154880208869549,0.151153301313,-0.925120135,-0.419362661,1.00068502956161,14838.4516904892,10950.7406355403
"log_lik[35]",-2.56510207686875,-2.5247768,0.504800722841273,0.50612783823,-3.446986235,-1.79723223,1.00016819563462,16665.6410623177,13458.9432010448
"log_lik[36]",-0.961636000314375,-0.950622935,0.137319990216559,0.132696428739,-1.202678775,-0.7580000205,1.00007278308896,14036.0536680796,12274.0829331768
"log_lik[37]",-2.37424365045625,-2.36044335,0.289604331721085,0.28490597877,-2.874684295,-1.923503785,1.00005412383894,13215.7794383731,13511.5224000147
"log_lik[38]",-0.169265151056938,-0.165481505,0.0464800028516057,0.046144783398,-0.2508828475,-0.1005718365,0.999886752279157,14205.989638881,12193.1597214327
"log_lik[39]",-0.3283689795945,-0.295747995,0.1775604445361,0.159541348029,-0.6605668905,-0.1044095045,1.00014439309074,14341.3546931122,12037.2531305702
"log_lik[40]",-0.193614584646187,-0.190032185,0.0493266055180566,0.048932568069,-0.2806799665,-0.119901054,1.00000801729157,14356.189578158,11650.9019370864
"log_lik[41]",-0.0783634451794438,-0.0677226995,0.0500488069609282,0.0431581472259,-0.175505745,-0.0187772877,1.00032967777418,13944.0100889575,10819.4201377484
"log_lik[42]",-0.042220202019475,-0.0334346595,0.0333670161643737,0.0259166738082,-0.107502989,-0.00675429104500001,1.00015586902397,13233.4576030685,11082.9328667486
"log_lik[43]",-0.658048301643125,-0.6330443,0.222657986779404,0.212922805809,-1.057737615,-0.335690004,1.00007769775366,13636.3555613614,13872.2612436022
"log_lik[44]",-0.0505728561746556,-0.0420093355,0.0355864403932515,0.0293900356995,-0.1196080615,-0.0105153038,0.999849059696942,17709.9235985862,14270.6623969853
"log_lik[45]",-0.829992496709375,-0.82482195,0.110694442916825,0.110482632939,-1.01925998,-0.6548010525,1.00014652042542,13791.9671707324,12246.1877540641
"log_lik[46]",-0.157886902735938,-0.153839805,0.0451661643083034,0.044649180996,-0.23756355,-0.0913708995,0.999988931965585,14523.9937413545,12351.6906180604
"log_lik[47]",-1.2543589960175,-1.243823,0.155931841497308,0.15159762912,-1.530394,-1.01766232,1.00010790593527,14603.8435449552,12132.3825380972
"log_lik[48]",-0.47407620881375,-0.46254824,0.134651336748611,0.13203494451,-0.713992217,-0.275153052,1.00022167918313,15398.3287991936,11962.5751481345
"log_lik[49]",-0.858002375053125,-0.85459287,0.0966901959013105,0.095761838235,-1.02331298,-0.7065711495,1.00002884398707,16126.0514627036,14126.6805250825
"log_lik[50]",-0.3364059692775,-0.32949995,0.0846327962138669,0.08274627816,-0.4851459565,-0.210958869,1.00013127515028,14307.7897517399,11691.7102832017
"log_lik[51]",-0.0559915111169188,-0.049081713,0.0336664591558564,0.0293232860823,-0.1197653335,-0.0150596354,0.999868952173942,14993.5707496964,12898.4746103831
"log_lik[52]",-1.16227608075625,-1.1540602,0.142568827047083,0.1394274105,-1.409465605,-0.945968382,1.0000413186123,13500.7472578818,12593.4247529988
"log_lik[53]",-0.0782038763591188,-0.0668930165,0.0514504893789513,0.0438961187889,-0.177757721,-0.0177684856,1.00030847718906,13974.4975108279,11199.773867982
"log_lik[54]",-0.823599626424375,-0.817812175,0.103164239509383,0.100405904823,-1.002268655,-0.6658845295,1.00010421230744,15862.7347664617,13627.5086436896
"log_lik[55]",-1.04100680967375,-1.03509995,0.138198052179377,0.136949088927,-1.27972288,-0.8256773985,1.00027720136901,15289.8709623398,12516.5011451441
"log_lik[56]",-0.09106192247085,-0.0860968455,0.0383345071245707,0.0364752358047,-0.161597203,-0.03808803575,0.999953074981309,13774.1646944108,12138.6443930947
"log_lik[57]",-1.29935218002562,-1.2888488,0.199615364884611,0.19956500235,-1.63701637,-0.9877590985,1.0001596866398,16757.4408895657,13521.9396013585
"log_lik[58]",-0.47956422614,-0.473593665,0.10704185837387,0.104328834771,-0.666515867,-0.315453068,1.00011527288865,13142.9704738009,11988.8505322973
"log_lik[59]",-0.46503654913875,-0.457040385,0.109890173945839,0.107504526906,-0.6597254255,-0.299724367,1.00034714650434,13919.8671076747,10469.641839168
"log_lik[60]",-0.328230054105188,-0.314629205,0.112384707831324,0.106612216683,-0.5319467605,-0.1695042385,0.999970972970936,15562.3364593037,13662.3051760716
"log_lik[61]",-1.03127709921375,-1.02121725,0.138460984415415,0.136598513331,-1.275081315,-0.820222386,0.999936571983966,19900.1249207188,12973.8693787056
"log_lik[62]",-0.154356725075688,-0.14400262,0.0709459975693916,0.0663852222894,-0.285969882,-0.05795592675,1.00047828971677,13514.4056471497,11484.1464182834
"log_lik[63]",-1.01487416034563,-1.0092604,0.121000660905852,0.120842508003,-1.22670137,-0.8272547725,0.999917562892359,18836.632896266,12342.15821039
"log_lik[64]",-2.34919405139375,-2.32931705,0.37346052160451,0.37128269955,-2.99780462,-1.771423985,0.99997747516448,17275.5515917231,13759.5424731659
"log_lik[65]",-1.96327175733063,-1.9362586,0.339832896419481,0.33086376183,-2.566002175,-1.454934735,1.00011839818156,12775.4362330591,10073.9813816396
"log_lik[66]",-0.802457918536875,-0.79914655,0.0948135133653473,0.094600020984,-0.966258326,-0.654011512,1.00000593962896,15967.1846545952,12465.1220242643
"log_lik[67]",-0.286456072015375,-0.279905535,0.0735175597685089,0.072804666795,-0.4159184235,-0.1778368895,1.00019694765733,17028.8452904388,12588.401398427
"log_lik[68]",-0.0535165554436913,-0.0446533195,0.037815451391024,0.0310457188713,-0.1271205455,-0.01081587025,1.00012908320856,12748.289390162,11130.9519661829
"log_lik[69]",-0.7270314416575,-0.71086488,0.183603771654804,0.180412308531,-1.05595164,-0.4545412305,1.00016348201956,16302.7818048776,13423.7304822432
"log_lik[70]",-0.34117905840725,-0.328361845,0.112014179686033,0.10677811221,-0.5438486315,-0.180654174,0.999956672447156,15531.1161035358,13670.9925555923
"log_lik[71]",-0.936447059820625,-0.92516329,0.192020651842416,0.189923409921,-1.267857175,-0.6427036105,1.00002359989108,16920.5345798687,14235.2025723243
"log_lik[72]",-1.3405121464,-1.32903605,0.213641732997011,0.21325851834,-1.707936005,-1.009466165,1.00005149866318,16715.4841636268,13971.722632752
"log_lik[73]",-0.294479151384375,-0.29181303,0.05612219381873,0.056208590655,-0.390628814,-0.2071301415,0.999961355054369,13039.1725830748,11060.7335434022
"log_lik[74]",-0.80902719572375,-0.80535434,0.0970833470324074,0.096518898273,-0.976359487,-0.657478993,0.999993276867484,16000.6383679363,13051.3414043229
"log_lik[75]",-1.2236412330525,-1.20723455,0.190115588650174,0.18337842033,-1.56352191,-0.941295352,1.00004024759055,16131.8123787586,13017.5016297602
"log_lik[76]",-0.352281990835375,-0.3448027,0.093442154882589,0.091356136662,-0.5177106275,-0.2135910505,1.00031637857636,14239.4342054189,11526.2425429096
"log_lik[77]",-1.22598850321625,-1.216804,0.14710495748563,0.14432399352,-1.480468395,-0.99854247,1.00007963659513,19075.9778154154,12450.1373818593
"log_lik[78]",-0.324306643847062,-0.315757945,0.0923571527801202,0.090878020401,-0.491945741,-0.1887318725,1.00019741311677,12490.6177132478,9524.50598834329
"log_lik[79]",-0.821270790241875,-0.81549545,0.101724895763925,0.099401925168,-0.9978944495,-0.6647078045,0.999906362901759,15441.4997497097,13260.2628719202
"log_lik[80]",-0.865484557705625,-0.861643805,0.0994435114375166,0.09824841789,-1.03611788,-0.7090977275,1.00015380609194,16186.0696067335,13809.0236154379
"log_lik[81]",-0.814817406385,-0.810909665,0.0978701918289138,0.097715971752,-0.9830153845,-0.6622320215,1.00013884042808,16324.1609487034,13134.0487544292
"log_lik[82]",-0.351514472509375,-0.34452013,0.0871956311415659,0.0854554405529999,-0.5056708905,-0.221324936,1.00011417264141,14364.6436825708,11678.4979221859
"log_lik[83]",-1.2214123656325,-1.21012425,0.161180855723624,0.15580146729,-1.50760001,-0.976566244,1.00024592567677,14567.2186295505,11080.7625233679
"log_lik[84]",-0.98757773018375,-0.979007055,0.163682014070967,0.16083874905,-1.27354474,-0.733747008,1.00022558597374,14941.3081084317,11421.5836083879
"log_lik[85]",-1.09782705494813,-1.0872898,0.184914190865711,0.184891391391,-1.419911385,-0.814170572,1.0001183676811,16449.3983608394,12742.0459368638
"log_lik[86]",-0.917301995755,-0.90959517,0.144224460076885,0.142891290423,-1.16535958,-0.692116748,1.00006055447661,14595.7684972107,12223.3118345141
"log_lik[87]",-0.0460449475644062,-0.040386922,0.0276167452368088,0.0241205165103,-0.09911002075,-0.01232550515,0.99990315305117,14839.4297293647,12750.266138583
"log_lik[88]",-0.975676252240625,-0.95846366,0.153442989488127,0.144506190234,-1.25165675,-0.7532006555,1.00010011491987,16979.046972772,14582.9934539472
"log_lik[89]",-0.428922598924375,-0.42529709,0.0798664250524034,0.079227416016,-0.5659575365,-0.304411929,1.00008578602789,13018.0784539395,10404.6508508976
"log_lik[90]",-0.0861349643402562,-0.0790315635,0.043046504493647,0.0395865823584,-0.1661490775,-0.02974746955,0.99989360448948,14567.154144543,12647.4161651863
"log_lik[91]",-0.794399232986875,-0.76987451,0.249934979183528,0.241781970633,-1.24182783,-0.4272148565,1.0001283230006,13034.8615054758,13283.7259733371
"log_lik[92]",-2.0542751353625,-2.0458932,0.24038463556692,0.24000069345,-2.46597371,-1.675358995,1.00035575795644,15114.5963537974,13321.0137743718
"log_lik[93]",-0.512497911160625,-0.501801155,0.130230269507145,0.126439204395,-0.7436598275,-0.317400157,1.00000329564432,17065.2505820004,12112.0089550591
"log_lik[94]",-0.23577695853075,-0.223196565,0.0931173304759846,0.087785138889,-0.4048642885,-0.107081345,1.00005482471102,16842.0428723646,13109.1571195628
"log_lik[95]",-0.275283866352938,-0.271055765,0.0633040017628526,0.062523058185,-0.3866975455,-0.1782103565,1.00024276051711,12420.6765209407,10655.009051729
"log_lik[96]",-0.50015797854875,-0.49147838,0.119174596426177,0.117226468842,-0.7126882765,-0.32133293,1.00015585436698,12842.3639135316,10100.6052043679
"log_lik[97]",-0.153009939620563,-0.143813105,0.0658958708783769,0.063242652921,-0.275302628,-0.0623523034500001,0.999906615111366,14705.2259269785,12117.72817967
"log_lik[98]",-0.269952734681625,-0.25941817,0.0883231917904992,0.083964426798,-0.4304212705,-0.14390509,0.999969790884062,13880.0571096476,11505.385079704
"log_lik[99]",-0.341213362916125,-0.333420725,0.0902968070393964,0.089087669706,-0.504689186,-0.2071488225,1.00021710161213,12590.4988680725,9776.26014422001
"log_lik[100]",-0.41609048553125,-0.41050136,0.0870570042696622,0.085510682229,-0.5680515995,-0.284283441,1.00015268527968,14021.5784392972,11392.1684341972
"log_lik[101]",-0.197634104406,-0.18620259,0.0819033633224527,0.07713997452,-0.3475877795,-0.0854704004000001,1.00000877180541,17226.741134074,13454.5639628099
"log_lik[102]",-0.870980314355,-0.866370285,0.10331028881724,0.102536771673,-1.05049877,-0.709764852,0.999980464795223,17629.1660285884,12661.3097634016
"log_lik[103]",-0.320901875543875,-0.314030515,0.0826688342104361,0.080764138329,-0.4672765855,-0.1966412215,1.0002668607916,13868.6826671851,11080.2317803271
"log_lik[104]",-0.0657759192470819,-0.054313282,0.0467155451967246,0.0387897070974,-0.154375006,-0.0130167693,0.999922031482251,15638.6361157204,12988.0904993357
"log_lik[105]",-0.044768303052475,-0.035844853,0.0347754428971789,0.0273177441516,-0.112109268,-0.00744851745,1.00017711974634,13681.0448181828,10567.6683921253
"log_lik[106]",-0.950650408200625,-0.945338555,0.10801925538536,0.105697259745,-1.13644843,-0.784019699,0.999923899343759,13746.0774172836,13949.1877542706
"log_lik[107]",-1.2482569570575,-1.2371428,0.187833554207078,0.18746528136,-1.571101905,-0.959799081,1.00003933852333,11777.2997483624,12744.769679172
"log_lik[108]",-0.148826889670312,-0.143871345,0.0489565317729296,0.047845540575,-0.2380563835,-0.0773711553,1.00025337597062,12516.2509384636,11708.3303549057
"log_lik[109]",-0.810148195825,-0.80609985,0.0955479580492724,0.0947840412959999,-0.974576624,-0.660818708,0.999912644631504,15656.8166975233,13601.7396340599
"log_lik[110]",-0.37060634987125,-0.36455326,0.0850068583412881,0.082882551339,-0.519283394,-0.240330923,1.00012037618674,14110.1090529304,11273.5850913922
"log_lik[111]",-0.876008364583125,-0.85683762,0.233983537959234,0.227381847483,-1.289341565,-0.530768371,0.999993388892391,17980.4263984589,13518.3811512184
"log_lik[112]",-1.268376982385,-1.2566441,0.218846148084586,0.22010479449,-1.647287175,-0.930881921,1.00020756876021,14701.5876157749,14111.9656486017
"log_lik[113]",-1.18652940196125,-1.1337411,0.293287483433875,0.271600407309,-1.73895723,-0.806656639,1.00039863572461,15677.1048715049,14392.3242535179
"log_lik[114]",-0.416990693955,-0.412893455,0.0795677052935818,0.078284334156,-0.5569237485,-0.293929729,1.00012942865168,12720.9179153786,9698.72330920039
"log_lik[115]",-0.0960811495129375,-0.090391209,0.0388731130049699,0.0368021661546,-0.1672385885,-0.0428223235,0.999998419872988,15835.0668811623,12602.7093766359
"log_lik[116]",-0.814901628023125,-0.81021579,0.0988746534328846,0.097805802486,-0.984798754,-0.661332646,1.00018679059657,16307.6064907815,13571.1744835455
"log_lik[117]",-0.207606493792375,-0.19809627,0.0775795984733129,0.074874880479,-0.350677724,-0.0975919944,0.999950646066309,14391.2303183836,11973.1349358401
"log_lik[118]",-0.536144011346875,-0.531757375,0.090118357210829,0.089444724264,-0.6922764975,-0.3964669715,1.00018179753761,13479.8915864244,10458.252302785
"log_lik[119]",-1.40260091721375,-1.3873324,0.201071444773992,0.1952828829,-1.75959326,-1.10020327,1.00023325419224,14518.1412956919,11640.6529465083
"log_lik[120]",-0.887702483944375,-0.884160095,0.0976993516926988,0.0975635901239998,-1.05258582,-0.732972442,0.999962092716178,15330.9956054653,13708.5090983415
"log_lik[121]",-0.277771728129125,-0.27167243,0.0742872480143805,0.0726643609439999,-0.409591866,-0.16554133,1.00009119026219,13469.0178345777,11487.6892674245
"log_lik[122]",-1.20720535261625,-1.19338875,0.178854455371816,0.17522122926,-1.525879885,-0.940099915,0.99998652032753,18840.7388549961,12736.9373349442
"log_lik[123]",-0.50692539905625,-0.5035935,0.0852006934378988,0.0847860466529999,-0.653517436,-0.373247102,1.00008865987294,13411.1794586883,10372.4007935088
"log_lik[124]",-0.824569311445625,-0.82021651,0.102690484803773,0.101468936436,-1.002831585,-0.6663121575,1.00007535173154,15343.7401595617,13499.8449684327
"log_lik[125]",-0.774750549785625,-0.761950405,0.175429857057737,0.172529998914,-1.081581275,-0.511719453,0.999984235249135,17499.1999614438,12547.6679968072
"log_lik[126]",-0.4304349878,-0.42488257,0.0946090158674988,0.091835142483,-0.595553751,-0.284969031,1.00013194396177,13598.6437760358,11625.0339016232
"log_lik[127]",-0.473047588945625,-0.46488851,0.106984836173287,0.10510484985,-0.6596797805,-0.3121470805,1.00012430767514,20416.7412325022,12428.0952290467
"log_lik[128]",-0.319980629446875,-0.31590291,0.0675253941908869,0.066780218064,-0.439096588,-0.21703288,1.0000852451235,12853.7879554275,10085.9387936609
"log_lik[129]",-1.08828901202125,-1.0764949,0.20645572762913,0.205870344477,-1.44369548,-0.7714821285,1.00014602423969,14345.6531685596,13027.3939773828
"log_lik[130]",-0.544078896930438,-0.51542562,0.207894515688812,0.197046013059,-0.9238765495,-0.2551403265,1.00002648144574,13854.0723266183,11946.0827959669
"log_lik[131]",-0.843087623180625,-0.83900908,0.0998609087959094,0.098499288636,-1.01626128,-0.686903141,0.999950534941494,17356.070357865,13107.2053317082
"log_lik[132]",-0.0409029520638545,-0.0305687375,0.0359034444062713,0.0263345898375,-0.110143691,-0.00505398784,0.999915118765859,15114.0323280977,13049.0160208995
"log_lik[133]",-0.823528541706875,-0.81714315,0.106218213884882,0.103065704049,-1.008730285,-0.662994976,0.999975027598508,15075.4851915341,13875.8011444874
"log_lik[134]",-1.4281744617175,-1.4174713,0.220495023681548,0.22000798071,-1.804949175,-1.08972774,1.00023034718733,15102.3711644648,13909.3516023066
"log_lik[135]",-0.896101137979375,-0.876916455,0.24276655715499,0.238728659715,-1.32364665,-0.5350601095,1.00001820894118,16252.9864069881,14334.812842126
"log_lik[136]",-1.0271608890775,-1.0164137,0.189170742548747,0.186468796248,-1.356651495,-0.735826079,1.00005807636001,14952.1603910578,12581.4122607924
"log_lik[137]",-0.710034698604375,-0.700572975,0.148362041259769,0.144986589699,-0.969809365,-0.481657884,1.00051718476729,13860.2931607833,10453.3289802417
"log_lik[138]",-1.06371275996875,-1.05876645,0.10206270720571,0.100598665062,-1.2369294,-0.9024370805,1.00005691099271,13805.6751031285,12190.7842991194
"log_lik[139]",-0.88391940002375,-0.86849741,0.131583250661441,0.124092537702,-1.12139386,-0.69574782,1.00010070696568,16430.2619835243,14441.9445103403
"log_lik[140]",-0.14476581140625,-0.13989135,0.0463780030490798,0.045248114331,-0.2283460965,-0.07777008755,1.0000738781753,15140.7205537187,12589.581626332
"log_lik[141]",-1.62209530077,-1.5900999,0.404126292063031,0.39682723038,-2.329217655,-1.014834315,0.999928940925397,18116.0127545373,13820.1905825512
"log_lik[142]",-1.2183817772025,-1.20602945,0.205036953977083,0.20335482447,-1.57344292,-0.906547578,0.999956012940763,16127.568373871,13335.552478413
"log_lik[143]",-1.507853295315,-1.47213825,0.411985577242284,0.4032679413,-2.248982245,-0.9028063975,0.999852090679534,13795.8111645686,13061.1369531618
"log_lik[144]",-0.302870353090625,-0.28803596,0.113173871766214,0.108133401348,-0.5104146715,-0.1439751035,1.00034196586085,13262.4825231122,10694.7268438761
"log_lik[145]",-1.171814536505,-1.16306595,0.137331696146429,0.13359686361,-1.41093469,-0.958668597,1.00014424736688,13851.8710528221,11131.8847969426
"log_lik[146]",-0.798589235331875,-0.79483637,0.0936379253397758,0.093957469557,-0.958941701,-0.6521591405,0.999969541986429,16046.8798841055,12820.5298014016
"log_lik[147]",-0.821489264216875,-0.8174352,0.097586060088825,0.0970805590439999,-0.988706251,-0.6672291075,0.999920245361098,16549.9287841709,12871.6607573704
"log_lik[148]",-0.423575814993125,-0.41733199,0.0919938220753074,0.09051095088,-0.5857648385,-0.282661214,0.999981359600688,11692.6424775635,10468.2774272846
"log_lik[149]",-0.808268635930625,-0.8044054,0.0948440282195668,0.0946380645,-0.972462479,-0.6586127245,0.999940714226849,16731.070701916,13063.9664628535
"log_lik[150]",-2.14245009145,-2.13317935,0.249794203870923,0.25197861885,-2.566320045,-1.748535785,1.00029615964287,14276.1556377383,13975.8379151349
"log_lik[151]",-0.304706548115625,-0.30182666,0.0656156189465855,0.064891986117,-0.416918855,-0.201770559,0.999991280052874,12258.8495203741,11199.0746413012
"log_lik[152]",-0.547330981645625,-0.53171529,0.160960553552812,0.154433257293,-0.8361156135,-0.3137101135,1.0001352488343,13881.9287569581,10804.628488464
"log_lik[153]",-1.11114562737625,-1.10470655,0.117742950180144,0.11491476927,-1.31547402,-0.929153334,0.999986401027745,13104.1009538231,12365.4260848848
"log_lik[154]",-1.78512478095625,-1.76340445,0.31325147756433,0.3121162107,-2.335692935,-1.308764295,1.00017360771332,16581.3023269547,13617.2565438474
"log_lik[155]",-0.842912271861875,-0.83874307,0.101023198700257,0.101336280801,-1.01768799,-0.6846025025,0.999889591296137,16437.9639835921,12794.7439991716
"log_lik[156]",-0.380057987396375,-0.36884947,0.114257381580899,0.111816987765,-0.5872418195,-0.214096742,1.00015318168531,12542.3501974842,9525.18756812861
"log_lik[157]",-0.153554172927062,-0.14246383,0.0692497394363793,0.063720391119,-0.282081324,-0.0625714262,1.00002175307321,14981.8053792771,12478.6981453241
"log_lik[158]",-0.80166051625375,-0.79854182,0.0949384808333075,0.0951089901509999,-0.9639189425,-0.6521687585,0.999975364604093,15980.8548304483,12963.8332370015
"log_lik[159]",-0.995978043123125,-0.989925025,0.12401011570414,0.123096163785,-1.2115623,-0.8059326865,0.999901354801761,17896.8771820879,11895.8387604976
"log_lik[160]",-0.425676793909938,-0.410415865,0.130265568951207,0.124342948842,-0.6621249285,-0.2384080775,1.00001419901195,12276.0426504682,12387.0552407011
"log_lik[161]",-1.18081596234875,-1.17621885,0.110582494386431,0.10945939431,-1.36889549,-1.0065756,1.00023687085428,13358.6091142397,11218.4291109271
"log_lik[162]",-1.91718888011375,-1.88401835,0.361319508933475,0.34762411005,-2.56270406,-1.383153575,1.00000534815357,14024.6535695024,11261.8203707123
"log_lik[163]",-1.39629280713187,-1.37822015,0.276843954653893,0.27642231918,-1.880299055,-0.9729365615,0.999994595976244,12545.5881269187,13250.435153212
"log_lik[164]",-1.04515050446813,-1.03472475,0.190839054060292,0.189664392288,-1.375799625,-0.750078036,1.00005639856873,17730.9492090154,13900.4965188669
"log_lik[165]",-0.333168587725625,-0.330816995,0.0607690729894989,0.060286304043,-0.4382029995,-0.239220717,0.999997786767358,12401.4327597453,11343.0307414377
"log_lik[166]",-0.0434279099116225,-0.034071787,0.0353207115721364,0.0270043825569,-0.1123466145,-0.00658246268000001,1.00034832323673,13984.6669313426,10820.5046483567
"log_lik[167]",-1.2022869209725,-1.19143295,0.182473689973011,0.18200160384,-1.51493799,-0.922614393,0.999987062130289,11558.6913842134,12609.8930691134
"log_lik[168]",-1.09827763406937,-1.09041615,0.131158512236653,0.12710196366,-1.327866865,-0.894996808,1.00016425450787,14925.0894188364,12298.0673693282
"log_lik[169]",-0.786307046076875,-0.775430445,0.157115496456463,0.153371752758,-1.06149006,-0.5460591165,1.0008000605913,15618.2695082099,11260.9914917605
"log_lik[170]",-0.812696788168125,-0.79683293,0.202361491522593,0.19770782346,-1.16531649,-0.5096374475,1.00010318619891,14907.1423038774,12193.6187092975
"log_lik[171]",-0.891519919611875,-0.87713585,0.132106709078214,0.124698350301,-1.130911845,-0.7026069255,1.000072463888,17054.9040832101,14781.9968914836
"log_lik[172]",-2.096955919095,-2.06173745,0.456287596508749,0.45089987628,-2.89370026,-1.416518995,1.00013980840433,17141.4747911107,13785.2499196405
"log_lik[173]",-0.59932907490375,-0.593762115,0.106042858463424,0.105560030289,-0.7818009725,-0.435579746,1.00000597645437,17951.3093160007,12695.3579452206
"log_lik[174]",-0.803486354839375,-0.800129035,0.0951433233749115,0.095245107657,-0.967548232,-0.6540483315,1.00006057316246,16260.2319815071,13009.0862176841
"log_lik[175]",-0.470908563586875,-0.46592374,0.0885453136983574,0.08750957544,-0.624903391,-0.335565668,1.00011326624742,13672.0768888135,10447.3280445154
"log_lik[176]",-0.475651939471875,-0.464363695,0.130594766210381,0.127413257769,-0.709072804,-0.2812820735,1.00025695131575,13537.1119162524,9767.9772443658
"log_lik[177]",-0.173754171514125,-0.165689065,0.0609426235534069,0.058852822581,-0.284655427,-0.08786311365,1.00033666823284,15785.2672411275,13422.6988660214
"log_lik[178]",-0.0574593919845812,-0.0516558375,0.0313783505413346,0.0282058897512,-0.1167044605,-0.0175136137,0.999862135529059,14812.1761067498,12694.0806373585
"log_lik[179]",-1.41167294661375,-1.3960204,0.205355448263202,0.20019332823,-1.776627605,-1.10618113,1.00038830371887,14468.5592469424,11162.8387620521
"log_lik[180]",-0.663904043514375,-0.644746115,0.199121124399713,0.190933987146,-1.019642,-0.3740248755,1.00013776259041,14418.6981561028,12048.1381548042
"log_lik[181]",-0.154400551054,-0.149166115,0.0512195473565646,0.049999106031,-0.2480621955,-0.08050052955,1.00036552186805,12371.9922396976,11371.356064829
"log_lik[182]",-0.65304731193125,-0.64971369,0.0942496120075965,0.092956173408,-0.8142418605,-0.503359343,0.999948073436317,10728.3286575218,11064.3545189346
"log_lik[183]",-0.0794424438026562,-0.073677312,0.0373398726180492,0.0349153960512,-0.148274503,-0.02925852785,0.999899191917764,14610.2166495776,12281.093616055
"log_lik[184]",-0.0879062910862313,-0.080229215,0.0437336090312723,0.0400563330489,-0.171189753,-0.0318938017,1.00019611757476,15779.5349003243,13543.1982226307
"log_lik[185]",-1.03950588537188,-1.02884185,0.194233091859137,0.19369242375,-1.374074855,-0.73968738,1.00010917462786,17430.5580566128,14000.2525000232
"log_lik[186]",-0.322326847889812,-0.31487392,0.0882562225677589,0.0869102269770001,-0.477290813,-0.191083637,0.999981310272765,16978.1695251934,12132.2603420452
"log_lik[187]",-0.0711055430096812,-0.059509421,0.0500278189894191,0.0414196022814,-0.1688090865,-0.01433964145,1.00028246898807,14038.7890004363,11439.531869184
"log_lik[188]",-0.15605799613825,-0.138835295,0.0872264829723263,0.0756039438399,-0.322964192,-0.048748237,1.00013563653168,13637.6905892696,12577.2947142154
"log_lik[189]",-0.243971795709125,-0.24017765,0.0577326738610795,0.057534361227,-0.3456727275,-0.1551056425,1.00031672935411,12308.5699430329,11415.9329594778
"log_lik[190]",-0.274333376108125,-0.271477595,0.053949794943821,0.053856379038,-0.3667709775,-0.190979265,1.00000446475415,13141.1966067073,11007.2980547324
"log_lik[191]",-0.163526746203063,-0.156096645,0.0588658279228123,0.056429839053,-0.2699572565,-0.08116622805,0.999922358027178,18496.0771588468,14025.6249943866
"log_lik[192]",-1.32857494011875,-1.3196138,0.190025863210163,0.19084679544,-1.655790255,-1.033636325,1.00008190252369,14691.630813088,13463.1455231101
"log_lik[193]",-1.23254304632063,-1.22739565,0.115915430362828,0.11479267716,-1.430557865,-1.051868025,1.00025928933978,13365.7404496942,10823.9869251006
"log_lik[194]",-0.207354813423937,-0.19552252,0.0818699948642233,0.07633899987,-0.3581304615,-0.09460986395,0.999933515254491,14215.902963188,11658.3189048265
"log_lik[195]",-0.805830956480625,-0.802411705,0.0960484777040859,0.0956199089369999,-0.969326792,-0.6553288335,1.00003583293681,16054.6759819486,13400.4125713413
"log_lik[196]",-0.1263160705035,-0.11955146,0.0517251389566438,0.0504928518612,-0.2209224535,-0.05462259685,1.00006901287384,17296.8966836872,13994.4914887362
"log_lik[197]",-3.4096944107375,-3.38711425,0.398184858448774,0.39531090123,-4.103366915,-2.799803695,0.999977991853533,13554.4730563607,11376.1020185259
"log_lik[198]",-1.9778517214625,-1.9697845,0.22903319200305,0.22963257513,-2.37043466,-1.618317425,1.00047274702551,15050.5902855347,13676.9281260323
"log_lik[199]",-1.3706229424125,-1.35024775,0.230107342322232,0.22366607382,-1.782181685,-1.033226545,1.00017220260308,15715.405697824,12930.0309126505
"log_lik[200]",-0.764610126898125,-0.75247618,0.168698483367611,0.164347707426,-1.06467772,-0.5113342445,1.00012051177076,18929.4919798462,12809.1566346534
"log_lik[201]",-1.2744454394525,-1.26390325,0.208792759316288,0.2082926979,-1.635356055,-0.952856131,1.0002291821865,15464.3283781573,13859.2165174146
"log_lik[202]",-0.96420407517125,-0.92098279,0.214517057445189,0.177767928345,-1.37757153,-0.6996224035,0.999992094201486,15939.9240115479,14789.3772911551
"log_lik[203]",-0.065051160511025,-0.059254878,0.0336951390474666,0.0308102375133,-0.1280194135,-0.0212885006,0.999868255866101,14759.8748044206,12246.5413180797
"log_lik[204]",-1.29086014941063,-1.2846753,0.129487515853062,0.12790078854,-1.514039145,-1.08889346,1.00005166018384,13527.1776362349,10675.8865689827
"log_lik[205]",-0.432402672354375,-0.426651545,0.0878364105904343,0.086617287456,-0.586279497,-0.298238758,1.00024249147866,14104.833927916,11521.6195400293
"log_lik[206]",-3.74464043429375,-3.71147845,0.582660838035822,0.57951535215,-4.770386055,-2.85426776,0.99990739434257,14318.2745090965,13221.3151644673
"log_lik[207]",-1.3318074025825,-1.31716405,0.175697281998792,0.16883337303,-1.64256446,-1.0678447,1.00011121818038,13840.3818218244,12231.8381216472
"log_lik[208]",-1.33880928218813,-1.3234193,0.189676200015771,0.18503908059,-1.675332175,-1.051257055,0.999992733538864,18867.167930818,11853.6737691451
"log_lik[209]",-0.0945369083925312,-0.0888233545,0.0405413251073456,0.038722494909,-0.169864236,-0.0391895544,1.00018808704832,12733.5833052264,12064.8576579172
"log_lik[210]",-0.75671463063,-0.7496689,0.13969351769597,0.138945958389,-0.9982093805,-0.541397868,1.00009474205373,15620.7253964236,12279.1485438735
"log_lik[211]",-1.84314027780375,-1.83064315,0.26304296646616,0.26068533561,-2.29830741,-1.435629085,1.00016626088933,16480.1563834125,13680.8583139617
"log_lik[212]",-1.35857111949188,-1.3498079,0.222305904982126,0.22160399961,-1.744077595,-1.013457825,1.00008333324603,18027.1953048977,14389.3915168509
"log_lik[213]",-0.095217395353075,-0.0827836755,0.0587245970916361,0.0502087137951,-0.2097364155,-0.02465525775,1.00020817251687,11895.3454848793,10421.8884941896
"log_lik[214]",-0.366911292246875,-0.359783715,0.0887036393684647,0.087629525193,-0.5255924255,-0.2333059595,1.00025584264056,12742.9597033647,10238.5372187821
"log_lik[215]",-1.20981819106938,-1.1923143,0.266832436185886,0.26191997076,-1.674223025,-0.805784436,1.00002481388911,14346.2126012451,12959.8731996894
"log_lik[216]",-1.201575298235,-1.1934279,0.141291858581628,0.13771930704,-1.446633505,-0.984348573,1.00006181752978,14411.5841131837,12367.5888848122
"log_lik[217]",-0.276113293470375,-0.26949212,0.0802081174179039,0.078568785792,-0.4186108315,-0.1578511865,1.00007987385964,18229.6134593498,13667.0462433439
"log_lik[218]",-0.120790913164219,-0.113085385,0.0537354419346011,0.0507015226221,-0.220845411,-0.0477692831,1.00003458771315,12947.3650806344,11084.2608792176
"log_lik[219]",-0.812724421203125,-0.80804535,0.0986330921902115,0.096955598103,-0.983849371,-0.6586292895,0.99996492662973,15877.4128094146,13052.5282967169
"log_lik[220]",-1.01088943020813,-0.999236475,0.138694250389506,0.134916785325,-1.25737778,-0.803099809,0.999970382613421,19903.4709833128,13311.5834513395
"log_lik[221]",-0.159372994905625,-0.15281361,0.0566964940130937,0.054520494882,-0.263448662,-0.079266443,1.00000941278574,14213.1027016372,12740.6943738569
"log_lik[222]",-1.91113239809938,-1.87761045,0.427946424646922,0.42686559594,-2.67173432,-1.26780678,1.00029229003979,16648.273825401,14333.3138660539
"log_lik[223]",-0.660030011719375,-0.655132335,0.103518790202333,0.100948743987,-0.8392835525,-0.498995049,1.00058031599553,14300.3235807998,10169.8907443848
"log_lik[224]",-1.23394778179375,-1.21382705,0.205200517014945,0.19784503809,-1.6008311,-0.9365839095,1.00022021747426,13770.0237944623,11530.2452319902
"log_lik[225]",-0.1181194926475,-0.11289828,0.0436309547124196,0.04211095497,-0.1967252065,-0.0569551601,0.999963505500594,14117.233692582,12239.3492624594
"log_lik[226]",-1.05763147491063,-1.04626965,0.141225374486286,0.139086835041,-1.306211705,-0.8412817725,0.999948994011469,20433.0475813273,12904.1558206168
"log_lik[227]",-2.03939789683875,-2.0128588,0.396541089181588,0.38764022535,-2.73114019,-1.42941352,1.00019389160394,14171.318385323,13410.9658030681
"log_lik[228]",-0.873513411339375,-0.867986225,0.107643619720381,0.106780862433,-1.059495,-0.706689448,0.999979399780897,15250.1256985172,13436.8853310558
"log_lik[229]",-0.92523209029875,-0.921249455,0.0978622496920423,0.096499053672,-1.09061323,-0.7700104015,0.999968841897429,14129.636474321,13894.6322869706
"log_lik[230]",-0.184859862914938,-0.17429579,0.0754080422468483,0.070589788416,-0.3233621,-0.082432486,0.999954633271134,14657.5528312757,11606.5160684842
"log_lik[231]",-0.184156976594125,-0.17522083,0.0716250351467285,0.069525837591,-0.3137503485,-0.0834986279,0.999962497142595,16674.1475473795,12844.1138532227
"log_lik[232]",-0.420441419771875,-0.416036405,0.0800083982552793,0.078823970904,-0.561197327,-0.295916805,0.999930666821289,11614.8649044366,10699.3831397692
