"variable","mean","median","sd","mad","q5","q95","rhat","ess_bulk","ess_tail"
"lp__",-182.641297953125,-182.261385,2.56128965628,2.44784673000002,-187.309628,-179.1594335,1.00100410401613,3345.42842068086,6760.18953213688
"beta1",0.394829241597275,0.38639027,0.714751205256609,0.6538025811387,-0.776991036,1.57660756,1.00082668706319,10169.6968711864,8113.18362164635
"beta2",-0.291065524888656,-0.295363665,0.55878826705213,0.5098470945204,-1.188605875,0.6165873785,1.0005620463245,10369.1180908323,9198.30490475681
"beta3",-3.1895707952775,-3.11079405,0.994307724326498,0.98616391797,-4.95825083,-1.699174655,1.00111804100837,3361.06209249485,3856.03720935414
"beta4",-1.14854524422576,-1.08232575,0.512546440890786,0.481836652962,-2.08205311,-0.428107279,1.00049362653379,5472.29450164921,8342.65877182502
"beta34",-0.344308258645089,-0.323571,0.430792493687496,0.39093908448,-1.08352399,0.3260296415,1.00041734488936,10381.2703676958,8908.58033583936
"k0",1.14519877951324,1.10884615,0.492490380705119,0.48853730814,0.4081858525,1.9936383,1.00068170715894,6808.53137865285,9406.69034183309
"delta",5.38081784585625,5.174127,1.79496359568922,1.71166407216,2.821846115,8.64281326,1.00089586897314,3019.29940981473,3264.21327895451
"sigma",4.42536893494375,4.2826855,1.41048747985929,1.35413011545,2.383923945,6.989588915,1.00079200647152,2857.94400279792,3065.38053630724
"beta0",0,0,0,0,0,0,NA,NA,NA
"mu[1]",1.41258919128406,1.3472564,0.528084753900087,0.50408570499,0.67146267,2.361281865,1.00073272067647,4088.38341764523,5467.94091669451
"mu[2]",-4.58077439471563,-4.41766805,1.53737859832495,1.5030546909,-7.40582198,-2.368464975,1.0009547056771,3329.45399935084,3890.17762419243
"mu[3]",2.25497485231812,2.1861538,0.80227244787083,0.77843853696,1.076758355,3.71273314,1.0009203103407,4158.28231294094,6565.39764604865
"mu[4]",3.43864043961212,3.29726335,1.4122059803701,1.37015672493,1.38292632,5.97954568,1.00028816019963,6495.12561572041,9569.4180084405
"mu[5]",-4.42056835851625,-4.2388296,1.52989263899282,1.47092941758,-7.216875915,-2.24595754,1.00108085186373,3466.70099588741,3873.16684291185
"mu[6]",3.64316629813144,3.48091275,1.48106691393592,1.4194197423,1.52764638,6.35243912,1.0005347900363,5186.62068245757,8560.0244110498
"mu[7]",3.20571467522631,3.09362835,1.13810452177267,1.11494314701,1.536371195,5.23998516,1.00127980912848,4319.23267688865,5695.09385813632
"mu[8]",1.85627518095495,1.75313905,1.03025347129015,0.97857708312,0.3508036605,3.693397765,1.00119246861411,6499.66632021659,8314.69031296849
"mu[9]",-2.79276328908674,-2.52743195,1.77102262078534,1.59620066676,-6.08042351,-0.4247328495,1.00064206170822,6590.21500687587,8090.98662571726
"mu[10]",0.687853785494124,0.60736088,0.889372863464224,0.8053252203507,-0.629484278,2.27351981,1.00022924852311,12812.6116947143,8952.86166761295
"mu[11]",-3.69983291482769,-3.46983585,1.62639247185152,1.5459507567,-6.69732263,-1.454091445,1.00073652857465,4663.54072791557,7515.28260512512
"mu[12]",-1.01611110720804,-0.97556738,0.521448086464887,0.501340900893,-1.921875815,-0.24561437,1.0007385249178,7212.09092274683,8601.09522101863
"mu[13]",0.689012695765575,0.64704846,0.456182767193805,0.417984503181,0.02278512925,1.50228896,1.00034190286007,8666.10719779055,8939.34443563034
"mu[14]",3.60394385968969,3.47721795,1.28746746696089,1.25098333542,1.728648215,5.91719211,1.00134137408884,4095.40255081806,5384.25764614703
"mu[15]",-6.62644258056813,-6.40911755,2.27592476851219,2.22335232756,-10.7722512,-3.341347,1.00076265114924,3587.90941049289,4064.29131634854
"mu[16]",1.42560987643829,1.31251395,0.794732980356357,0.73865274357,0.3429240165,2.877011865,1.00070564912161,5929.37414690775,7674.77527139377
"mu[17]",0.363262135607634,0.35130971,0.531866344769085,0.4791349539774,-0.478442153,1.260570515,1.00034359493745,11014.7216223409,9305.41081622886
"mu[18]",6.08788874799875,5.86457665,2.17307767875606,2.0888306922,2.978439395,10.0214824,1.00113323924461,3956.64494671413,4976.78610030187
"mu[19]",4.11808090607938,3.9734854,1.48182489921079,1.44046539756,1.97215835,6.831932705,1.00102227450651,4241.71748350241,5602.6492818214
"mu[20]",0.16286328614669,0.136870725,0.391910956933224,0.348428324181,-0.436024951,0.853148763,1.00034932636079,13001.7486017043,8991.75732754642
"mu[21]",-6.90772153596188,-6.58465985,2.64860054359358,2.54796092586,-11.77966185,-3.18618422,1.00102967366565,3927.4498745458,5389.46111958586
"mu[22]",3.49103440475375,3.37899825,1.12137467414586,1.08782172282,1.8567352,5.515861935,1.00107058675211,3192.95488456275,3467.96391117775
"mu[23]",-1.83856068682567,-1.71622755,1.01400024019477,0.95230422504,-3.70703973,-0.4197374585,1.00135331812972,5567.95052351717,7276.76513336205
"mu[24]",0.796924133996272,0.761475985,0.633334805902808,0.585437775762,-0.1671630765,1.89912284,1.00034403366913,9135.44087721759,8742.11550596927
"mu[25]",2.41037134097725,2.3150795,0.989767958610114,0.96927139596,0.976986761,4.20778997,1.00091134003577,5568.6065743974,9103.02245572931
"mu[26]",-5.7424540656775,-5.52553675,1.9846418730435,1.91786081844,-9.387486135,-2.90627094,1.00097197123367,3429.26872376513,4228.52470084362
"mu[27]",-0.603965553133476,-0.512244265,1.0712275255399,0.963448106397,-2.532058125,0.976346173,1.00061758660135,10791.066310602,8102.55492439358
"mu[28]",4.67364176358375,4.506935,1.58083494072668,1.53009412731,2.39987741,7.529541405,1.0009145066656,3526.30699063162,3937.88011211556
"mu[29]",4.44397970411438,4.2595359,1.55583986074611,1.48343233164,2.24451324,7.306788245,1.00100138949432,3578.7691833569,4278.4793799599
"mu[30]",5.5548736536625,5.42652155,1.72484939521489,1.70291784411,2.964699625,8.629264245,1.00099173935722,3343.35993619989,3871.14363686154
"mu[31]",-6.107881787365,-5.84260595,2.27906695151999,2.18258868534,-10.318506,-2.87710869,1.00076697056143,3853.72555072197,4771.16613466203
"mu[32]",0.652974530465039,0.623077515,0.787277342928454,0.735840155001,-0.586706258,1.98398702,1.00074961737778,9524.66217609571,9189.13778082413
"mu[33]",-0.124568001271124,-0.11770993,0.0939040107172732,0.087591407547,-0.288724716,0.0160634638,1.00025818434989,11226.7242353912,10836.7249355833
"mu[34]",0.863891692973256,0.792926035,0.890542921706621,0.804369937434,-0.4360613315,2.445382955,1.00023112935598,10711.5456881868,8880.58310674438
"mu[35]",7.32893127909375,7.1242529,2.37073889341824,2.2861417719,3.84510813,11.55322655,1.00119612465803,3471.50960170199,3733.93514155851
"mu[36]",1.23770450286405,1.1649745,0.896756643108897,0.821250917403,-0.0899628034,2.824722505,1.0003112789817,8920.19640416416,9322.11141490175
"mu[37]",0.735373798975684,0.69743189,0.397285805226607,0.376315259229,0.1560006735,1.44976072,1.00049872215192,8916.47956222868,9195.76393186357
"mu[38]",-3.33421077409437,-3.24268235,1.04443232020232,1.02382306992,-5.21419505,-1.779076475,1.0008234645127,3267.14135809012,3613.79492586413
"mu[39]",-1.80471358849494,-1.56372215,1.87918852905661,1.68059982153,-5.245596305,0.7964717555,1.00040104668061,9079.1724690958,8440.2390008315
"mu[40]",-2.97506764476875,-2.88251705,0.965833858706967,0.9356369841,-4.722939555,-1.570101085,1.00099011997647,3309.8946104866,3607.47572833537
"mu[41]",-5.48917928394375,-5.248174,2.05116225369416,1.96749433755,-9.28353915,-2.58562563,1.00077275250906,3857.56093448914,4721.01483871304
"mu[42]",-6.90475212330313,-6.6863322,2.35221522680718,2.30009296377,-11.16541165,-3.50265047,1.00079860852694,3582.4431350458,4029.76904598422
"mu[43]",6.8359852893875,6.62754595,2.20095305189285,2.16792213897,3.593176375,10.737684,1.00067073958715,3528.94763772272,4228.17344323679
"mu[44]",-6.53414811729875,-6.2224161,2.47320445933642,2.35692747108,-11.13931935,-3.058127595,1.00073467147559,3725.83382719423,4639.09205275526
"mu[45]",1.87104309666875,1.78246305,0.687514081202298,0.65345958237,0.90827886,3.14180714,1.00113837907892,3613.85031863302,4370.13381631913
"mu[46]",-3.52517802841875,-3.42272495,1.11623741286637,1.08858014685,-5.53091069,-1.88327993,1.00091950260936,3260.5087617659,3508.96768245584
"mu[47]",-0.600162361486507,-0.56397423,0.599793080902556,0.554943688614,-1.63548503,0.3136781925,1.00012029068937,12448.3753956435,9649.81039224123
"mu[48]",-0.257208510182977,-0.26853352,0.887116996934276,0.796579941906,-1.693620465,1.21609955,1.00029749521618,13647.9191422419,9767.12671433244
"mu[49]",2.20864431053187,2.11262115,0.792465618418434,0.76170457902,1.09429906,3.657074415,1.00109375188872,3541.85510207608,4154.27101865874
"mu[50]",-1.38400329433234,-1.2940087,0.776276476768872,0.731809907052,-2.796242395,-0.281329755,1.0002520487945,8141.6887444071,9065.35157773763
"mu[51]",-6.169995329935,-5.94921975,2.09684973665562,2.02915478199,-10.01706475,-3.159565605,1.00095935801629,3376.44585228534,4026.01582476891
"mu[52]",-0.142878487115002,-0.11526682,0.544996339902388,0.492021996354,-1.0826923,0.702434002,1.00031546543168,12772.0889212411,8615.61527282969
"mu[53]",-5.51788213093312,-5.2651444,2.09739862209894,2.00337866904,-9.38040083,-2.561762275,1.00077617656334,3931.89057215836,4817.30203048384
"mu[54]",4.593986927025,4.45897835,1.48357172180219,1.46283419919,2.401689855,7.221010045,1.00060734224087,3577.0371546119,4385.2430092562
"mu[55]",2.81128868282687,2.7079337,0.941951734337403,0.90614517903,1.45657902,4.513053595,1.00112384419222,3292.74737908518,3811.68883249003
"mu[56]",-4.9386957775825,-4.80542745,1.56751913249494,1.53673602705,-7.7615524,-2.63965322,1.00085034815717,3206.87560960361,3472.80278746145
"mu[57]",3.7543423317975,3.64332245,1.28180411960579,1.25441548029,1.86994152,6.082318375,1.00130442546267,3897.78572970623,4645.23471373272
"mu[58]",-0.213199468924712,-0.18744282,0.610072073672196,0.549440766672,-1.25601466,0.7403739145,1.00038313935343,15393.2485319693,9634.23086652461
"mu[59]",-0.310247864321611,-0.309886485,0.730968755946754,0.670265705865,-1.50775201,0.883643221499999,1.00042817242528,12217.4835331124,8909.23535135668
"mu[60]",-1.58041073564983,-1.4287445,1.29081076280741,1.179728119059,-3.98352222,0.234098029,1.00055927510087,8507.63623437133,8262.79793945568
"mu[61]",0.646826080128121,0.621506355,0.862095051178425,0.7859784275049,-0.7513383585,2.077079045,1.00013707644049,14135.5061275879,9776.60019677187
"mu[62]",-3.71918031746131,-3.5137675,1.52960932034214,1.45165102152,-6.528447065,-1.600007905,1.00076499492108,4317.19655131376,6149.61890429949
"mu[63]",0.726686901134283,0.695435475,0.732456686380705,0.677978576541,-0.4340988935,1.96018099,1.00044990472432,11570.2133033846,9701.64592889339
"mu[64]",0.832004535547088,0.75637939,0.759977240542706,0.696856077561,-0.2840671395,2.174882515,1.00014815796742,12903.880237893,9183.47507870804
"mu[65]",-3.19252751689769,-3.0948724,1.1895070895272,1.1802800688,-5.287056085,-1.451889645,1.00084191227724,4805.03143565409,7194.98411746076
"mu[66]",3.88043442276562,3.7589086,1.2810854715492,1.26227348268,1.985029795,6.144072515,1.00114316644807,3988.89441791799,4679.19610893379
"mu[67]",-1.91123614073938,-1.7743018,1.05991498695647,0.98974165416,-3.890837215,-0.4410929135,1.00086704514766,5783.62250987597,7740.01437078655
"mu[68]",-6.33409987034062,-6.1201882,2.14537119188051,2.10073878714,-10.21398345,-3.219648755,1.00088293855397,3597.2064189662,4209.5163136014
"mu[69]",6.36389378389375,6.2135043,1.99488761309834,1.96207469325,3.39046079,9.911254975,1.00112574151331,3481.7696798514,3687.39977019743
"mu[70]",-1.44766767421442,-1.30417425,1.24282895982098,1.132858900236,-3.75819818,0.3189286425,1.00054141606848,8703.79599228873,8242.52834316252
"mu[71]",5.37903760649812,5.19762635,1.76912892459532,1.69994908587,2.81187689,8.56312205,1.00108673515005,3295.32261197833,3775.24174563923
"mu[72]",3.89305185858563,3.76514825,1.32562970310397,1.29085415592,1.94552449,6.275549835,1.0013142379237,3907.51337110542,4632.61602337044
"mu[73]",-1.74455930902875,-1.6983832,0.560868183049063,0.55259823024,-2.75191779,-0.911804401,1.00072891206993,3505.49842929834,4218.46170326514
"mu[74]",3.64821887576,3.5412316,1.27311508924532,1.25640335037,1.774483505,5.90626548,1.00051517687061,4899.7464216553,6714.89900075554
"mu[75]",-0.471222491928848,-0.395429515,1.03206872120587,0.92611417017,-2.312299245,1.07720626,1.00063882782715,10907.7323225424,7853.4794390402
"mu[76]",-1.21630397291802,-1.1458667,0.743610664184449,0.687382634211,-2.55515659,-0.126775924,1.00033590643722,8467.92085135317,8484.47294038712
"mu[77]",-0.508705140638331,-0.44352821,0.777540780235219,0.721812898338,-1.89062434,0.6521980645,1.00038220882153,8736.8899831889,6961.26747030403
"mu[78]",-1.47768189069288,-1.4208826,0.81182231151511,0.781166824893,-2.905720805,-0.277811232,1.0003970541019,7229.30125722527,7939.99162772846
"mu[79]",3.27046456436261,3.13444385,1.37785115692357,1.33475527626,1.30096914,5.755247205,1.00039984575408,6240.68937949609,9462.90595279078
"mu[80]",2.13656893564062,2.01843665,0.844784352275151,0.80083484082,0.9749242035,3.69735965,1.00105242781382,3949.05843937522,5403.00563244899
"mu[81]",4.61922179866438,4.4842776,1.4720585691431,1.43624273037,2.45075182,7.262836375,1.00102095860721,3223.23710149718,3572.55190125202
"mu[82]",-1.23904604546025,-1.1669896,0.750338490412712,0.714634000878,-2.587363525,-0.152373239000001,1.00010038611553,9267.0414646814,9820.16392114168
"mu[83]",-0.41896580071648,-0.404146315,0.662077728885082,0.61074899842908,-1.524141515,0.641388981,1.00022427516382,12521.6270435396,9822.61704419559
"mu[84]",2.58284837000875,2.4403656,1.04152575156658,0.97523018775,1.150575255,4.504230825,1.00107458253469,4019.92956967821,5870.47797005336
"mu[85]",2.96425367758319,2.85932115,1.07592866621201,1.05489095292,1.390125015,4.889142115,1.00111692536539,4750.71387851428,6709.33771145899
"mu[86]",2.27700272984062,2.1482339,0.908752462189482,0.85925128233,1.027128905,3.95308506,1.00107797703533,3996.49634578282,5741.97981003444
"mu[87]",-6.55194183885,-6.359775,2.10610694350819,2.05803494043,-10.37188565,-3.47661054,1.00087982331523,3235.27574655316,3526.67780323795
"mu[88]",6.52406191418125,6.31047575,2.12360388004096,2.04173249322,3.422095405,10.3573193,1.00102512705882,3308.5962198569,3742.88880609163
"mu[89]",-0.549705488052634,-0.52488551,0.434208198177639,0.401709721287,-1.30551489,0.109079385,1.00032506113036,9426.12776192615,8834.41893102656
"mu[90]",-5.14919241895937,-4.94668575,1.79372854516298,1.72995498249,-8.43655125,-2.59073048,1.00097607206215,3452.48036300113,4243.39510279549
"mu[91]",6.08838366971063,5.9058175,1.99020983849204,1.96938361473,3.157451695,9.613288185,1.00057491769835,3672.40951260724,4727.94852256693
"mu[92]",1.55754644004537,1.4790188,0.60124595030013,0.57362283258,0.724157523,2.658676635,1.00089654968616,4011.20072601661,5231.597514215
"mu[93]",-0.0252409083548259,-0.021664643,0.987112570177089,0.9040505276502,-1.657172415,1.575888345,1.00051409185619,10728.0267342206,9664.92625612001
"mu[94]",-2.59263172882459,-2.36962405,1.48283411272313,1.36145497488,-5.35523666,-0.60660582,1.00049540145052,5922.93230196496,7816.49770324912
"mu[95]",-1.94999941374562,-1.8897384,0.671089155268183,0.66072335868,-3.14598064,-0.9749693925,1.00088870445628,3896.95249289365,5239.24136654145
"mu[96]",-0.0486454012374417,-0.082820306,0.754611828476014,0.6858251762544,-1.210160345,1.227278705,1.00051786786612,10558.5711051676,8928.08389993014
"mu[97]",-3.73277820250271,-3.5392333,1.58705739967998,1.51454802849,-6.621869255,-1.49365873,1.00163066668263,4454.80194437101,7168.78960250957
"mu[98]",-2.10798303858061,-1.95095315,1.08527174088685,1.01759088669,-4.107105,-0.6172186775,1.00058376212652,6576.34808625687,8059.1375267913
"mu[99]",-1.31114301042255,-1.2615255,0.742460761894682,0.708628366341,-2.61519974,-0.213615982500001,1.0003795172461,7408.7387387047,8131.6736765079
"mu[100]",-0.684855172933756,-0.634900755,0.594173225194739,0.54901767711,-1.75009936,0.1905687265,1.00013675655518,11869.9992901684,9636.59282126342
"mu[101]",-3.09142987109332,-2.85793055,1.57324378735679,1.45286289876,-6.02436605,-0.974360545500002,1.00059646374878,5239.40527371025,7494.96982949875
"mu[102]",2.0316988248253,1.950404,0.883666916492657,0.86254013391,0.7336369505,3.61391717,1.00072176851761,6518.78400861597,9560.18494136493
"mu[103]",-1.50396896027852,-1.41689845,0.7247325827402,0.682286018799,-2.82590657,-0.469459205,1.0003870967943,6389.9364195442,8363.69142473275
"mu[104]",-5.98668436513938,-5.6804936,2.37224887444089,2.26443969549,-10.3617664,-2.68513716,1.00090066230528,4048.07268594866,5621.51035657632
"mu[105]",-6.78462649818125,-6.5511314,2.35265222185513,2.29590958548,-11.0727703,-3.393358485,1.00069431120146,3606.97040722268,4139.4621286526
"mu[106]",1.25737856823461,1.20527955,0.509566272108194,0.489591970476,0.52118354,2.19141322,1.0004284243424,5338.08572933193,8852.88968162746
"mu[107]",3.59976434099812,3.51783515,1.10316600476869,1.08570508893,1.939390685,5.5539248,1.00106921473016,3241.50176941502,3587.16430937949
"mu[108]",-3.68255260221563,-3.59197825,1.15837818717912,1.14185878632,-5.74594705,-1.956727455,1.00107513328211,3304.69479962995,3719.78238705376
"mu[109]",3.27495926634188,3.17221345,1.09986077362436,1.0754061339,1.668617595,5.274221505,1.00089880886887,3681.42297483613,4742.05727942144
"mu[110]",-1.04812809751069,-0.976571055,0.614901454908318,0.569267376321,-2.16481296,-0.168758277,1.00037275375426,8055.27889831731,8974.4105233314
"mu[111]",2.02603701340735,1.8665836,1.23799656850703,1.15127277741,0.3062032505,4.30046582,1.00031546885502,7924.95738243301,9314.93279262264
"mu[112]",3.97774467029187,3.84213965,1.39947249186027,1.36575933333,1.940063195,6.507662715,1.00133929062197,3953.00278108287,5100.36994664203
"mu[113]",7.68288500880563,7.3772435,2.74160311073713,2.6339456472,3.767226465,12.71186155,1.00103554341832,3972.42580886515,4936.68953799075
"mu[114]",-0.645572288449485,-0.61903084,0.48119521412308,0.451521256179,-1.463340835,0.0868295313499998,1.0008175771533,9036.67942088631,8888.36205598097
"mu[115]",-4.8214470207,-4.65664805,1.58598657186589,1.53107205027,-7.70004423,-2.52311577,1.00103723311567,3317.61698168934,3553.83531822488
"mu[116]",4.47859402070312,4.3217012,1.50755878664308,1.46026996836,2.30833044,7.187121455,1.00090469227809,3514.40868187319,3911.31285498504
"mu[117]",-2.87913868465367,-2.70944525,1.3706179168295,1.29957288174,-5.369006945,-0.936221134500001,1.00197359849318,5062.16934990761,7009.83521299414
"mu[118]",0.195086260174933,0.17889896,0.445356120178353,0.397279008252,-0.5035105695,0.954542755,1.00017947646273,13027.1657586021,10038.2515374418
"mu[119]",-1.25085698353852,-1.1826857,0.790862621196368,0.751425016398,-2.66511195,-0.0953752670000001,1.00007582798576,9559.52417982892,9449.31193280104
"mu[120]",1.83444025146937,1.76668,0.618850926336106,0.59882517933,0.944221632,2.94480687,1.00086327261067,3514.00082535539,4266.77997273944
"mu[121]",-1.94514014277044,-1.8461519,0.791682199481379,0.7503675816,-3.39063764,-0.8300254805,1.00049330606091,4851.42199091363,8121.55091584176
"mu[122]",-0.389022479987634,-0.31530017,0.936689956601734,0.835609142277,-2.04740333,0.994161487,1.00033160315316,12104.2791876158,8482.31517478158
"mu[123]",0.0203495312675074,0.0061672045,0.390191109609041,0.346368370089,-0.5927639765,0.6873628875,1.00035226590626,13416.1018211341,9499.79043050834
"mu[124]",4.67729604024125,4.51290015,1.66728386587763,1.59545951502,2.2701961,7.678025665,1.00131778813578,3882.30979765726,4907.03057265818
"mu[125]",1.55148526118649,1.4438651,0.934689987787533,0.87598057008,0.2361564855,3.25705297,1.00019342728538,8642.86616475788,9211.32673192895
"mu[126]",-0.568262109225509,-0.521303815,0.580866482214902,0.525344402457,-1.597238755,0.293592478,1.00034378993133,12157.946639994,9174.7147579029
"mu[127]",-0.302913937912038,-0.24333889,0.86510516098461,0.779892485715,-1.807695525,0.9908541395,1.00019168942763,11780.3522600256,8879.43127589636
"mu[128]",-1.49414611514403,-1.4447154,0.58501373534694,0.57700701534,-2.526249565,-0.638480511,1.00068324035757,5259.48581633913,7829.03459842973
"mu[129]",2.94143829981231,2.80315195,1.2646279931797,1.21357503939,1.13114358,5.234891775,1.00127789215959,4927.48433388818,7801.42275518844
"mu[130]",0.00928000948976689,0.10298548,1.42021927037526,1.253382019134,-2.47829633,2.18423021,1.00048171226389,12036.2865761611,8925.59643381232
"mu[131]",2.43439646609659,2.33975915,0.983818245114314,0.95945398941,1.01079887,4.21552715,1.00088381869343,5543.52216512168,9502.19911775129
"mu[132]",-7.13798082865375,-6.81819095,2.71920878005285,2.61543679467,-12.1370987,-3.31194421,1.00097292178104,3906.42086920641,5363.41213431773
"mu[133]",4.06202066481639,3.89697435,1.58988036048401,1.54806086715,1.755178175,6.90600615,1.00040230246811,5544.12114626033,8297.36165603691
"mu[134]",3.39872217436263,3.28527745,1.19489416849118,1.16185972749,1.64817024,5.53910723,1.00130904561977,4166.81024700097,5336.86728800525
"mu[135]",5.5845475540625,5.37256295,1.88888095363061,1.8357464244,2.84791827,8.972309045,1.00074914078775,3687.24431349732,4542.88767964039
"mu[136]",2.74872302101187,2.58086935,1.14857154610128,1.07870225022,1.17830213,4.86790913,1.00103432449002,4239.08442010451,6720.69063469557
"mu[137]",1.23300562661072,1.1140098,0.884728036892856,0.821663450853,0.00100014453850003,2.848589895,1.00057073235631,7222.22672421902,7957.96458913038
"mu[138]",0.41922766442875,0.393939855,0.170546685590586,0.16068240888,0.185746721,0.7348568795,1.00102004219908,4059.02186415289,5710.78608468379
"mu[139]",5.55949794695062,5.3054183,2.02383541923228,1.91381702694,2.72767312,9.26962245,1.00099435262118,3757.64099932026,4717.93171404794
"mu[140]",-3.77559122134375,-3.6417607,1.25570948219884,1.21345294728,-6.061132045,-1.965929555,1.00104303091322,3355.23686525288,3531.23601016487
"mu[141]",2.89902393367631,2.70510405,1.47621537935622,1.38438175302,0.864954485,5.63932379,1.00037875323553,6465.18197717685,9110.69404256956
"mu[142]",3.47933017890437,3.34503135,1.1755407631281,1.13017916004,1.7869906,5.596358415,1.00081044089855,3596.2773944294,4023.93530426168
"mu[143]",4.40601955100444,4.22656645,1.72594157845126,1.6624149171,1.92700219,7.563996165,1.00081194908492,4922.242498627,7994.80716567228
"mu[144]",-1.7395424886634,-1.6616908,1.09567076176916,1.031633162091,-3.66676802,-0.0971858038500007,1.00029898466885,8180.13582787634,8317.13139970038
"mu[145]",-0.167537280068325,-0.180080205,0.499898692338991,0.456116211642,-0.9553758505,0.6586331515,1.00072399167557,10649.8707477873,9087.98150735292
"mu[146]",3.70094581236313,3.6063786,1.13231334835671,1.10583916758,2.007722005,5.726633595,1.0008798103109,3145.14877656494,3339.39723726879
"mu[147]",2.84372480297412,2.7362512,1.05250106793934,1.03241970363,1.30419932,4.724405875,1.00111752244579,4897.14062041408,7443.44198212615
"mu[148]",-0.643104795525682,-0.56395452,0.5902988173852,0.531931890777,-1.72916705,0.1759830365,1.00058712689442,8211.26604291266,7965.73225477681
"mu[149]",3.18652154081312,3.08062555,1.14944228954674,1.11977923995,1.510176165,5.275371215,1.00131813716773,4229.6401420851,5702.90667824055
"mu[150]",1.31608544204534,1.25476105,0.507134427488021,0.484054748583,0.6040584195,2.229162615,1.00064312988491,4356.39808926152,6602.88232112661
"mu[151]",-1.66169791287294,-1.57772315,0.637910178432506,0.60912309654,-2.836125295,-0.7689855175,1.00092031671041,3875.83521044356,4849.12026283069
"mu[152]",0.179801220223762,0.177727535,1.00662363965569,0.901489896573,-1.459038705,1.818714935,1.00015814599794,12160.5813650437,9273.91539633114
"mu[153]",0.141293654442985,0.13160129,0.27584101261233,0.2479945924386,-0.296232031,0.60969183,1.00017744600632,17122.5845453978,10310.639178476
"mu[154]",5.36722666830562,5.1731251,1.80863945834496,1.71996418587,2.76928171,8.62041502,1.00111804658585,3354.41775312636,3996.50772353185
"mu[155]",2.42896724260312,2.3438828,0.937011829630262,0.92112099576,1.052833625,4.10789304,1.00078596675559,5729.32149212811,9378.29044673203
"mu[156]",-0.993319728875872,-0.959079935,0.904291985807376,0.845886073284,-2.516259495,0.401587524,1.00068156430811,9518.38321406289,8931.38165177735
"mu[157]",-3.72250540683438,-3.5372741,1.50048257890283,1.43529119769,-6.479004865,-1.60459207,1.00053440642551,4967.24104269894,7449.40138258058
"mu[158]",4.01738496099312,3.90454085,1.33997093940619,1.30592619339,2.033949755,6.447001525,1.00128863236939,3779.18549894584,4245.29268639771
"mu[159]",0.870019153764406,0.83470455,0.77001211129897,0.708855500661,-0.3480331355,2.17525389,1.00033523004727,11861.2700267012,10031.8769424836
"mu[160]",-0.698279107051083,-0.605104975,0.968424396298792,0.8757242663463,-2.426437395,0.710202136,1.00049673078802,10455.8491173339,8336.52967708018
"mu[161]",-0.256089315872974,-0.243811865,0.123662604664235,0.119467641132,-0.4767501885,-0.07628343055,1.00031440694308,7450.88516441072,9418.07021254
"mu[162]",-3.08069513025278,-2.90901255,1.44529586064822,1.37798715096,-5.693550855,-1.01894309,1.00183014300725,5033.7182480426,7148.66006482832
"mu[163]",3.56162377106375,3.4515926,1.21493243136236,1.18673834853,1.76614357,5.757792125,1.00099748391967,3885.80501682641,5665.65840546399
"mu[164]",2.76501873273077,2.6554543,1.14866303618264,1.11561787827,1.120077015,4.872231155,1.00100441921863,5233.99443838754,8361.12369591046
"mu[165]",-1.37910146190438,-1.31472135,0.50568771938876,0.484394857023,-2.3144467,-0.6729965485,1.00103137116301,3756.70412519747,4425.17361026596
"mu[166]",-6.8947601653,-6.6343579,2.44508486028349,2.38476039501,-11.3662032,-3.388356445,1.00072851264867,3669.95343017587,4197.73401232484
"mu[167]",3.42650749376187,3.3489492,1.05398458128966,1.0404160326,1.8414146,5.29778805,1.00108330536601,3278.60797264272,3604.32442434313
"mu[168]",0.243943008383147,0.20734438,0.573527913910924,0.521749883235,-0.6292967775,1.226739,1.00027056573964,12079.727554208,8716.98299320166
"mu[169]",1.61333957393555,1.5010619,0.896982085486317,0.83973122247,0.3595449825,3.237120735,1.00046998005017,6663.91147750169,8256.7608666135
"mu[170]",1.65268764513921,1.57138055,1.15917854999862,1.084209968373,-0.107256613,3.69266806,1.0009231436419,8955.64944278245,9553.77216959806
"mu[171]",5.66618763797,5.44417095,1.94967470364234,1.86873412614,2.871222785,9.20039598,1.00089645729409,3625.91631729861,4402.14297543717
"mu[172]",6.14652818836,5.9497878,2.10101116453831,2.04158356605,3.10708562,9.929728105,1.00108421480518,3861.43395293252,4319.35642521831
"mu[173]",0.558511025565603,0.53487457,0.756124992940329,0.7042397799024,-0.6399665595,1.825855555,1.00068883227045,10010.5925639997,9165.09536830193
"mu[174]",4.24542098845312,4.12390045,1.34125909611545,1.30448762661,2.26265291,6.64714477,1.0009962265772,3209.52127416836,3503.30493074257
"mu[175]",-0.26300411230194,-0.239670505,0.507057552125856,0.4598942997243,-1.13280202,0.533786716999999,1.00013193020384,13646.6605395748,9861.86390413095
"mu[176]",-0.249580178526862,-0.26662382,0.895090740966693,0.814430030778,-1.70120561,1.255375755,1.00068989473681,11690.8751655086,8892.84243928343
"mu[177]",-3.35797060142169,-3.184109,1.42221673852879,1.34761846212,-6.036509375,-1.339871185,1.00096260712986,4442.62311101396,7707.3170849611
"mu[178]",-6.0531436954025,-5.86592905,1.96188639426633,1.90883437899,-9.63082945,-3.194518,1.00090033789476,3248.86000992349,3594.70705542156
"mu[179]",-1.26903194563828,-1.19608475,0.730938645636809,0.68152445907,-2.597015345,-0.204634111,1.0003438604699,8042.64617826196,8379.05794504091
"mu[180]",0.83788235602881,0.810440045,1.25319317998376,1.1365294279122,-1.186636325,2.94069876,1.00074323569044,10928.7666806703,9317.30434524265
"mu[181]",-3.58808909716062,-3.4940867,1.13967476959015,1.12010956323,-5.608766445,-1.89742578,1.00108988986405,3390.65915844269,3869.99894336135
"mu[182]",0.916206826560544,0.88381355,0.35867291833922,0.3548299167,0.395416018,1.549826345,1.00076976177428,5108.15969683245,7070.33289633835
"mu[183]",-5.29334316924063,-5.1171563,1.73363705648828,1.68684935118,-8.45429776,-2.77809239,1.00092264482843,3268.6439597897,3674.96712210637
"mu[184]",-5.12719363105,-4.91574385,1.91049100904404,1.83000587133,-8.668791155,-2.387942705,1.00083666639446,3806.70567828344,5715.26908624081
"mu[185]",2.74099360763439,2.6266727,1.16450556182628,1.12774302585,1.07210143,4.878852805,1.00100503575272,5316.17881859665,8372.39482523483
"mu[186]",-1.55031090115013,-1.43210465,1.04078158472658,0.966259004802,-3.42787375,-0.0616037865,1.00122885638502,6740.54997411255,7679.37733729905
"mu[187]",-5.77684427134937,-5.5073668,2.20764300284211,2.11154723766,-9.858300915,-2.66774292,1.00077553635376,3956.40754872023,4885.3802221833
"mu[188]",-3.82062215267246,-3.55520605,1.83638729738505,1.71950925006,-7.199631455,-1.33536663,1.0007748331823,5610.57622305602,7631.90360621373
"mu[189]",-2.30546530326437,-2.23652975,0.744990299424776,0.73199245959,-3.631235785,-1.20843559,1.00091736131383,3445.01349378438,4043.39597788209
"mu[190]",-1.959551687965,-1.9063972,0.620423016214942,0.60968952387,-3.071333415,-1.037838035,1.00074293234456,3350.8075112461,3920.0822938732
"mu[191]",-3.53630841952694,-3.34240215,1.49940552256101,1.41964843335,-6.33036972,-1.46141533,1.00068180972382,4326.11015970086,7111.72314506562
"mu[192]",3.78441687666187,3.6860564,1.16636773004818,1.14147390336,2.051049985,5.87431124,1.00093937968443,3134.48061692888,3320.18057542664
"mu[193]",-0.519131945203875,-0.500854205,0.195896229269804,0.191523320646,-0.871385872,-0.233927867,1.00033506173128,4807.01990141101,7437.95215534144
"mu[194]",-2.90363490913162,-2.7083449,1.33729676720704,1.26313242699,-5.36006617,-1.07011088,1.00067633657893,5654.82231573043,7692.50728792054
"mu[195]",4.11537040155312,3.94465935,1.45115165536201,1.38429146268,2.066088025,6.780670955,1.00101281657788,3590.01335649301,4226.77295179082
"mu[196]",-4.21078877596875,-4.00200265,1.65726524294146,1.57420585098,-7.275386885,-1.87678228,1.00118906538836,3931.07799327553,5877.97163950325
"mu[197]",-1.52000265617937,-1.4522669,0.548164077264864,0.52809967371,-2.52083475,-0.7452751155,1.00089444416087,3652.2438119748,4225.36150917678
"mu[198]",1.76236487662125,1.688798,0.62698008099163,0.60406935792,0.876535109,2.901469705,1.00096233046827,3625.13807142656,4370.97432779161
"mu[199]",-1.14594223912562,-1.0346147,1.15610693689002,1.05799144017,-3.24894197,0.5290994075,1.0005236082885,9153.4201607743,8179.31503088735
"mu[200]",1.43838218055875,1.37389035,0.961359261767213,0.895977782511,-0.0238341833,3.11664954,1.00041301385422,12212.2436709928,10882.0146526173
"mu[201]",3.9411021090325,3.8198285,1.31780176439037,1.28319333933,1.997998745,6.297229295,1.00127654548973,3878.35322537889,4511.69902242868
"mu[202]",6.06524833477938,5.81262465,2.31799062988504,2.23435373847,2.739072085,10.3009577,1.00079354579871,4468.09599945832,6628.81755309538
"mu[203]",-5.76811618545188,-5.5827921,1.88060236022637,1.83057452256,-9.197084365,-3.04145872,1.00091318067084,3260.62569283035,3673.79693566702
"mu[204]",-0.78848929241445,-0.75958084,0.339081171097367,0.331182624612,-1.385965135,-0.293131639,1.00057381025524,6079.06897145905,8363.77359802493
"mu[205]",-0.552112111381792,-0.515088725,0.569930297155097,0.525285854583,-1.54859139,0.312551255,1.00011442571737,12667.380663714,9780.5855791561
"mu[206]",-2.1596579596843,-2.01331765,1.20371586693646,1.13433718587,-4.329397535,-0.442202320000001,1.00170994008813,5850.28805989315,7381.83000738746
"mu[207]",-0.952027597362824,-0.881221475,0.60974777459986,0.56419171746,-2.055305605,-0.08888452435,1.0003738542603,8416.53828084593,8843.25800622323
"mu[208]",-1.0130392185932,-0.91941569,0.944164739691063,0.871225886706,-2.69335395,0.354407294,1.00068210651004,8170.17565824397,8182.70387464884
"mu[209]",-4.84586926826125,-4.72476055,1.51618160681956,1.49523056592,-7.557443,-2.58058871,1.00112053078057,3272.96786977041,3746.95029619725
"mu[210]",1.42180668430726,1.3530187,0.898541776073112,0.85716986019,0.07983910655,3.00288169,1.00114331282722,7793.56918206255,8820.2689667678
"mu[211]",2.10295570167752,2.0187101,0.896565220766816,0.87720823701,0.7880800335,3.707890605,1.00072265378076,6359.35151429556,9528.35746489116
"mu[212]",3.68781385650187,3.54435615,1.26102622359253,1.20962783928,1.883142175,5.9741187,1.00094003606655,3526.34912698932,4010.80273903555
"mu[213]",-4.97720575257688,-4.81010785,1.79021926166907,1.7660516223,-8.19514978,-2.371215125,1.00066455094801,4170.46137819158,6116.06403855182
"mu[214]",-1.07334725310674,-1.03172195,0.660596880099049,0.624598126929,-2.230298895,-0.0887646077000004,1.00036054433448,7883.45807246698,8315.63609865296
"mu[215]",4.19424876986456,4.0745265,1.41233389335646,1.39027827561,2.10714676,6.70913289,1.00055066577018,4484.95428613669,5497.11526813065
"mu[216]",-0.347293674599016,-0.322382825,0.523064300560076,0.477517902254043,-1.247596275,0.4673199255,1.00009429767001,13501.3569125956,10066.8760057768
"mu[217]",-2.04905732773721,-1.88688245,1.15998504798526,1.07218303563,-4.220882,-0.4756820305,1.00079549258434,5775.85569882476,7229.35858488912
"mu[218]",-4.28579136172625,-4.1356618,1.48257322042045,1.44763080336,-6.969281195,-2.15182015,1.00067523086248,3644.96401104009,4178.71142863984
"mu[219]",3.45229636057937,3.2886323,1.45419488901047,1.41422493429,1.377157275,6.08238095,1.00121329475215,4884.13165498993,7705.34338258425
"mu[220]",0.814365442540675,0.768671695,0.934231767262235,0.860720954058,-0.635303663,2.40973407,1.00039436133428,11858.1953696292,9450.96366297551
"mu[221]",-3.565679814115,-3.3911416,1.32075842054145,1.25944638687,-5.996038765,-1.72656367,1.00107698835754,3729.18835757215,4680.06233985838
"mu[222]",5.69977747318813,5.4351334,2.08922909124889,1.97831731755,2.777492845,9.54420567,1.0009921826935,3789.56802820766,4826.86941890191
"mu[223]",0.967116254732674,0.893749535,0.570092079398999,0.531070848588,0.1752260165,1.999734055,1.00053395293357,6653.08493300632,8284.88692966811
"mu[224]",-0.410465724346433,-0.41732647,0.888584036694795,0.802480319256,-1.84257602,1.04378819,1.00036318553972,10753.2620345376,9128.13355566512
"mu[225]",-4.28519981905625,-4.1798186,1.34634843251245,1.33302463728,-6.70607153,-2.278132295,1.00084048730719,3370.02996214215,3944.3845641407
"mu[226]",0.46929475994971,0.45724274,0.850619045185482,0.770417174289,-0.927640045,1.861006785,1.00016221560755,13918.2119939744,9791.30700110813
"mu[227]",1.58061226998126,1.5009194,1.17438819274226,1.099521682959,-0.1875885975,3.63983967,1.00093471136869,8917.11714161646,9436.83092774652
"mu[228]",2.07266369283242,1.958031,0.880330938145164,0.8287415241,0.8323110515,3.674079575,1.00048305057208,5209.06568429426,8163.58616557077
"mu[229]",1.45368777416375,1.42069685,0.441142467208813,0.43339689372,0.7864273475,2.234209875,1.00105524639544,3169.94441352839,3457.38770983118
"mu[230]",-3.21676803369912,-3.0328225,1.38493444043654,1.3115806074,-5.77193704,-1.303460175,1.00064372676781,5272.74167521277,7926.21422986195
"mu[231]",-3.23356481166723,-3.02389965,1.48498908371913,1.40068901868,-5.97138751,-1.183022945,1.00102754849122,4754.47421956285,7256.87936053626
"mu[232]",-0.64941951335434,-0.58108752,0.470241246528415,0.425166076734,-1.523935255,-0.00725825747000018,1.00064197478493,7357.58443952722,8030.9477508304
"k1",6.52601662540625,6.3403998,2.00588178020196,1.95953359098,3.56157415,10.1044304,1.00098499624625,2927.25237827942,3039.43257877606
"p0[1]",0.478550881995,0.4783992,0.0481242260430425,0.049048789083,0.400154846,0.557055835,1.00018561119263,13393.5902623108,12226.4120209845
"p0[2]",0.899994436185625,0.904246655,0.039124339429144,0.038250976218,0.8285795935,0.9561963155,1.00029075766162,13400.5028329206,13245.5351728961
"p0[3]",0.402664316380625,0.40140639,0.0622838801849162,0.06330561153,0.301794455,0.506937401,1.00027743497204,12543.5508426689,12624.7539622032
"p0[4]",0.303711370702562,0.29807828,0.0878011660726226,0.08903331759,0.1696477665,0.456692646,1.00025130729554,17173.7755332627,12817.3483212147
"p0[5]",0.89341111617,0.897926495,0.0399203018638836,0.038748892602,0.820364103,0.950242061,1.00028363974315,13668.698214548,12675.4903103119
"p0[6]",0.291778804551,0.28559128,0.0900138467805347,0.092210299587,0.1560525795,0.451013258,1.00037102610944,15806.4994365499,12772.2528780167
"p0[7]",0.3209095090075,0.31888788,0.0576045159639502,0.059065494138,0.229199101,0.418526351,1.00034538508885,17568.4424989257,13341.4464144872
"p0[8]",0.437728408906875,0.436527785,0.0699401172875157,0.070289043006,0.3242866535,0.5550547905,1.00045032407027,14870.3090425214,11993.1023234145
"p0[9]",0.80176156693125,0.810944235,0.0830896386053536,0.081901092378,0.650548657,0.920555595,1.0002393878936,15445.1768795123,13836.5720321364
"p0[10]",0.54547150737875,0.54649467,0.0808642876113917,0.083152399365,0.411740555,0.676427034,1.00026628711194,16979.5393361707,12660.2789911734
"p0[11]",0.856191214570625,0.86450276,0.0646094516395521,0.06403223379,0.737871317,0.947245587,1.00034355857819,13080.2408191157,12649.3828310326
"p0[12]",0.69170691515125,0.69303883,0.0511346876946464,0.051250850385,0.6054601675,0.7740221545,1.00022805123882,12496.9737284183,10347.1083280943
"p0[13]",0.543084131315625,0.542980335,0.0537956344351222,0.054516351015,0.455107414,0.6314961155,1.00022918972233,12560.9447485072,11778.232919852
"p0[14]",0.29065331866875,0.288240455,0.0585494150728861,0.058450696983,0.1983567575,0.391309553,1.00042065205343,16415.722212616,13887.257600246
"p0[15]",0.95430675649625,0.96212692,0.0328753470801054,0.02746642521,0.8902284185,0.9915198025,1.00008193678567,13023.3983569607,11883.6834562197
"p0[16]",0.479739559325,0.47943409,0.0627519432639705,0.063691710222,0.3771423945,0.5832949455,1.00015612832834,14303.8701719542,10901.8474511923
"p0[17]",0.571330210824375,0.57150643,0.0605540512712237,0.061443236127,0.471626762,0.6706590645,1.00013405393248,12150.1976115837,12163.7509220118
"p0[18]",0.139906990033331,0.13074904,0.062074189074611,0.0599661299013,0.05577655065,0.2559250325,1.00023196833052,16014.8652437336,13548.1325822594
"p0[19]",0.253487596111563,0.24909025,0.0658773797406901,0.065961504105,0.153153798,0.368392777,1.00011395945472,18182.8945795913,13252.1605451667
"p0[20]",0.59204709394625,0.592705695,0.0506362148530524,0.0515296829670001,0.508403166,0.674460305,1.00046149994549,13665.5912348026,11455.4235160265
"p0[21]",0.957076033599375,0.966476195,0.034958410871828,0.027255147297,0.888562422,0.9941255495,0.999919665379231,14469.4977516641,13288.9357443867
"p0[22]",0.30084067122875,0.299141375,0.0484321195082694,0.049305375252,0.2241953615,0.382442409,1.00019203425028,15079.053801658,13666.9003306369
"p0[23]",0.749833389078125,0.752298945,0.054030538198461,0.0546227127389999,0.657624291,0.834988492,1.00054593155645,15605.8541231316,12830.3855355159
"p0[24]",0.53186128469125,0.531184645,0.0679203548662507,0.069267264738,0.419748269,0.6441348845,1.0001977457464,11613.7410893018,12088.5758691251
"p0[25]",0.387646760400625,0.38627754,0.0608980237414769,0.061452250335,0.289519534,0.489385017,1.00005794994379,19017.4239193096,13821.6731567082
"p0[26]",0.9355623779525,0.94145875,0.03471896897525,0.0323050311569999,0.8696732475,0.980548978,1.00026530714407,13811.1217202375,12789.9091631656
"p0[27]",0.650711514795625,0.653247045,0.0766571968261328,0.078150040248,0.52094884,0.7722989055,1.00024082186817,16167.622533957,13456.1879912161
"p0[28]",0.2172375410155,0.21303639,0.059520697874489,0.059202419661,0.126700384,0.3219466735,1.00015886948916,17215.4446051831,13949.9057129664
"p0[29]",0.2331494025355,0.229381915,0.060406591878993,0.060425631378,0.140403741,0.338694413,1.00005681474382,17794.4041875486,13634.5377546142
"p0[30]",0.163527230532688,0.15725206,0.056754191587888,0.056208264483,0.0813849757,0.266213418,1.00018901709125,12166.8694029103,13133.4527556774
"p0[31]",0.941226926794375,0.950714285,0.0408068571079425,0.034941664758,0.8613812845,0.9888895375,1.00018739130308,13600.0660379036,12952.3629584382
"p0[32]",0.545164820533125,0.5460764,0.0599068113653715,0.0603953640989999,0.4450306135,0.643362665,1.00009754557619,16613.7919079565,12774.719013793
"p0[33]",0.616552304166875,0.61643108,0.0401210467675574,0.040175435496,0.5508176405,0.6827737325,1.00036772057409,11600.0429533628,11034.6286894558
"p0[34]",0.52809677147375,0.529478915,0.0798491218748699,0.080928855189,0.3961386245,0.6594074825,0.999847803259029,14994.9803856448,12387.1837771482
"p0[35]",0.0866380082725625,0.0795653505,0.041734903441191,0.0389908692306,0.0321974323,0.1654696005,1.00017207187581,16375.2137419109,14032.247216574
"p0[36]",0.492627468588125,0.49163903,0.0821885044500436,0.084671834562,0.3592780695,0.6281036295,1.00008506628067,13367.8817861043,12449.5103528586
"p0[37]",0.539083948450625,0.538493705,0.0529397404558947,0.0538052886420001,0.4523326515,0.6264980775,1.00053648821521,12015.7250417347,12181.751083704
"p0[38]",0.845737126490625,0.848408685,0.0391288191648452,0.038664591966,0.776933953,0.905303332,1.00020238361912,13479.7417009007,12859.0761330327
"p0[39]",0.73138447415125,0.74213012,0.115933758263628,0.118305831294,0.5210494675,0.901435356,1.00051358620838,14274.448398431,13541.8157823144
"p0[40]",0.8254059771725,0.82748837,0.0406024719031875,0.0406529438910001,0.754937448,0.8883987485,1.00021821430979,13149.469272099,11547.8407534294
"p0[41]",0.92583535117625,0.9346558,0.0446604251618872,0.0405248250119999,0.839668162,0.9817972675,1.00021652082327,13469.090198216,12771.971029384
"p0[42]",0.95936187474,0.967166885,0.031041888586199,0.0251714864310002,0.898600111,0.993257575,1.00006606607173,12869.9492514083,11543.605160525
"p0[43]",0.106554566691681,0.0974085845,0.0538127767410741,0.0499330421163,0.0363375902,0.207467267,1.00036582998032,13237.5069416514,12124.1397413175
"p0[44]",0.951886417188125,0.958824925,0.0324606903361542,0.027994260462,0.889462569,0.9898102515,0.999947380479506,16725.8644974014,13776.129617414
"p0[45]",0.438645411254375,0.438241945,0.0477829983932549,0.048029738799,0.3604033585,0.517881362,1.00029394776362,13904.6678821457,12367.3873957635
"p0[46]",0.8553032331125,0.858022925,0.0384439804331904,0.037890756309,0.7870229855,0.9130638925,1.00016358825002,13605.2070642065,11971.7310163499
"p0[47]",0.656276423119375,0.6571283,0.0582287370139133,0.058763977776,0.558968976,0.7495031115,1.00014872316557,14129.4224279913,11942.4887045459
"p0[48]",0.628249669563125,0.631176695,0.080643040564247,0.0826661584560001,0.491403306,0.7552866625,1.00029711440753,15423.6934071445,11252.5243190763
"p0[49]",0.40851892485,0.40782924,0.0493616312662043,0.050590159347,0.329185203,0.490134776,1.00007039362258,15049.5438313219,12277.942923664
"p0[50]",0.717515980918125,0.71964688,0.0597200797851564,0.060386920692,0.615391768,0.8111720045,1.0000705677568,14074.01564788,12481.1233567361
"p0[51]",0.9462623087825,0.951988155,0.0310889787605878,0.028120985697,0.887039026,0.9853208735,1.00023173511303,14003.8734820288,12531.2847453282
"p0[52]",0.61591930369875,0.616738055,0.0591820356790643,0.059915876433,0.517848791,0.712488276,1.00007346122501,12676.5596011144,12873.2110654503
"p0[53]",0.92603502359875,0.93536613,0.045764604299579,0.041296221792,0.8374069705,0.982718582,1.00022393126918,13513.1906482011,12841.8893727222
"p0[54]",0.22133647603275,0.215869995,0.0647705314569142,0.064843868334,0.124117053,0.3356902395,1.00027222566838,12406.7258201579,12469.5457903136
"p0[55]",0.356376861649375,0.355499995,0.048569517947494,0.049617833202,0.278721474,0.4371055405,1.00021324549869,15334.8404329718,12785.7851890145
"p0[56]",0.9139270088775,0.918127335,0.0346952028554575,0.033827238816,0.8508846855,0.9631279605,1.00016713396619,13261.2604119508,12538.9340987301
"p0[57]",0.2786927371225,0.27650998,0.054501967488756,0.054510843156,0.192483724,0.372518351,1.00029600959922,16783.7300981005,14544.5978625231
"p0[58]",0.621959024820625,0.622701335,0.0660315478189502,0.0665681173080001,0.5120955955,0.7283859405,1.00050193793969,13875.7839919587,12119.8750639418
"p0[59]",0.63275386076,0.633976505,0.0681737403192127,0.068816546925,0.518690704,0.7416192225,0.999968298216918,13955.5876454369,10253.8426535376
"p0[60]",0.726263612078125,0.73137583,0.077652778040763,0.0787013228189999,0.59109306,0.8455961605,1.00019598349562,15951.9015327155,13539.4813072743
"p0[61]",0.54384951504875,0.5438237,0.0697053403732363,0.0708925427490001,0.4293166835,0.6567986165,1.00043610648717,20999.1295293478,12238.4891243337
"p0[62]",0.858973957571875,0.866269205,0.0592007510506542,0.058545976272,0.7513160945,0.9438076445,1.00034519913811,13121.919440914,12467.562670157
"p0[63]",0.5369395545025,0.53714936,0.0578769148407392,0.058630499298,0.441617427,0.6315768605,1.00041059928854,19071.1608779269,13251.1054349649
"p0[64]",0.531657007386875,0.53236928,0.0725233314947376,0.074245257324,0.413302221,0.651404072,1.00029468831697,17638.8403173814,12646.0716500391
"p0[65]",0.83664901080875,0.842752415,0.0565545390068927,0.05560869363,0.7356556755,0.918996744,1.00021291488787,12523.9316128224,10702.0126635269
"p0[66]",0.268394001264562,0.265953175,0.0575734025837752,0.0583943730090001,0.1782767175,0.3666904025,1.00021539874847,17374.6291889581,13397.8508741612
"p0[67]",0.754417242570625,0.756765355,0.0546574876218761,0.0553182745290001,0.6610436575,0.8403111475,1.00030693986984,16691.0569817561,13089.4386834773
"p0[68]",0.94879803492125,0.956798035,0.0348405561265813,0.0300236507549999,0.881294706,0.9892692375,1.00006937520594,12567.5844550896,10790.3893606411
"p0[69]",0.122591914160438,0.116521795,0.0464849428190903,0.0451335397443,0.0574960002,0.2087784305,1.00008422129233,16871.6185064488,13250.471345649
"p0[70]",0.7169480241625,0.72150253,0.0767349676177596,0.078051691977,0.5831138935,0.8354226865,1.0001988013919,15961.5347698619,13001.2672399947
"p0[71]",0.17402460441125,0.17018408,0.0502766068758226,0.050220910404,0.0991772323,0.2642031505,1.00010075211846,16249.3957609836,13511.4970160047
"p0[72]",0.268360923432312,0.26606668,0.0560300422558203,0.056405531826,0.1803470025,0.364468547,1.0003553501738,17131.3815695981,13850.1241933782
"p0[73]",0.74660907777625,0.747545325,0.0419510750859469,0.041638413285,0.675411307,0.8146083435,1.00014455564664,12518.3579778929,11009.9907077397
"p0[74]",0.285739181866937,0.28164506,0.0706813335870015,0.071527006593,0.176006433,0.4092426595,1.00023339810897,15740.3270603078,12935.1426198054
"p0[75]",0.640167500549375,0.64218648,0.0751125913763586,0.0765627167970001,0.513164018,0.7603960665,1.00024924391983,16213.3903873941,13135.7798237196
"p0[76]",0.706350544355625,0.70914304,0.0640209409593135,0.0648383011709999,0.596846329,0.805577119,1.00037319326665,14336.6198253977,10535.4129304763
"p0[77]",0.645902344180625,0.647190415,0.0548658456915024,0.055215070743,0.5543361605,0.73466218,1.00024487232239,17616.2917638898,12216.8938915676
"p0[78]",0.726799214750625,0.730184615,0.0648960584237955,0.065587881492,0.615243421,0.828210305,1.00025773683647,12345.3786326658,9535.20772607
"p0[79]",0.317411470334312,0.312914355,0.0844291560510785,0.086157118068,0.187201225,0.4659322255,1.00004259699217,19291.7794559392,13073.5383691253
"p0[80]",0.415580522474375,0.415076865,0.0542096862317834,0.0546698668319999,0.327618231,0.505327846,1.00008963651995,14982.5496267585,11765.1790741762
"p0[81]",0.219384379593812,0.21654692,0.0499310461765176,0.049961106993,0.14215697,0.306251422,1.0000678810302,15471.2966883082,13290.3548630739
"p0[82]",0.70702014244375,0.70880597,0.0606494283218263,0.0612840123,0.603327364,0.802588737,1.00004779332563,14228.7618178362,11960.0721598075
"p0[83]",0.64170020593375,0.642304325,0.0632589063317325,0.063771459276,0.535793801,0.7441352555,0.999994507312646,14110.601436341,10697.0223654815
"p0[84]",0.37765942973875,0.376477075,0.0603991411229822,0.06072699948,0.280511777,0.479187315,1.00014484046863,14822.9281610949,12560.3528248766
"p0[85]",0.339977625884375,0.338276695,0.0608987061049863,0.062025994296,0.2427966115,0.443257032,1.00027445648649,17459.4412994149,12765.5440607744
"p0[86]",0.403691671636875,0.40254608,0.0566285205254839,0.057241510662,0.312042761,0.4974060805,1.00026628852542,14472.3823624104,12396.1703539219
"p0[87]",0.955565481548125,0.96049175,0.0259979024826254,0.023428593762,0.906201211,0.9879530565,1.00011794071873,13944.4938783145,12953.6758739142
"p0[88]",0.117713313333,0.112072945,0.0458393290241056,0.04456732665,0.0537177601,0.2028422015,1.00005497750405,16138.182972118,13442.6757339401
"p0[89]",0.65353726123,0.65437731,0.0512950808247758,0.052289508054,0.567992051,0.736353839,1.00041241276079,12976.0851403295,10854.2395080422
"p0[90]",0.918490509335,0.92418967,0.0386345786260155,0.036984391038,0.846232779,0.9710118725,1.00030023108045,13576.4633541196,13152.1752988008
"p0[91]",0.139038775687188,0.12951932,0.0631368330340856,0.0605834726805,0.0531634943,0.2549967505,1.00032199102548,12628.342479554,12003.9480899372
"p0[92]",0.46618670957375,0.465786555,0.0483984634940922,0.049336598808,0.3880830185,0.54526303,1.00001823364825,14358.3389918187,12447.3737035434
"p0[93]",0.605160069971875,0.607135665,0.0762349812076913,0.0772671593610001,0.4759896475,0.727493157,1.00004222211971,16361.5066052066,11953.4311649833
"p0[94]",0.794262194075625,0.79957967,0.0698249241887637,0.069840423072,0.6725974965,0.8999055675,1.00026947345282,16618.7070405377,13534.6213196523
"p0[95]",0.761314135490625,0.763036155,0.0476286890675813,0.0482999426490001,0.6804162085,0.837194248,1.00042507305753,12204.8419222535,9958.87161838843
"p0[96]",0.611465831919375,0.612823745,0.0706157828838528,0.071747728668,0.493529098,0.7244361155,1.00018535833499,12667.4214918743,9955.30656230706
"p0[97]",0.860912562691875,0.867336765,0.0554818498044306,0.054387075708,0.760189633,0.9400248685,1.00037941533601,13756.989910769,12138.6682703973
"p0[98]",0.766845689080625,0.771344965,0.0655938874965787,0.065628638166,0.6520893385,0.8668498335,1.00006412565775,13465.1247510158,13578.7060615615
"p0[99]",0.714426144785,0.717212635,0.0625463764812404,0.063315137235,0.6071582485,0.812333164,1.00027906060385,12448.1749988142,9292.1981908468
"p0[100]",0.6626515006775,0.663825425,0.0571957261252839,0.0574185034499999,0.566750388,0.7544050305,1.00001238141765,13834.6361000093,12331.1147740846
"p0[101]",0.824345562650625,0.82955573,0.0639309020170733,0.0638581543109999,0.7115289465,0.919386267,1.00021680310982,16882.6353726763,13238.8389937566
"p0[102]",0.42000626381875,0.419495055,0.0596544794086963,0.060519984042,0.3231284915,0.5194478245,1.00009530136179,19208.9539825187,13356.5507569765
"p0[103]",0.728107715843125,0.731131745,0.0588748545749577,0.0595594668060001,0.6272521495,0.82008093,1.00041758556769,14016.5160397568,10700.2526159141
"p0[104]",0.937905084859375,0.947198785,0.0420770717862737,0.036720302913,0.8569900835,0.987674557,0.999963039438585,14868.3943999167,13573.6319055257
"p0[105]",0.95693258624875,0.96478415,0.0322073865770322,0.0264729868409999,0.8940419875,0.992660869,1.00008936989409,13202.6027849183,11860.5897000129
"p0[106]",0.492023690555,0.49144687,0.0543466535007881,0.055193988171,0.403526414,0.582184296,1.00045457411545,12494.2310221982,12481.8759965907
"p0[107]",0.291212414651875,0.289242035,0.0537340057907475,0.053886587013,0.206412417,0.382976927,1.0001481648214,12037.0371431387,12679.388531291
"p0[108]",0.863216062275625,0.86660179,0.0417970689097649,0.041850425085,0.788768448,0.92590083,1.00047801030055,12349.9963704508,10617.2368645869
"p0[109]",0.317552911916875,0.31544756,0.0629747766915997,0.064275498798,0.218527831,0.4250567005,1.00014489697401,13967.2713672664,14187.4878113075
"p0[110]",0.692694985976875,0.69471437,0.0580192333280277,0.0581867422919999,0.5942975905,0.7850973405,1.00049495634363,14530.487160221,11501.7643076234
"p0[111]",0.42703853483125,0.425636375,0.0941884213447546,0.096602072133,0.2763386485,0.586789234,1.00025870670031,18129.2214963544,13526.4134295191
"p0[112]",0.2630463382515,0.260177715,0.058509679528708,0.058327403967,0.1715459345,0.364369613,1.00041413639274,16041.5461602759,13426.4406262874
"p0[113]",0.0809858330751725,0.068302887,0.0535504446600759,0.0456533229957,0.01881315045,0.1850766175,1.00013228967488,15907.9480819852,13882.8715151452
"p0[114]",0.661719312423125,0.66302078,0.0519774328636699,0.052232746713,0.5751452505,0.745377979,1.00028492181577,12522.0915678349,10019.9476428448
"p0[115]",0.909453598185,0.91365559,0.0348324309448954,0.0333214127610002,0.845455937,0.9583704355,1.00019197623093,14188.9712972013,12705.3411446745
"p0[116]",0.22982579950475,0.22633632,0.0593865005703879,0.058983825117,0.1387183745,0.3339933895,1.00019453628232,17122.3658817144,13793.9627973263
"p0[117]",0.81608164462125,0.82134851,0.061855838467593,0.061326029184,0.7054073885,0.907687533,1.00046087981467,13451.3869926446,11976.123716915
"p0[118]",0.587739898531875,0.587775445,0.0529688659769665,0.053467196538,0.500625829,0.674508382,1.00003306121049,13475.7975610955,12298.908018643
"p0[119]",0.708121101593125,0.71044145,0.0634868992953058,0.0634274515979999,0.599679755,0.8072891815,1.00010267728064,14204.0585904448,11827.3012926496
"p0[120]",0.44048763323125,0.44009718,0.0477930954283004,0.048782825469,0.363243364,0.518572632,1.00033655038173,13311.4372208396,12154.9962811046
"p0[121]",0.759663956235,0.762626685,0.0555623670744116,0.056043517971,0.66307542,0.8464475495,1.00042990078715,13522.5198248461,11468.840591999
"p0[122]",0.633375740645,0.63443166,0.07079189655313,0.0714750562889999,0.5150015065,0.7469235775,1.00069239837594,18806.6432274563,13160.1926843547
"p0[123]",0.604603660285,0.605159055,0.0506778714614147,0.0516145988819999,0.5207620725,0.686819308,1.00045661846334,13520.244312993,11595.5663974423
"p0[124]",0.216424563433437,0.211568045,0.0612338220950455,0.060816444738,0.1240300985,0.3254128955,1.00041724221307,14636.1090537661,13571.332652018
"p0[125]",0.467145390166875,0.466359095,0.0791037030945635,0.080995928013,0.340029771,0.5995425475,1.00020127599007,18074.6309823667,13402.9901719475
"p0[126]",0.652704374693125,0.653747175,0.0612306690949559,0.062103704775,0.549639243,0.751203597,1.00052782901041,14270.4744639357,11859.2702728613
"p0[127]",0.62738032082625,0.628363095,0.0652298943743972,0.066296430858,0.5187050025,0.731972006,1.00027159650222,19971.7000688089,12550.9714676811
"p0[128]",0.728486269745625,0.73013695,0.0487113362418682,0.0484895152980001,0.6459290145,0.806516683,1.00014911599708,12519.4156429046,10841.738476581
"p0[129]",0.34527070375375,0.342881015,0.0701256738582699,0.070657802691,0.234442741,0.4665269535,1.00048524693805,14411.7364668014,13056.459605534
"p0[130]",0.5932909442625,0.595320075,0.112801841695455,0.117788737479,0.402397728,0.774066464,1.00023761136566,13989.6773860521,12467.7289705758
"p0[131]",0.385374465990625,0.383998825,0.0605319019477884,0.061161297498,0.2880005205,0.4864599775,1.00003612961476,19155.5423336995,13613.4522690395
"p0[132]",0.960933532895,0.97013505,0.0333059217504904,0.0251805154649999,0.895549855,0.995181596,0.99991614832802,14383.9235161294,13153.4581824727
"p0[133]",0.258576818544562,0.25116885,0.0860430832358474,0.086818706079,0.1307044865,0.4123277705,1.00021968455663,17868.2013634915,13102.1355677342
"p0[134]",0.305832451645,0.30392191,0.0571380134213692,0.058035079725,0.214613837,0.4035130255,1.00036867590741,17313.995346815,14330.3314289351
"p0[135]",0.164427418108875,0.156572775,0.0631187685349628,0.060926735352,0.0748749192,0.2790969865,1.00009993386819,15578.099188458,13838.3266283929
"p0[136]",0.364326569273125,0.362212245,0.0662697437156822,0.066828758388,0.2582132105,0.4753063505,1.00025938935104,14611.7791880226,12800.069490013
"p0[137]",0.4976910576325,0.497391065,0.0720185072192082,0.073420664856,0.3799925815,0.6153880565,1.0001085148302,13862.1743696393,10966.7534753098
"p0[138]",0.5687602494225,0.568615185,0.0403462805764866,0.040776399993,0.5028408865,0.635012149,1.0003758814936,11784.8403809507,10945.5132197433
"p0[139]",0.167866215634706,0.16009649,0.0640631113586111,0.062898571113,0.07616027085,0.284578896,1.00007832972975,16875.4727974853,14506.5480714423
"p0[140]",0.866545426685625,0.86981533,0.0397872874419523,0.039154717287,0.795637597,0.926076355,1.00023610859525,13493.5685662124,12592.9394108527
"p0[141]",0.353487280644375,0.349038605,0.098187155703773,0.10060649319,0.200808029,0.522750859,1.00026697538424,18494.3865706094,13933.022206509
"p0[142]",0.301643780203062,0.29977666,0.0602395218713316,0.061275324264,0.207099211,0.40394355,1.00004166878439,16011.8430047286,13733.4261535974
"p0[143]",0.238361274831625,0.2288269,0.0924878100832448,0.093804428172,0.104492457,0.4055999695,1.00049165550037,14606.9876615173,13017.1256064749
"p0[144]",0.74405997605125,0.750491155,0.079838581746588,0.080619125223,0.6040149115,0.864630869,1.00030709361367,13143.1004511674,10355.1543779038
"p0[145]",0.62146673721,0.622502765,0.0547476102666773,0.055057944795,0.530286317,0.7100863755,1.00029730526034,12657.2904565144,9837.70254268825
"p0[146]",0.283690591435625,0.281963735,0.0494312599254917,0.049811053047,0.206152122,0.36789812,1.00014070623047,13103.2568723706,12964.7779211032
"p0[147]",0.349981108975,0.348317605,0.0611199848376314,0.062052629205,0.2523559575,0.4533995005,1.00028572036572,17500.7068406097,12798.0364166047
"p0[148]",0.65730996098375,0.65808259,0.0598276499826958,0.060461791992,0.5573271845,0.754555922,1.00044674429385,10988.1589047482,12086.0743966953
"p0[149]",0.3231142321475,0.32131559,0.0558415290521114,0.055819015266,0.2333628635,0.418496464,1.0003239355109,16506.8072431398,14207.3363046928
"p0[150]",0.487113144909375,0.486919855,0.0488065281848329,0.049422130002,0.407643031,0.5666472465,1.00016244848875,13150.4494872464,12018.3440820234
"p0[151]",0.738912410655625,0.739615785,0.0485360607415369,0.048896318499,0.6578827375,0.8174939835,1.00056302950426,11950.7571294189,12021.2656767159
"p0[152]",0.586339069934375,0.588560545,0.0906126587670508,0.094003459809,0.4360584925,0.732902515,0.999895696072175,13901.6521418129,12466.0853611396
"p0[153]",0.592637307229375,0.592609445,0.0480330501329865,0.0487450043429999,0.514015895,0.6714304195,1.00061253871996,12208.9103611408,11348.7462837965
"p0[154]",0.175406272073125,0.17141758,0.0523130269948507,0.051993158553,0.09786805975,0.2689260575,1.00013752473951,16208.1557721269,13549.0029166253
"p0[155]",0.384474973693125,0.38320381,0.0615164166816816,0.062422604622,0.2854517865,0.4867264815,1.00033424863664,16463.2453930961,12675.573080991
"p0[156]",0.68924435669875,0.692652725,0.075813836130919,0.0769476812999998,0.5596783595,0.806993534,1.00014977781865,12411.9087258247,9901.69616716457
"p0[157]",0.860460179821875,0.86787311,0.0571240222095309,0.0555999685289999,0.7551129855,0.940053987,0.999923146728784,14623.7672455284,12657.3636158287
"p0[158]",0.259121814074187,0.25656929,0.0534123489203384,0.053315956512,0.1754115985,0.351620014,1.00027037651662,16986.7389016977,14199.1313527863
"p0[159]",0.523384985625,0.52364815,0.0622910316186787,0.0623867924189998,0.421450178,0.6252677515,1.00073617778126,18240.7988703151,13311.5104277023
"p0[160]",0.658772640596875,0.661128335,0.0825306721845897,0.084852837783,0.515744431,0.790058581,1.00022779354731,11954.3784578463,12695.4480895504
"p0[161]",0.62795143586875,0.627607065,0.0401939708746536,0.040049332953,0.561763449,0.6943121065,1.00034875101107,11660.9198501193,11034.7100521735
"p0[162]",0.82723204027,0.83391067,0.0631306818248774,0.0620488708139999,0.713338209,0.9195327865,1.00047051426707,12933.9480490548,11594.3211030843
"p0[163]",0.294984871822375,0.29140496,0.0714791668457085,0.072492720342,0.1835386885,0.4192267085,1.00011941510794,12369.734915745,13173.721844699
"p0[164]",0.358630175309375,0.356879395,0.0666021813153426,0.067297082076,0.2531930445,0.4705755055,1.00016020294122,17677.9619883346,13729.5997361132
"p0[165]",0.718204992198125,0.71864306,0.0438311437479755,0.044362238592,0.645322455,0.789810533,1.00038605752199,11695.7773514441,12247.1671862352
"p0[166]",0.95821006164875,0.966680275,0.0325945321236994,0.02598174957,0.893987126,0.993659771,1.00011380129714,13476.9956182342,12625.1975259196
"p0[167]",0.304657659638125,0.302883795,0.0546652512595383,0.05454581769,0.2182991815,0.398170013,1.00016436754957,11791.7288562583,12797.909775969
"p0[168]",0.584715120511875,0.584789165,0.0587010633315432,0.058903038243,0.487745494,0.68067822,1.00006406842139,14196.9726055406,10993.569283748
"p0[169]",0.461674678270625,0.46103988,0.0714869936910058,0.0725009191199999,0.3445018955,0.581413173,0.999956664144233,15901.0322738053,11942.1476088564
"p0[170]",0.45411857057125,0.452780975,0.0884945546823592,0.090698433063,0.310990505,0.6037341665,1.00032350464807,15856.8463297152,13154.8003051642
"p0[171]",0.16041018644925,0.153285005,0.060030173176136,0.058405462857,0.07446545275,0.27028846,1.00004904052709,16856.6346957507,13939.6174476016
"p0[172]",0.135631187367894,0.127459055,0.0583937617286068,0.0564177239871,0.05631301835,0.2435826805,1.00014664148214,17305.5895007476,13428.8446085749
"p0[173]",0.553356233769375,0.55445945,0.0577650321993526,0.058006487784,0.4572043375,0.6475064535,1.00008233051923,17319.0263340776,13062.880159993
"p0[174]",0.244496474174,0.242110515,0.0500170052971541,0.050138967102,0.166146617,0.330865582,1.00008219145582,14975.3101936075,13199.6302519991
"p0[175]",0.62732285161375,0.627913605,0.0553145766524079,0.055609397865,0.53603105,0.7169653625,0.999991219032468,13587.3280957034,12291.4949349178
"p0[176]",0.627758590238125,0.630313455,0.0794063450483659,0.080613328257,0.494171062,0.7534097965,0.999976998771841,13612.6710767682,10229.9971201992
"p0[177]",0.84339080033625,0.847796125,0.050456340042858,0.0499511661599998,0.7542205975,0.9175934785,1.00051298931735,15507.1386544535,13603.8281250277
"p0[178]",0.944839235181875,0.94974436,0.0292014746987051,0.027081964791,0.890143233,0.9829023055,1.00016006512835,13888.035340529,13338.3807606206
"p0[179]",0.71040812573875,0.713243545,0.0625638084915309,0.0633017641830001,0.603645837,0.8078063235,1.00038806202111,14287.3103173563,10651.4626403443
"p0[180]",0.52658273443125,0.527192805,0.0998278275044845,0.102392114391,0.360595288,0.6916516795,1.00027004687558,15060.8703055533,12625.4398264168
"p0[181]",0.858563935210625,0.862003685,0.0433730954399188,0.04335315138,0.7818089265,0.9233279565,1.00046527569487,12224.434710014,9985.24147292508
"p0[182]",0.522455528363125,0.522006965,0.0493343328029592,0.049648389588,0.441894898,0.6031827065,1.00043185718533,10662.6611931802,11687.9840204275
"p0[183]",0.924500926005,0.92910697,0.0340382132489864,0.0326102021279999,0.861628385,0.9714899265,1.00021509797812,13693.8634673216,13178.4130265196
"p0[184]",0.917686801164375,0.923842965,0.0391818281193376,0.0365207968440001,0.8455191975,0.969596221,1.00045460153781,15359.7333158769,13671.7775304856
"p0[185]",0.36092491638,0.359176655,0.0681442606163248,0.069015741648,0.252868086,0.4755347885,1.000179139401,17194.1184916495,13514.6472637272
"p0[186]",0.72836432157875,0.731206875,0.0629133955635696,0.0633647302049999,0.6190154005,0.8268571665,0.99999393834118,15847.1352214023,12199.4013864941
"p0[187]",0.932572458504375,0.94251262,0.044644727087429,0.039326313411,0.845836715,0.986086442,1.00021362604957,13583.055648061,12813.3318131495
"p0[188]",0.859166069189375,0.870494385,0.0701045259470919,0.0667845694949999,0.728150126,0.952558157,1.00017326528935,13241.0745331802,13922.7868072617
"p0[189]",0.78521219162,0.787000935,0.0450118593092305,0.045586132305,0.7088448,0.8567308525,1.00032108471901,12203.9149523133,10222.1902883435
"p0[190]",0.761673825605625,0.76262815,0.041185623300824,0.041288430729,0.6915407205,0.827942132,1.00016730960217,12592.9921037635,11630.0177850954
"p0[191]",0.85184267930375,0.85642059,0.0486819167679777,0.048057974916,0.7650765395,0.923588827,1.00006013618097,17954.5194109463,13679.9231590489
"p0[192]",0.277566248481875,0.275848575,0.0484221902267427,0.048844434912,0.201936334,0.360417996,1.00014069034796,13790.093081311,13286.0991573482
"p0[193]",0.65038741150625,0.65019208,0.0404754480874446,0.0404309097149999,0.5837452305,0.71718765,1.00030735170507,11799.8467531149,10776.0880032036
"p0[194]",0.81597229566,0.822229365,0.064138541321414,0.063561708441,0.700872964,0.9100245535,1.0000541952041,13778.2901203383,13916.3680408871
"p0[195]",0.255845633289375,0.252570105,0.0602810885408286,0.060517812033,0.16209094,0.359876697,1.00002654151619,17942.1320907794,13752.160809371
"p0[196]",0.8834502646825,0.88807611,0.0447828869557744,0.044222800062,0.8025762255,0.9475491705,0.99999778915063,16139.6871969868,13497.4113831471
"p0[197]",0.729098953258125,0.7297262,0.045945635897238,0.046311271965,0.652276148,0.8040027395,1.0005653186388,12012.906283103,11800.6147093272
"p0[198]",0.447513681906875,0.44724755,0.0473282936209624,0.0485275439879999,0.3709908365,0.5249276895,1.00009349400038,14182.1969110861,12346.6648323104
"p0[199]",0.694978467218125,0.69824504,0.075822676179059,0.077239049265,0.5645531625,0.8144397785,1.00020888921014,15697.3669480468,13474.1921234326
"p0[200]",0.47223281624,0.471527845,0.0767951739914436,0.078352822863,0.3476442855,0.600586828,1.00062380448184,19626.3588778762,12310.3740819159
"p0[201]",0.264472801116125,0.262276545,0.0554442349800366,0.056080627449,0.1775152185,0.359123639,1.00031078742218,17491.0222375248,14001.2988079275
"p0[202]",0.146888712296563,0.13235065,0.0826998492929807,0.0783961266438,0.0407011066,0.3045256005,1.00002884718323,16551.7865861521,13679.0188753332
"p0[203]",0.93776913675375,0.942502475,0.0311214084620858,0.029300512605,0.879626019,0.9791843675,1.00018427611169,13844.8825535705,13293.6206206802
"p0[204]",0.673149438479375,0.673495815,0.0436164565210615,0.043762830825,0.6005407305,0.744601456,1.00018612739664,12286.4320207445,10459.3626949584
"p0[205]",0.652022382783125,0.652937095,0.0568495722667044,0.057222244275,0.5572723895,0.7435810565,1.00005050053838,13985.028291533,12346.9974319462
"p0[206]",0.77130138388875,0.77579458,0.0650622385498108,0.064966968612,0.6557832745,0.8706728825,1.00041682222594,13914.2318828271,12142.9404838874
"p0[207]",0.6843321862,0.68582216,0.0589078073963581,0.0597021299910001,0.584754374,0.7789237675,1.0005362786623,14100.4458971648,12051.0591576754
"p0[208]",0.686979704956875,0.688636165,0.0633982403086476,0.063780295572,0.5776965275,0.78764625,0.99987933947255,17262.4742357172,12498.1989243181
"p0[209]",0.91096671678375,0.915617655,0.0364222312061615,0.035600206026,0.8446706535,0.961880524,1.00044607839669,12568.0478933878,10531.9214263553
"p0[210]",0.475208021441875,0.474607815,0.065551138756733,0.065850872493,0.368196316,0.5833517965,1.00040198285336,16432.9241881407,13173.3092784853
"p0[211]",0.413698530848125,0.413136055,0.0599064405191454,0.060783026934,0.316575019,0.513717088,1.00014209401812,19157.9720451183,13578.5816932415
"p0[212]",0.286249245257812,0.28404029,0.0581158757075437,0.058613049096,0.1947054285,0.385133893,1.00001202596619,17651.3891996709,13469.3462098795
"p0[213]",0.911320372515625,0.921258405,0.0511449256605536,0.046720476978,0.814474973,0.975214921,1.00033210175807,11815.7122643111,9617.91876246739
"p0[214]",0.6961303260275,0.69829973,0.0600450962981206,0.060947150754,0.593508937,0.7914537545,1.00028007388148,12602.1003761518,9627.09691342623
"p0[215]",0.246247395160375,0.241438805,0.0697242677054384,0.069918415245,0.1405827585,0.3701111135,1.00010019560127,15515.7654155348,13017.7771472608
"p0[216]",0.634674014605,0.635420225,0.0556094225637389,0.0557861682629999,0.54247928,0.7247389315,0.999962023324175,13777.7463281173,12259.6103549469
"p0[217]",0.76219422305375,0.76473108,0.0591180885578991,0.059532068358,0.660283202,0.854897543,1.00014814751496,17659.7080568235,13242.7705316717
"p0[218]",0.887716291865,0.89356757,0.0467646778658916,0.04577786955,0.802027403,0.953642165,1.00021680011199,12732.4171100386,11482.2296970244
"p0[219]",0.3050357758465,0.300990165,0.0766121383904306,0.077920000032,0.186176303,0.440642043,1.00047193761218,15534.203534593,12900.3468224281
"p0[220]",0.530270876401875,0.530242755,0.0732790842176916,0.074019442518,0.409344432,0.6497276925,0.999972298018105,19858.8827566142,12260.2285415072
"p0[221]",0.854326328318125,0.85849481,0.047425567655388,0.0467980985009999,0.768605873,0.924235547,1.0003493997564,12950.8806685448,13750.5908215497
"p0[222]",0.160885217382869,0.15251974,0.064534769342831,0.062975747856,0.0697935944,0.279353261,1.00008336151568,16680.9428364709,14023.1350517155
"p0[223]",0.520049666785625,0.51995738,0.0536784043929441,0.0543300771509999,0.432019874,0.6081313815,1.0000330565836,14388.7220405738,11249.8587335879
"p0[224]",0.6419458727575,0.645463225,0.0793903005563433,0.081156501006,0.505942661,0.7674348825,1.00029006812296,13011.1441291714,10059.1817191501
"p0[225]",0.8900579795175,0.89442214,0.0382597393179793,0.03698990631,0.8200939985,0.9449489545,1.00021412000839,13513.769141832,11548.8858213754
"p0[226]",0.559986439173125,0.560476845,0.0681494654876416,0.0690332363280001,0.4476630035,0.66990569,1.00020219463526,21067.9281788963,11923.3503309847
"p0[227]",0.46107404147375,0.459614785,0.0893969349734116,0.090698959386,0.3153273645,0.611354889,1.00033593650137,15628.1408997865,12452.4749659148
"p0[228]",0.418996947233125,0.41761082,0.0686369918282804,0.070997644263,0.3084983395,0.532325239,1.00018418266772,14359.2999018912,12834.57607831
"p0[229]",0.474503176421875,0.47391139,0.0440202356043315,0.044238382188,0.4033581385,0.5471523415,1.00039426362744,11246.9932035655,12056.4434460754
"p0[230]",0.83419627584375,0.840667625,0.0604445555967648,0.059536316007,0.724530447,0.9213270125,0.999986381855774,14211.8099213833,13561.5876604799
"p0[231]",0.8347929076925,0.840118655,0.0580982516460034,0.057785424711,0.7316436925,0.92100076,0.999999203035331,15706.305292821,13750.6947702717
"p0[232]",0.658806828023125,0.659405685,0.0525691565875562,0.0531104236739999,0.5717944315,0.744664716,1.00045771940888,10994.0377758401,11992.4147760386
"p05[1]",0.39652468142,0.396138285,0.0397999285826342,0.039509251425,0.331834406,0.4627455865,1.0000530835876,15504.90477955,13519.2008042739
"p05[2]",0.0928710055525625,0.0894843895,0.0347797368192085,0.0343058673153,0.04178464755,0.1553857615,1.00028082286277,13406.1989483453,12612.1994569548
"p05[3]",0.426798194494375,0.42681892,0.0426802867295311,0.042753498984,0.356632385,0.497135407,1.00029468815569,14982.124541113,14240.7392876125
"p05[4]",0.4427208155475,0.443300545,0.0441489812488609,0.044082212517,0.369536084,0.514414693,1.00038383533179,15697.4908543886,13780.9937022216
"p05[5]",0.09872167093675,0.095074712,0.0352581406028357,0.0347499245478,0.04738194135,0.1628261625,1.00026910375247,13600.0636729713,13155.5681738486
"p05[6]",0.44223484851875,0.4430306,0.0444907482924996,0.044264690925,0.3684615345,0.5142964665,1.0003945596913,15870.2732140326,14009.6430175512
"p05[7]",0.448022066476875,0.447790965,0.041880038217141,0.041750601627,0.379179674,0.5170039225,1.00031294128233,18072.232383975,13829.3696960912
"p05[8]",0.41275649931375,0.413253805,0.0458032572683797,0.045663501786,0.33639127,0.4874096525,1.00009500843262,17564.472515793,13681.2712046604
"p05[9]",0.175541555382812,0.17006093,0.0676310181023514,0.068595513504,0.07470194725,0.297066777,1.00025115039183,15539.9619628488,13681.5385509576
"p05[10]",0.35764451845125,0.35826513,0.053221148396979,0.0537808924589999,0.2680067465,0.4446067335,1.00036093553982,17745.9435285782,13777.2303279343
"p05[11]",0.130531382077813,0.12449791,0.0551469073170807,0.0561030258285,0.0501501977,0.229827452,1.00034188589074,13064.5797547117,12120.8835941096
"p05[12]",0.2632988590175,0.26233433,0.0406728942631089,0.040729460877,0.1978300415,0.3311658555,1.00030611822892,13370.0178247023,11259.2807173312
"p05[13]",0.36165948734375,0.361391675,0.0414989879808421,0.04142717985,0.29395155,0.430616258,1.00007446583979,14016.1203674768,13016.9131872389
"p05[14]",0.450618533976875,0.45067796,0.0418246114159345,0.041472873582,0.381391225,0.519858554,1.00018759548104,17921.6838122977,13378.7379447323
"p05[15]",0.0432689035200019,0.036377009,0.0301181556654644,0.0259468254444,0.00829302857,0.102194961,1.00009408805558,13005.3333098651,11717.9843585692
"p05[16]",0.394609876588125,0.394543455,0.0441588430653805,0.044168025405,0.322960061,0.468080451,1.0000593486325,16169.1400335763,12547.121372126
"p05[17]",0.344372654393125,0.344380515,0.0448959951930934,0.044691427683,0.2708956295,0.4183687675,1.0001267022108,13182.4090742139,12409.8547215302
"p05[18]",0.395859604445,0.39940343,0.0590092024084887,0.058603931106,0.2934583965,0.486053628,1.00071955618045,16007.1772272974,14286.2412467996
"p05[19]",0.4473901194175,0.447679415,0.0430008503032018,0.042688768668,0.3765128205,0.5173812895,1.0002839477603,16863.6443549664,13946.6655630709
"p05[20]",0.331993517783125,0.33121722,0.0396735539051082,0.039636035964,0.267548267,0.3985064835,1.00026709720688,14796.4495909982,12526.2354361837
"p05[21]",0.0406334280290819,0.0323305355,0.0319980766778391,0.0259175492835,0.005765557715,0.1038389075,0.999938623750662,14474.2105351235,13043.9562069096
"p05[22]",0.451569492594375,0.451730365,0.0413215294028546,0.041094217542,0.384026673,0.5199466865,1.00023949944116,17435.5415409708,13317.4777315813
"p05[23]",0.218970508949125,0.21735984,0.0440422683316568,0.044508964101,0.148080229,0.2934979775,1.00065569516341,16223.1620139491,12477.1748060695
"p05[24]",0.36693114554875,0.367262065,0.0476451537504412,0.047619681291,0.2882323715,0.4450115225,1.00019717659933,12761.2527302419,13199.3363964501
"p05[25]",0.43198088381875,0.43179802,0.0424512017797474,0.042747457389,0.3618529945,0.501709295,1.000312504871,18683.3131844351,13905.4780519877
"p05[26]",0.0606463736591313,0.055597325,0.031531433577014,0.0299319971643,0.0189337583,0.1202815305,1.00026097261767,13807.6168817796,13387.866313407
"p05[27]",0.291209903747688,0.29089036,0.0565568145158172,0.057655674972,0.1986638805,0.3849113155,1.00023025658793,16954.2909522397,13474.1424155312
"p05[28]",0.44202149710625,0.44249186,0.0435639441267114,0.04351038111,0.369645279,0.513101519,1.00029714945404,17463.7070254151,13565.0179241218
"p05[29]",0.44573928883625,0.44559306,0.042812551372739,0.042574297122,0.3747915215,0.516128069,1.0002922985124,17271.8935356427,13704.9704041376
"p05[30]",0.417658558348125,0.41957937,0.0508695927499219,0.049796582871,0.3302488685,0.498454127,1.00003116076854,15853.8651332054,13691.892748991
"p05[31]",0.0552427580947669,0.047206546,0.0369560510033346,0.0327122887749,0.0108403224,0.1273222785,1.00018787274748,13581.2571666963,12682.528352388
"p05[32]",0.3600197484875,0.35935092,0.0441862741340081,0.045031017213,0.287473617,0.432634588,1.00009941960979,18335.5578182501,12740.9381989731
"p05[33]",0.316614456649375,0.31649041,0.034369157930402,0.034586582058,0.2611401035,0.3734197165,1.00019637571047,13287.2929847612,12827.2627049626
"p05[34]",0.36768917084125,0.36840853,0.0524554718507902,0.052388923797,0.2791196555,0.453281778,0.999915721129751,15897.8355776298,12966.3846868995
"p05[35]",0.339371190382313,0.34059682,0.0640049187356398,0.066147170103,0.2324958185,0.4419128125,1.00033980332775,16287.321522415,14522.0981122646
"p05[36]",0.38610506754875,0.387706905,0.051945835470242,0.051767840418,0.2988536175,0.4692910075,1.00010747172022,14191.5274417822,13360.1859035588
"p05[37]",0.363968167045,0.363489045,0.0408858058062167,0.041155352553,0.297559975,0.431677114,1.00033302622465,13427.9620500457,12779.666114363
"p05[38]",0.140461829656625,0.13870158,0.033711621365118,0.033803606172,0.0882339479,0.198913759,1.00032869383139,13624.5330277248,12035.1500123964
"p05[39]",0.228716212772875,0.225201115,0.0872737033894463,0.09204699861,0.0919511499,0.3782950795,1.00051732393836,14377.9112170955,13531.9045795362
"p05[40]",0.157736697508813,0.156311025,0.034642839171787,0.034970694066,0.10323764,0.216529923,1.0002847504108,13277.8130601882,11286.7193762558
"p05[41]",0.0692992335107687,0.0620314235,0.0400651679871677,0.0374681508159,0.01754823525,0.14573818,1.00021621957228,13447.4555593349,12903.5349338349
"p05[42]",0.0385678514289187,0.0316448345,0.0285330489868891,0.0238380241302,0.006632294155,0.09466856955,1.00008483095384,12855.3993553213,11587.6535493591
"p05[43]",0.36195656905625,0.366413145,0.0676456307017927,0.067620118377,0.2430574215,0.4660544275,0.999990605475867,15496.9905526816,14398.5570542589
"p05[44]",0.045564441334575,0.0394628385,0.0297764626378968,0.0263465484891,0.009980814275,0.1029477825,0.999946895426291,16755.9320612825,13898.1237587568
"p05[45]",0.414599987091875,0.414329875,0.0398907895916766,0.040186347432,0.3497252195,0.481011265,1.00007066980319,16601.184704736,13492.87712557
"p05[46]",0.13223876801125,0.130173895,0.0333015310566586,0.033119853291,0.0813080037,0.1901573605,1.00019639773765,13700.660072276,12848.2288694615
"p05[47]",0.288453245378125,0.288124775,0.0447141216506429,0.044838071649,0.2156706865,0.3622477235,1.00009205886577,14879.539132192,12363.1437737608
"p05[48]",0.306004601090625,0.30530122,0.0572443307136758,0.0585957249149999,0.212049633,0.4010008225,1.00022732566499,16038.0717144868,12909.3943929477
"p05[49]",0.426304111316875,0.42587257,0.0407507064113723,0.040962785052,0.360149692,0.4942579095,1.00003152834001,17044.2666641516,13803.7137116868
"p05[50]",0.243546144580813,0.242476465,0.0470057629979514,0.04712028972,0.1681830565,0.322609856,1.00002920522336,14493.7968935442,12054.4434927294
"p05[51]",0.0508237609698437,0.045795783,0.0284567767368614,0.0262695563298,0.0143548949,0.1051920855,1.00022882359476,13995.6519462162,13100.6957335908
"p05[52]",0.316016569863125,0.31592861,0.0447718511867098,0.045064850145,0.2426846505,0.3903866275,1.00006687612526,13453.0030375541,13194.1323708957
"p05[53]",0.0690812320604,0.061314436,0.0410219253479955,0.0381396233211,0.0167968912,0.147829364,1.00022389735196,13490.5488200609,12633.8897169536
"p05[54]",0.441554900493125,0.442319805,0.0442713977453799,0.044123577057,0.3678473245,0.5136622595,1.00007432189226,16812.2204382983,13815.1711212355
"p05[55]",0.4423077515225,0.44224461,0.0410847025710255,0.041215434918,0.3751901105,0.5100353625,1.0000829376581,17256.197574899,13411.7660287145
"p05[56]",0.0804206916885938,0.077132229,0.0311320874155213,0.0306815893461,0.03537242975,0.1367002395,1.0001615523019,13234.3551303389,11900.5974410678
"p05[57]",0.451579875208125,0.45175771,0.0417257234930967,0.041446201608,0.382956343,0.520005018,1.00025930283837,17722.7508819151,13341.7603390918
"p05[58]",0.31147938127125,0.31131822,0.0486296164352082,0.0490853351730001,0.231828619,0.3915836565,1.00038364657319,14078.1022326259,12712.7171625358
"p05[59]",0.30404802802125,0.30419011,0.0501741922297443,0.050902446798,0.2220071485,0.386589163,1.00018461140202,14898.1603776989,11939.5512559616
"p05[60]",0.2358774543305,0.23357299,0.0602813995296426,0.061728406824,0.1406202685,0.338292796,1.00017758581697,16451.9013927303,13466.7031157489
"p05[61]",0.35991832148875,0.360154975,0.048601261520697,0.0496483080450001,0.280420315,0.438815086,1.00041566366257,20469.3451991158,12039.1513918729
"p05[62]",0.128361690121188,0.123078165,0.0508129596132501,0.0512456345982,0.0532929365,0.2197202805,1.0003425445541,13101.5312253639,12581.2617072977
"p05[63]",0.36495020544375,0.364310635,0.0434402103628009,0.044014591131,0.294368377,0.43662242,1.00060929067496,19291.2070162833,13574.0622901046
"p05[64]",0.36635783215375,0.366324495,0.0487932983187034,0.049053192405,0.2850460125,0.4473582835,1.00024896118795,17610.7127287346,14308.5402556286
"p05[65]",0.147590791316562,0.14314588,0.0477246755482393,0.047567938551,0.0762541133,0.2324356695,1.00023797429874,12659.7820036969,10667.1513563271
"p05[66]",0.4508254019725,0.45111205,0.0417908775210429,0.041337126726,0.382055418,0.519755332,1.00022504295856,17197.7606226862,13653.5779223562
"p05[67]",0.215316579109625,0.213864,0.0445502659970481,0.04517141202,0.144537008,0.2911637385,1.00033878702949,17283.8214708712,13059.4544592437
"p05[68]",0.0483633796823838,0.041404554,0.0317778934752341,0.028181527668,0.0104962041,0.1100011365,1.00007155088809,12553.3256339939,10847.9855378987
"p05[69]",0.38670825412125,0.3879717,0.0538634661093192,0.05386649037,0.29529445,0.4720270365,1.00017226768567,16819.003254959,14253.3690543799
"p05[70]",0.243026693803563,0.241061375,0.0592459202173503,0.06063055635,0.1483057865,0.343198416,1.00017729310441,16515.9612662941,13534.8061859177
"p05[71]",0.42673213884,0.42741367,0.0461479787381481,0.045874305267,0.3501379145,0.5014089205,1.0005150271169,17849.6753095208,14159.6926828994
"p05[72]",0.451146129214375,0.45126627,0.0417862692000592,0.041410530252,0.3823952735,0.5201937695,1.00015814391648,17497.1249229232,13151.4200907633
"p05[73]",0.22189136247575,0.22140972,0.0348161043556301,0.034815814257,0.1654546585,0.27997301,1.00037969737847,13073.800818623,11359.1812972824
"p05[74]",0.447932752995,0.448180475,0.0424562340290139,0.042386548071,0.3781208485,0.5170222095,1.00052538159649,16818.9571560986,13654.8525558181
"p05[75]",0.29860839236375,0.298654595,0.055167212400697,0.055966533966,0.2079955725,0.3902873055,1.00021792244081,17105.4696351947,13285.9047608839
"p05[76]",0.251703903013688,0.250017625,0.0496426255036272,0.050250933054,0.1727662255,0.335845989,1.0003258616255,14709.38965427,11293.196747971
"p05[77]",0.296026526038125,0.29494474,0.042983016612731,0.043810815174,0.2260841555,0.3671883635,1.00014597827623,18560.6769864424,13080.7921351797
"p05[78]",0.23617665970725,0.234771925,0.0509231722356398,0.051759671292,0.1545596915,0.3222536905,1.00020780788366,12785.7121228887,10169.2057061442
"p05[79]",0.442520278014375,0.44308361,0.0438147429052408,0.043684423524,0.369914195,0.5137978,1.00040722887443,16248.690350381,13561.9150055941
"p05[80]",0.4231932131625,0.42303128,0.0415267007160965,0.041370833637,0.355523458,0.4925769135,1.00003142629775,17093.8534020615,13624.6918431717
"p05[81]",0.445272556823125,0.44535447,0.0425829224267155,0.042475022226,0.374936891,0.515415153,1.00024276982208,17593.9633942654,13354.4617326949
"p05[82]",0.25140796519875,0.25056344,0.0473707786521336,0.047581052148,0.1752421265,0.3307888425,1.00014227025633,14750.1932184032,12559.5862079233
"p05[83]",0.298278022218125,0.29809803,0.04747022645244,0.04781792715,0.220826063,0.376896971,1.00024423499997,14993.9827590113,12277.0458592709
"p05[84]",0.43505748029625,0.43529432,0.0423186938773265,0.04228975653,0.3661079395,0.5053519935,1.00002509962305,17399.4793866172,13325.4225165051
"p05[85]",0.444301220699375,0.44425309,0.042295261942386,0.042098782824,0.374328874,0.513908039,1.00042050075708,17839.5477518257,14155.7697495221
"p05[86]",0.4271438520625,0.427073905,0.0416798540313694,0.041997172833,0.358999386,0.496310629,1.00005787264168,17174.4002497511,12977.0686016462
"p05[87]",0.04224499887735,0.0378560075,0.0239888481730911,0.0219714025608,0.0118055036,0.0876362012,1.00011443152714,13919.3276356684,12739.9299716757
"p05[88]",0.381417982263125,0.382675755,0.0558308763123982,0.056111346921,0.2872417995,0.470473023,1.0000516388167,17929.1066919096,14495.8150214001
"p05[89]",0.290752535405,0.28986406,0.0403651257447895,0.0407561180250001,0.2250354035,0.358201128,1.0002961184476,13878.192303924,11747.0448537089
"p05[90]",0.0761806736496625,0.0714590365,0.0346950581155638,0.0337846652157,0.02796874225,0.1403761055,1.00029414248911,13578.8085117624,13012.8109691787
"p05[91]",0.39435552861625,0.398777855,0.0609012741480452,0.059714346615,0.2859922705,0.486890651,0.999987978172208,15500.064130696,14364.6707668199
"p05[92]",0.40238757965875,0.401915345,0.0399578136287536,0.039874979193,0.3379062895,0.4692257845,1.00002808420921,16292.9124166955,14004.2058643417
"p05[93]",0.321745413468125,0.32146224,0.0539756875434914,0.055366347834,0.2328528225,0.410835983,1.00016964615979,17567.6119712483,13071.3785985883
"p05[94]",0.182542792677813,0.179644365,0.0574272440242749,0.057996695211,0.0929794574,0.2810171445,1.00040636078966,16696.0635068857,13126.0396992933
"p05[95]",0.210063656586938,0.20923082,0.039188982326976,0.039566880087,0.1475613725,0.275947032,1.00041318443311,12570.5713801898,10202.7810265613
"p05[96]",0.318063042585625,0.3173602,0.0509139767432022,0.051437976744,0.2344896195,0.4023892175,1.00028020352761,13775.1462807945,11872.6798550393
"p05[97]",0.126847389726312,0.122136915,0.0477535412987695,0.0477072006516,0.0569019822,0.212759404,1.00055987065205,13872.3160107741,12170.5856047329
"p05[98]",0.204800513360125,0.202484865,0.0527184030462844,0.053421132156,0.1221395545,0.2953873895,1.00004855425263,13619.6041749077,13501.7525855337
"p05[99]",0.245729263525,0.244627025,0.0489043351412413,0.049803877263,0.1667225735,0.3281109475,1.00023865985254,12963.7999151582,10236.1034967216
"p05[100]",0.28401705684375,0.28364549,0.0442149407987219,0.043883210532,0.211976739,0.3578031875,1.00002669876043,14476.1025819833,12803.4011681646
"p05[101]",0.157824320007187,0.1542537,0.053771451354532,0.054295347246,0.0754978117,0.2516250925,1.00016220005508,16941.2542060618,13241.4050617338
"p05[102]",0.420947155574375,0.420474845,0.0426952023379687,0.042904427664,0.3507539575,0.491106927,1.00045624140878,18631.6164599395,14181.7357989428
"p05[103]",0.235503161863125,0.234114,0.0466767579592995,0.047239816932,0.160713512,0.314883723,1.00037386959921,14300.2783528207,11272.417372679
"p05[104]",0.058296483572225,0.0504293845,0.038030179027376,0.0341624746911,0.0120749061,0.1319521045,0.999959567218047,14886.6315974205,13105.130783776
"p05[105]",0.04082417110952,0.033906513,0.029556876846423,0.0250338373992,0.007211595095,0.0986680959,1.00009028365285,13182.5308243576,12042.578207845
"p05[106]",0.389259546436875,0.388927635,0.0413033514722236,0.041511821484,0.322083586,0.4572392755,1.00032161794673,14196.6708285225,13823.4438696156
"p05[107]",0.4513689826925,0.451532495,0.0415937972917958,0.041353820802,0.38318983,0.5202244895,1.00025165896189,17137.0868924486,13604.1316296183
"p05[108]",0.125279446433437,0.12286268,0.0363039249128746,0.0365858525907,0.0697872948,0.1887670715,1.00058344735932,12408.793602211,10486.4068265521
"p05[109]",0.44724425383375,0.44715843,0.0418195487186512,0.042167316009,0.3786987155,0.515937718,1.00023373088637,16960.7670075835,14408.7965265452
"p05[110]",0.262210171235063,0.26179508,0.0452649499540774,0.045385929414,0.18926243,0.3376048445,1.00041708783481,14761.4476201682,11689.1498222243
"p05[111]",0.41274766146875,0.41455339,0.0509431129035972,0.050328991944,0.3248977165,0.4928375085,1.00018200270613,17893.2153264549,14800.3869849624
"p05[112]",0.450308606275625,0.450156115,0.041992050307879,0.041899247103,0.3813464345,0.5194973345,1.00012986983161,17443.2030520174,13387.0866285536
"p05[113]",0.318317040659,0.32067424,0.0824851780323548,0.087692809974,0.177872534,0.44702539,1.0003755186566,16082.6999464625,14323.2483272905
"p05[114]",0.28495376342,0.284192285,0.0408929181114688,0.0411589923360001,0.2189636545,0.352669378,1.00021162949622,13627.5885546656,11014.8800237439
"p05[115]",0.084455248594375,0.0809436795,0.031122550644298,0.0301602063693,0.03979691295,0.1410669515,1.00018051018496,14180.2273571807,12783.5551264308
"p05[116]",0.4453213812625,0.445461125,0.0428111605592256,0.042678286686,0.374527302,0.515594497,1.00020378750549,17295.1014063984,13375.3844353462
"p05[117]",0.164798400767187,0.161324515,0.0515963279858429,0.05215208586,0.0862440011,0.256092911,1.00062721643207,13678.0504272109,11432.2579827214
"p05[118]",0.334642545355625,0.33460667,0.0411020472423067,0.04094266617,0.2674804685,0.4033788165,0.999987572801057,14595.8571872997,12784.2241513828
"p05[119]",0.250415063998937,0.24951021,0.0493389030219573,0.04980149769,0.1709583415,0.333244259,1.00024632128151,14757.2847458448,12081.3417870085
"p05[120]",0.413909103605625,0.41357072,0.0402148079257098,0.039873229725,0.348228409,0.4806453995,1.00005602583873,15884.6758978732,13708.8039175648
"p05[121]",0.211036142129937,0.209651255,0.0450864253405021,0.045904906131,0.1392501455,0.287234739,1.00040079430946,13695.6156090195,11621.055745558
"p05[122]",0.3035896326425,0.303431055,0.0523499567098406,0.053306971956,0.217961727,0.390044618,1.00086523203273,18857.580865259,12811.5236925418
"p05[123]",0.32390283194625,0.323236295,0.0397239648619237,0.04000366146,0.259343199,0.39017873,1.00027791867882,14620.6550805657,12191.3442942546
"p05[124]",0.441295528830625,0.44158478,0.0441810653043814,0.04389392973,0.3682640895,0.5132198245,1.00039270103485,16093.3289373335,14047.0086801992
"p05[125]",0.398438649515,0.399136835,0.0486547748352032,0.048736946412,0.31646831,0.477619744,1.00011416784361,17777.6196330245,14358.7544919988
"p05[126]",0.29077526881125,0.29042374,0.0464955411901262,0.046893911526,0.214639687,0.368174429,1.00041742568692,14456.5243128356,13347.8455371241
"p05[127]",0.30801085890625,0.30779898,0.0487032061648132,0.049543888527,0.2290178145,0.388532181,1.00041856033932,20129.9604512405,12439.0508709132
"p05[128]",0.235698296018125,0.2347704,0.0394580597670712,0.039959761674,0.1724023665,0.302096867,1.00037885450095,13177.7737038641,11285.4817778877
"p05[129]",0.44160339075625,0.44234982,0.0432900470427001,0.043217967912,0.369532719,0.5121668415,1.00003403958789,18223.656600925,13783.2685674023
"p05[130]",0.325393508912625,0.328490185,0.0743596572385217,0.0778645063139999,0.198045887,0.4427942985,1.00031992182963,14274.4465609935,12686.1686883418
"p05[131]",0.4327385234325,0.4325243,0.0423840560524735,0.042541620618,0.3626926515,0.5023624385,1.00032260056274,18612.5887083534,13838.7376586928
"p05[132]",0.0370467122490394,0.028798036,0.0305653037010757,0.0239906807805,0.0047328358,0.09760492055,0.999908770428613,14390.9246267757,12827.6073497909
"p05[133]",0.44167548364125,0.442592735,0.0453200121193768,0.044554509573,0.3667332135,0.514882293,1.0002641328721,15640.6086145335,13222.3439021498
"p05[134]",0.44986823642625,0.449811405,0.0417803723001249,0.041466787509,0.380797156,0.519019525,1.00033053362622,17991.9607026063,13685.7793102267
"p05[135]",0.415371055518125,0.41820058,0.0524055210032834,0.051418146969,0.325135706,0.4968476555,1.00007529055515,17858.1560825529,14500.1931556981
"p05[136]",0.43770907002875,0.4379221,0.0426506330267535,0.0427840479570001,0.3675985055,0.5078011725,1.00003305872526,17505.5882413932,13177.2700811835
"p05[137]",0.384694776825,0.384949685,0.0478957600352396,0.047478611901,0.3061352795,0.463642356,1.0001535870982,15801.8632821359,11948.7956327483
"p05[138]",0.34714789308,0.34673251,0.0353425013643549,0.035364791385,0.2898584155,0.4062806265,1.00016486838632,13920.5401511756,12949.4259042679
"p05[139]",0.417228506726875,0.4196186,0.0523056697544958,0.051628335171,0.326575401,0.4986937375,1.00052635414261,17513.443148841,14594.9269348346
"p05[140]",0.122434464500313,0.11989001,0.0346416572139756,0.034471450755,0.0697830273,0.1831429275,1.000214473413,13583.1223303665,11803.1937504067
"p05[141]",0.433281505385625,0.434764555,0.0470027165955634,0.045994269846,0.3534206465,0.5075283855,1.00026302251122,16561.112766615,13798.9399267687
"p05[142]",0.44961359716125,0.44984016,0.0418011578848264,0.041352619896,0.3805609315,0.5183002465,1.00023805576656,16841.5304749905,13632.7835966539
"p05[143]",0.4352801151725,0.437365765,0.0493705651376935,0.047103106386,0.3498276295,0.512536386,1.00003759645793,15696.9308834595,12913.5457652979
"p05[144]",0.22186136863125,0.21882616,0.0622075353704202,0.063987392553,0.124130407,0.3289978295,1.00032507711801,13427.3450846209,10286.9853872867
"p05[145]",0.312551692334375,0.31173939,0.0421337448106669,0.042073615689,0.2443507585,0.382573774,1.00027948780572,14030.7117806897,11353.7676501971
"p05[146]",0.452377122314375,0.452453785,0.0415275168072859,0.041347460448,0.3843832145,0.5214425425,1.00026616625454,17375.4310128903,13440.5069218271
"p05[147]",0.44219570600625,0.442180295,0.0424466077237721,0.042087945018,0.3721313305,0.5120914205,1.00043548908009,17947.9356996974,14220.7632160963
"p05[148]",0.287723627331875,0.287417575,0.0461076151089693,0.046336157406,0.2125360565,0.3637215185,1.00036177638667,11677.3822510975,13008.217678595
"p05[149]",0.447900679075,0.447979,0.0416835884783099,0.041651141406,0.378924034,0.516778043,1.00023320268074,18350.8561503836,13625.22374938
"p05[150]",0.392249101473125,0.391836855,0.0399168826026007,0.039731040972,0.327238009,0.4588441715,1.00005436778235,15186.4396368294,13578.1589817748
"p05[151]",0.227692873376625,0.22712597,0.0397173095002675,0.040177748352,0.1631846035,0.2936695925,1.00047822303177,12233.3887554394,12245.080207155
"p05[152]",0.3322474579175,0.333342005,0.0610148315662878,0.06196786155,0.229238724,0.4310137555,0.999943295562882,14469.8619347208,12266.1865899775
"p05[153]",0.33180388083625,0.33124899,0.0385322775389592,0.0387438665880001,0.2692584715,0.395999936,1.00034096149773,13331.3632819493,13129.4846510598
"p05[154]",0.426771801714375,0.427478025,0.0466972783308337,0.046304852307,0.348924386,0.502341212,1.00046324089592,17546.7266728301,14190.6211452094
"p05[155]",0.433018815485,0.43327199,0.0429145556625994,0.042628115502,0.3620677735,0.503853621,1.00056662944236,17476.798232031,14651.8641752424
"p05[156]",0.263610109624375,0.262457025,0.0570700285457037,0.058230530883,0.17247411,0.3591233045,1.00015642936803,12947.1289908718,10787.363840888
"p05[157]",0.127072533866875,0.121846045,0.0488162036737843,0.0484050730737,0.0569886013,0.215854299,0.999943797642049,14763.1707286295,12846.2130914389
"p05[158]",0.4510762808825,0.451141325,0.0419148358179096,0.0417031213620001,0.382369467,0.519815923,1.00019914845238,17373.2421691048,13736.635043959
"p05[159]",0.37218531024125,0.371811885,0.0451918264471864,0.045921563142,0.298594957,0.4466427425,1.00080539354801,18450.2150578919,13945.2350692602
"p05[160]",0.285040551331812,0.28535286,0.0604076559123415,0.061964473809,0.1855467585,0.384328929,1.00022672277726,12196.6716289265,12719.2805893533
"p05[161]",0.308956404485,0.308675905,0.034228483195211,0.034464756816,0.25381031,0.3654234025,1.00019463354322,13243.2334328152,12561.717234014
"p05[162]",0.1553566930095,0.1511209,0.0529097479253269,0.053192166825,0.0754942348,0.2494863715,1.00061049660739,13122.8817319515,11077.1006722739
"p05[163]",0.447395456064375,0.44736714,0.0424730746153999,0.042492880143,0.377811562,0.5175092155,1.00023516698722,16728.0150878343,14054.6297469197
"p05[164]",0.439110667059375,0.439585685,0.0427157718714718,0.042878837988,0.368334762,0.5089755235,1.00013402337789,18403.3378030171,13778.610583232
"p05[165]",0.243799124169375,0.243417365,0.0361091563831215,0.036509744061,0.1851979545,0.3037515405,1.00029272659408,12290.1349226364,11945.9647453254
"p05[166]",0.0396160715302219,0.0321010825,0.0299187226531052,0.0246054334575,0.00624443563,0.098616362,1.00011257573686,13461.9053166985,12592.2929948986
"p05[167]",0.450271954274375,0.450426285,0.0415710377779214,0.041361582213,0.3820854335,0.5191221085,1.00021004636588,16892.0334481617,13915.9977148605
"p05[168]",0.3361450741625,0.33590374,0.0438849884540325,0.044178433257,0.2643433195,0.4087374785,1.00026895213541,15416.5790062598,12187.1794600563
"p05[169]",0.402123410513125,0.402357135,0.0466552793217709,0.046600682898,0.3244142365,0.4782373825,1.00011368020796,16695.604875733,13422.7822152216
"p05[170]",0.40322199007125,0.40475287,0.0522757629538945,0.05195831004,0.313118689,0.485172644,1.00023478888388,16973.0688406008,12462.4318762051
"p05[171]",0.413958908150625,0.41634437,0.0520403923734993,0.051752243466,0.324980557,0.4958111805,1.00033971745761,18266.9027670202,14465.2945526228
"p05[172]",0.393770041944375,0.396599005,0.0579128387250159,0.057402876846,0.2938707835,0.482598785,1.00067928612027,17005.7914049281,14546.9742353786
"p05[173]",0.355406265415,0.35460778,0.0433682027397258,0.043867739601,0.284715503,0.42705757,1.00010555909401,18780.5906220034,12300.7125257044
"p05[174]",0.450247859608125,0.450305035,0.0419005633215765,0.041669318082,0.3816205255,0.519587208,1.00028330386674,17503.0957387392,12988.6758580307
"p05[175]",0.308606464415,0.308360335,0.0426236435980028,0.042334649658,0.239003036,0.3794289015,0.99998262934657,14421.4672392395,12812.9969148879
"p05[176]",0.306513534251875,0.306678835,0.0566679705430063,0.0578667304949999,0.214056078,0.399667296,1.00014952634138,14515.3863237547,11753.6058304183
"p05[177]",0.142145114699062,0.139076395,0.0431403837214933,0.043334945052,0.07723745235,0.2175308325,1.00045225983901,15829.3541182132,12572.2793982066
"p05[178]",0.0521867993013875,0.048023759,0.0267383576433993,0.0253254714909,0.0166864208,0.1021060335,1.00015562436494,13859.0631935438,12710.6137863877
"p05[179]",0.248746261504,0.24710092,0.04876241364737,0.049508209758,0.170979281,0.3314005145,1.00034113680997,14641.7036765488,11630.0298094409
"p05[180]",0.36605985876,0.36890895,0.061865363547041,0.06225548595,0.2584429335,0.462716228,1.00022158383785,16198.4387037429,12675.0353625483
"p05[181]",0.129271390728812,0.12694509,0.0375247892802085,0.037860222162,0.0721908952,0.1948471815,1.000517176027,12298.6894965039,10153.5941410615
"p05[182]",0.37362459254875,0.37339739,0.0398006456333438,0.039914957502,0.3091641815,0.4392984855,1.00022854425133,12895.1182097107,13669.9086290951
"p05[183]",0.07081594007625,0.0670726085,0.0307429294014995,0.029997290127,0.02757562375,0.127280464,1.00020813463706,13668.4724890238,12942.8865889484
"p05[184]",0.0768954243425,0.0718078705,0.0351096585566091,0.0333428274354,0.0294575984,0.141563994,1.00043166647674,15506.2468551849,13554.0511468938
"p05[185]",0.4382942372325,0.43878733,0.0429447399009812,0.04312379316,0.3666732755,0.508415375,1.00011096163208,18389.748501022,13655.4346656886
"p05[186]",0.235191431031125,0.233847525,0.0498644444240058,0.050487059343,0.1552212085,0.319552581,1.00007111365359,16403.5280850024,12325.8440168121
"p05[187]",0.0631170348872063,0.054811971,0.0401610347659604,0.0365316932127,0.01359401675,0.1408175035,1.00021375053605,13564.1821333078,12507.8060404168
"p05[188]",0.127592052836144,0.11981905,0.0592726210819474,0.0586058406948,0.04534289545,0.237639433,1.00016493655953,13287.4607112333,13808.0794597073
"p05[189]",0.190928001970938,0.1899327,0.0375841401177634,0.038013737979,0.1307059925,0.254234126,1.00037695344662,12457.0702357481,10542.5332784918
"p05[190]",0.210012268995187,0.20943331,0.0343667435710817,0.034554320682,0.154565762,0.2672612665,1.00030314397257,13040.0495591116,11667.564138155
"p05[191]",0.13495686435375,0.13181267,0.0419275156011781,0.041840069124,0.07168056475,0.209077822,1.00010790683034,18228.676785125,13593.2927932576
"p05[192]",0.452625149531875,0.45276503,0.0415614689613786,0.041462487969,0.384467076,0.52168813,1.00033489304358,17450.6324708987,13530.5917084592
"p05[193]",0.2934921935025,0.293144885,0.0340922441395483,0.034161565116,0.238481991,0.3502406365,1.0001858512842,13195.133246892,12112.6762273606
"p05[194]",0.164691580120813,0.160577675,0.0531554090759712,0.053598666093,0.0842695314,0.258703555,1.0000415647911,13872.2887420155,13747.9385447356
"p05[195]",0.4492407455675,0.44926372,0.0420660772028106,0.041881567098,0.379874543,0.518620714,1.00030016172492,17224.6862208718,13360.0911183584
"p05[196]",0.10747392367725,0.103847755,0.0393824170517846,0.039158394135,0.0498228023,0.1779950575,1.00003795342587,16251.1340418373,13561.4804511499
"p05[197]",0.23538098807125,0.235089665,0.0377044224890935,0.037939726587,0.173802958,0.2978806285,1.00046318081444,12356.4675383507,12032.6007260417
"p05[198]",0.4109152553275,0.41045187,0.0399623622075623,0.04001707899,0.346291388,0.477564746,1.00003707776386,16341.5352504139,13544.6540135933
"p05[199]",0.259501551102875,0.258360905,0.0576949737804746,0.05850947466,0.1659823045,0.3574254355,1.00018360942928,16430.3718445255,13218.5363332822
"p05[200]",0.39661134995875,0.39724985,0.0488260231664752,0.049568255058,0.316010645,0.4750511335,1.0006831854907,18898.5204949977,13404.6099647024
"p05[201]",0.4510831353725,0.45123873,0.0417766565826054,0.0413670900720001,0.382534738,0.5200201125,1.00023811564055,17373.3768919793,13293.8017472997
"p05[202]",0.388923699951812,0.39884846,0.0745135879372329,0.07071216222,0.2518920565,0.4955691805,0.999957467328313,16452.5510096408,13346.4262291755
"p05[203]",0.058693468043925,0.0545656165,0.0283569173733842,0.0271487018061,0.02016838885,0.1112851695,1.00017723310035,13817.0676942347,12873.2965935924
"p05[204]",0.27717861359125,0.276755535,0.0357752536120595,0.036173015949,0.219103956,0.336740491,1.00035627211007,13437.7492577052,11747.0370841201
"p05[205]",0.29152463531,0.291057145,0.0438137337684356,0.043629315282,0.220050812,0.3640058475,1.00008066541778,14722.0709899136,12519.9303120886
"p05[206]",0.201340683891312,0.198964305,0.0526737624447869,0.053371828293,0.1185294085,0.2918689665,1.0004606956193,14314.3588043416,11279.8989743069
"p05[207]",0.268311406788125,0.267917915,0.0457379477684245,0.046068792735,0.193656155,0.344815154,1.0004487774745,14272.0370782559,12766.3919086803
"p05[208]",0.26620279505375,0.265130525,0.0490552297236204,0.049927600233,0.1868475715,0.3483111605,0.99997645711181,17935.8898223435,13156.4108393686
"p05[209]",0.0830495563600813,0.0794480525,0.0325641859620518,0.0321833349012,0.03659402955,0.1420401725,1.00052796762217,12570.0735687738,10669.2139688483
"p05[210]",0.39664658687,0.396761115,0.0455116766127695,0.045874275615,0.3216740335,0.471714116,1.00013252064286,18300.079385426,12687.0456865162
"p05[211]",0.423275387244375,0.42288635,0.0426763508171353,0.042928794195,0.3531064725,0.4931421645,1.00054359857665,18566.2031712587,14231.4954073648
"p05[212]",0.450807368410625,0.450879485,0.0416716913268742,0.041341070442,0.382384252,0.519337857,1.0001327221679,17086.8089642988,13433.7428855996
"p05[213]",0.0822510672411625,0.0743280685,0.0451761660247406,0.0425946257919,0.0239806844,0.166886332,1.00040739655152,11823.9575445301,9355.41830696937
"p05[214]",0.259558355070875,0.258673545,0.0467068552166734,0.047413014264,0.1836172605,0.3381050505,1.00023166050862,13235.1369387932,10735.6966287803
"p05[215]",0.44535149864375,0.44609483,0.0435773400987943,0.043489572819,0.373464061,0.516466943,1.00023416843829,16799.9436533344,13130.2701318749
"p05[216]",0.3035940305925,0.303223525,0.042857454312389,0.042390239745,0.233669658,0.374644781,0.999987369313021,14587.9098481144,12837.5182024512
"p05[217]",0.208993424553875,0.207411535,0.0482851727455407,0.048910810914,0.132409833,0.2906954765,1.00019577676201,17869.267056694,12527.3345761821
"p05[218]",0.103585430742425,0.0993635995,0.0410522262772278,0.0409014750942,0.0442210394,0.178282379,1.00021812691088,12728.7719065806,11369.3851898942
"p05[219]",0.44585745926,0.44606208,0.043177805615907,0.042806457456,0.374452505,0.5169221,1.00007932390675,17558.618506311,13463.4673647332
"p05[220]",0.367189920749375,0.36741105,0.0495363521727191,0.0499881940949999,0.2852689885,0.4470499625,0.999963018509859,20263.438185651,13149.6918743132
"p05[221]",0.132818799840688,0.13000374,0.0408264742198529,0.04084236828,0.07130971675,0.2053227465,1.00032777534498,12899.4774856459,12984.7706082618
"p05[222]",0.41209533970875,0.41512401,0.054419589222632,0.053563365387,0.316996558,0.4961895725,1.00052278775748,17365.9549986979,14752.9222300056
"p05[223]",0.374587148015,0.37431014,0.0412615742436666,0.041387334975,0.307424792,0.443601449,1.00007357679645,15894.5233556585,12979.2441788475
"p05[224]",0.296864659801875,0.296052335,0.0572623950734267,0.058542136338,0.2032188975,0.3920412275,1.00019301699983,13743.3757439056,11544.7069569607
"p05[225]",0.101738031942063,0.098476057,0.0337221973699416,0.0330810210318,0.0523878306,0.1625134825,1.00032222226778,13602.9003903035,12507.8223722602
"p05[226]",0.3506059175775,0.350521505,0.0483233889051631,0.049469877135,0.2718052095,0.4294931295,1.00035770339705,20752.2479681966,12020.6095049817
"p05[227]",0.400024758468125,0.401633615,0.0529817486758423,0.052381525623,0.3090377065,0.483553594,1.00019800298217,17005.1547628494,12272.180100629
"p05[228]",0.420232201230625,0.42037324,0.0448267759020482,0.04456606644,0.346316416,0.494022068,1.00010946689905,15581.3566908424,14842.4733909242
"p05[229]",0.398765347441875,0.39834503,0.0386383066469854,0.038590439727,0.335628581,0.462426578,1.00013559240203,14419.3361077659,13488.1620683313
"p05[230]",0.149498576178125,0.145103545,0.0507705577603899,0.050702710926,0.0739691763,0.2396161585,0.999975085962601,14324.0853061896,13721.3954385968
"p05[231]",0.149221522210938,0.145553695,0.0493194204693395,0.049603896762,0.0740783636,0.2350889375,1.00005563585924,15837.9018406083,13530.0059365064
"p05[232]",0.28705801807625,0.28664671,0.0415472413144698,0.042067492551,0.219560865,0.355553025,1.00034690711671,11834.6585289777,13206.841983263
"p1[1]",0.124924436630125,0.12275234,0.0295799963033761,0.0291019554,0.08017327295,0.177267675,1.00006892976024,14700.9124359094,14367.9073388042
"p1[2]",0.00713455824706562,0.005801099,0.00531869949078905,0.00407162420154,0.001456427785,0.0173457798,1.00021820834228,14614.7787024605,13685.4988687803
"p1[3]",0.170537489100875,0.166919355,0.0449702576576418,0.044374870344,0.103327183,0.2505238075,1.00025773798237,13732.720279868,12212.1183122942
"p1[4]",0.253567813708312,0.24611063,0.0826491387571648,0.082363129842,0.1311728435,0.4016130025,1.00027832273876,16338.7391921555,13142.1342359302
"p1[5]",0.00786721290037875,0.00642532595,0.0057076129768372,0.00435501199791,0.001747564075,0.01908813795,1.00020624662321,14654.0103082574,13436.1418048896
"p1[6]",0.265986346966562,0.257478665,0.0891104790011142,0.089712837648,0.1349448705,0.4261807635,1.00012056070547,16019.130425756,12657.4920586901
"p1[7]",0.23106842453125,0.227509255,0.0505316163037645,0.050228256687,0.1538147705,0.31946956,1.00032667512691,15449.8311474841,14334.1409235795
"p1[8]",0.149515091802875,0.145104865,0.0444476668320629,0.043327168815,0.0849463831,0.228279205,1.00060121758401,13466.8382746686,13746.7156106109
"p1[9]",0.0226968777028444,0.0179679055,0.0180202207228246,0.01359540634347,0.003947492275,0.0575399052,1.00020236245927,15331.9516396911,14399.9870509194
"p1[10]",0.0968839741715,0.0915825395,0.0391350101713744,0.0375958960797,0.0430338225,0.168972861,1.00024126593045,17019.4929457695,13300.1105646371
"p1[11]",0.013277403329655,0.0101997235,0.0110640296033189,0.00807954678909,0.002051688555,0.03482744245,1.00031062137213,13978.3248759378,12627.9455766392
"p1[12]",0.04499422584755,0.042599212,0.0171394341722825,0.0161924953701,0.02146502145,0.07664830425,1.00015574708378,13492.9446191482,12295.0868228669
"p1[13]",0.0952563813553125,0.092572034,0.0272441736698032,0.0266867006658,0.0551246882,0.1440381085,1.00010306635474,13873.5946695076,13597.805175057
"p1[14]",0.258728147344937,0.25545023,0.0562824391473292,0.055930232505,0.1724415105,0.356869966,1.00038941411525,14679.1876374899,14501.7991967234
"p1[15]",0.00242434000136556,0.00136490875,0.00318020602487816,0.00143958339882,0.000128624948,0.008223484885,1.00007282456658,13696.2785137756,12422.9008960057
"p1[16]",0.125650564079062,0.12202713,0.0367354288592447,0.0359294388537,0.07199754625,0.1913494745,1.00005109231213,14490.6878551411,11828.9208491903
"p1[17]",0.0842971347866875,0.081091378,0.027659120380045,0.0268298923977,0.0445507318,0.1343768835,1.000156060254,13365.5308052514,13846.8073487855
"p1[18]",0.464233405562938,0.462870775,0.105645877142001,0.109541048505,0.2924689275,0.638924529,1.00042296792991,15876.6811755216,14167.7109233475
"p1[19]",0.299122284471938,0.29505322,0.0732170978228585,0.073315022193,0.187020231,0.4276592305,1.00047493241644,16073.3598171952,14450.0069183411
"p1[20]",0.0759593882413125,0.0736231095,0.0231815023344755,0.0225223626663,0.04259887465,0.1178963345,1.00030616638432,14878.8445654546,12736.8473395877
"p1[21]",0.00229053837480271,0.00114647665,0.00339268904645087,0.001303942444938,8.08494434e-05,0.00821815579,0.999930271572635,14589.1994923399,13580.9893747346
"p1[22]",0.24758983615,0.24498387,0.0472205620144176,0.047402939997,0.174130319,0.329456647,1.00013596966587,16144.1691071482,14579.1354265626
"p1[23]",0.031196101944825,0.0290054925,0.0141778352671261,0.0129604206984,0.01241462755,0.05755028705,1.0002563272529,14458.8428171759,13802.5021748239
"p1[24]",0.101207569812938,0.0973759875,0.0337923081630345,0.0327612857397,0.05259486585,0.1622058355,1.00012347054959,12785.0688320819,13447.3908147439
"p1[25]",0.180372355778938,0.177056305,0.0453690998384935,0.045026821455,0.1122329745,0.2605785235,1.00019441279445,16180.8708395626,14334.6077862488
"p1[26]",0.00379124839752469,0.00267664075,0.00374067964176164,0.00234384107979,0.000437445113,0.0109776726,1.00020933864438,14878.2359657946,12912.2843076082
"p1[27]",0.0580785814502,0.0538566255,0.0267058656919301,0.0251169623334,0.02278742035,0.108577755,1.00020231127449,15068.7255487755,14348.4280859412
"p1[28]",0.340740961864375,0.33723157,0.0731697385313198,0.074252922366,0.226804239,0.4669816725,1.00023611231856,18446.5921140389,14962.1113529812
"p1[29]",0.3211113085975,0.31753536,0.070280758543376,0.0715489490729999,0.2126109335,0.4432890985,1.00001923119214,18580.3049763278,14091.1648548291
"p1[30]",0.418814211114375,0.416246165,0.0881700797663996,0.089502056406,0.277916687,0.571076102,1.00015808241588,12812.1668018623,14008.7943065135
"p1[31]",0.00353031509271336,0.00205325575,0.00441851615541783,0.002148217391628,0.00020131434,0.01195017665,1.00016211541132,14314.0967866181,13200.4165563322
"p1[32]",0.0948154310433125,0.091854733,0.0294169588807488,0.028040591712,0.0521910646,0.1483800685,1.00014331258172,14541.1734941071,13704.4809959855
"p1[33]",0.06683323916175,0.065289884,0.0183968965785116,0.0178631194434,0.0395834355,0.0998245346,1.00017427645549,13948.4501218404,12426.6060182225
"p1[34]",0.104214057706062,0.0987153175,0.0399280093586922,0.0385228932123,0.0487563019,0.1778759145,0.999858475766246,14884.0885204213,12932.9439224954
"p1[35]",0.5739908014075,0.57564517,0.096605414947485,0.0999533930639999,0.412352775,0.7280596955,1.00017854955384,16070.5170655691,13494.0085324746
"p1[36]",0.121267463826937,0.115761435,0.0448764293697706,0.0438142562886,0.0584307169,0.2033273075,1.00009298406238,13805.743909379,13332.1873045643
"p1[37]",0.0969478845090625,0.094394551,0.0274727036401478,0.0270673441311,0.0564901887,0.1463241465,1.00039360538352,13849.9812512005,13268.8352002447
"p1[38]",0.013801043841665,0.0123859885,0.00739029414146809,0.00641601769809,0.004749176765,0.0282879831,1.00005422547774,14445.7419216458,13655.8576164532
"p1[39]",0.0398993130961275,0.0309856015,0.0331354150059826,0.0253524948411,0.0057649739,0.1051015665,1.00020743926741,14419.5094948781,13126.3610814895
"p1[40]",0.0168573253344437,0.0153441375,0.00841256539485667,0.0075040894614,0.006200215665,0.03281717725,1.00012963548384,14511.288961984,13606.7391739574
"p1[41]",0.00486541529220088,0.003160217,0.00530580577545863,0.00302440978077,0.000412484021,0.01506774775,1.00018561231782,14255.4719997771,13221.8210315963
"p1[42]",0.002070273821164,0.0010969745,0.00288986706811049,0.001194812817933,9.347761175e-05,0.00728121242,1.00005143887634,13508.2850664974,12552.3670891756
"p1[43]",0.53148886426125,0.532864535,0.110414024249294,0.114341959347,0.3489695215,0.7130880375,1.00015110737922,13926.8990982635,13312.845332753
"p1[44]",0.00254914149247332,0.00154945685,0.00310016911394904,0.001564072020525,0.0001704966585,0.00823248698,1.0000694612604,16615.3068619597,14243.9480700516
"p1[45]",0.146754601600063,0.144556495,0.032959107333548,0.032900902923,0.09689146295,0.2046607265,1.00016588311718,14988.7115272054,13343.0252562497
"p1[46]",0.0124579988516669,0.011080347,0.00691195159833522,0.00593709623703,0.00406420871,0.0258101212,1.00007418729421,14632.9699533861,13990.4372736593
"p1[47]",0.0552703314805375,0.0523672525,0.0211557087272245,0.02032118277,0.0261159585,0.09446161035,1.00001497272291,14376.0698210463,13250.0436639746
"p1[48]",0.06574572930525,0.060402696,0.0308561341939759,0.0285599620593,0.02555693335,0.1240440575,1.0002563489179,15439.0653825987,12367.0225956091
"p1[49]",0.165176963919688,0.162742305,0.0358777789971432,0.035650095516,0.110159868,0.227810901,0.9999887537695,15792.3676964,14257.4615592602
"p1[50]",0.0389378745058563,0.036030936,0.0177060920504703,0.0164269389081,0.0157848526,0.0725709502,1.00000745730907,14341.2500558393,13689.856221851
"p1[51]",0.00291393025843469,0.00196306985,0.00307792800930159,0.001793924331801,0.000291500293,0.00873882863,1.00018027479311,14966.8930414877,13819.0481296209
"p1[52]",0.0680641264675,0.064955304,0.0240118246531861,0.0231001296624,0.03427324675,0.1120702835,1.00007783332932,13703.1657601134,14233.4242652444
"p1[53]",0.00488374432537999,0.0031217019,0.00546063290497615,0.00304967832561,0.0003802079795,0.0154284436,1.0001927180988,14286.7034812266,13059.291559421
"p1[54]",0.337108623407813,0.332983995,0.0788109096904717,0.079373081466,0.215178402,0.4744256605,1.00009866594976,13289.3217922675,13204.7274563269
"p1[55]",0.20131538683775,0.199095585,0.0401753732749154,0.040310804289,0.139522721,0.271124853,1.0000189125822,16266.5845642783,14922.2894088721
"p1[56]",0.00565229943959625,0.00451614565,0.00436030513211143,0.00325833047988,0.0011233716,0.01399864205,1.00012457602127,14312.4514805787,13486.9351135767
"p1[57]",0.26972738768875,0.266969605,0.0551952707953713,0.054912479496,0.185698847,0.3652277655,1.00031332453379,14716.1812052498,14220.7988024032
"p1[58]",0.0665615939813562,0.062841076,0.0259950846133129,0.0246453109497,0.03069116685,0.114939832,1.00041721680251,14958.057882902,13225.3823012623
"p1[59]",0.0631981111922875,0.059296135,0.0259684664053907,0.0247184639163,0.0280681481,0.1110010705,0.999952328672576,13964.2048003332,12154.2349343658
"p1[60]",0.0378589335561563,0.0336204015,0.0214811220989556,0.0191093959686,0.0115068179,0.07972624005,1.00016831943289,15075.6299485679,14397.8154486324
"p1[61]",0.0962321635020625,0.092711301,0.0335572215853858,0.0319653311733,0.0484110709,0.1566118485,1.00017566760302,18091.6812837672,13859.3580237719
"p1[62]",0.0126643522808906,0.01003264,0.00993079743459314,0.0075406844772,0.00223285696,0.0320320403,1.00029853850943,14121.6456417436,12803.367399426
"p1[63]",0.0981102400465,0.09546988,0.0289356141461453,0.027882731877,0.0556335166,0.150028323,1.00012969832316,16384.5392753827,13665.7896442808
"p1[64]",0.101985160518812,0.097746004,0.0367781113561372,0.035821921443,0.0499684216,0.169324859,1.0002748912435,17623.3119904524,13141.685581671
"p1[65]",0.0157601978923369,0.013125749,0.0107538427061095,0.00857302189653,0.00380839348,0.03674127675,1.00024371288024,12899.6052626761,12086.5192019736
"p1[66]",0.2807805968,0.277167595,0.0590167742941243,0.05868145626,0.1907596415,0.3823167625,1.00021593873687,16045.9979098944,14161.2436317207
"p1[67]",0.0302661783442125,0.0278590795,0.0140834073744478,0.0129038891604,0.011813852,0.056877735,1.00032721560936,14791.6462741891,13195.4697097137
"p1[68]",0.00283858537826645,0.00167070485,0.00353430891702117,0.001699076160642,0.000185202018,0.00942817909999998,1.00006309562535,13235.0490343025,11684.4351614788
"p1[69]",0.4906998317375,0.490423345,0.0861300289090144,0.088168672683,0.349792441,0.6327433635,1.00016101621733,16635.4559611717,13168.2407252114
"p1[70]",0.0400252820103,0.0358587345,0.0218726331429304,0.0196915781475,0.01276647015,0.0824675825,1.00016762087297,15002.2927639425,14337.1374258436
"p1[71]",0.399243256704375,0.396611465,0.0739067774295158,0.074924102799,0.281328195,0.52384484,1.00004478902487,17286.0187259736,14449.1968495208
"p1[72]",0.280492947347625,0.277427925,0.0576202288617257,0.057815047059,0.191208561,0.3794225605,1.00033959213477,15402.6249815796,14230.0137449208
"p1[73]",0.03149955976135,0.0298938795,0.0122128316210076,0.0114948705984,0.0147186272,0.0543405535,1.00015192067853,14068.6879848182,13056.7874808967
"p1[74]",0.266328065121938,0.26084857,0.0698384650672008,0.068529463674,0.159675329,0.3894279325,1.000031412525,14947.3365325054,13674.0251821363
"p1[75]",0.0612241070835813,0.057193726,0.0270399085809592,0.0256024463751,0.0251911619,0.111922177,1.00020694905566,14996.7473760017,14446.9801968077
"p1[76]",0.0419455526037687,0.038617326,0.0195877596698448,0.0179601519069,0.0164132572,0.0787890451,1.00030425456257,14935.9290216199,12933.2276107106
"p1[77]",0.0580711297429,0.0556589595,0.0203433621198679,0.0192303405462,0.02929128185,0.0955809347,1.00013496750343,15328.9706655223,13508.2966588298
"p1[78]",0.0370241255604938,0.0336509565,0.018499373147627,0.0165873932931,0.0135680084,0.0719288812,1.00018984915064,13035.2367622492,12364.248932323
"p1[79]",0.24006825166125,0.233953435,0.0763542751415823,0.076208360571,0.1271259165,0.3745565475,1.0004460435243,17818.9085126604,14214.2672989357
"p1[80]",0.161226264359625,0.158404095,0.0381673846688088,0.03793498968,0.1035282215,0.2288237245,0.999976148091968,15462.1951784785,13343.9641374025
"p1[81]",0.33534306358625,0.332866425,0.0612950101384059,0.061683580413,0.2395554895,0.4406518445,0.999994230615809,16786.9539242463,14383.6209164322
"p1[82]",0.0415718923487187,0.0384947185,0.0186078213950334,0.0173223766758,0.01706899365,0.07651907065,0.999984247329088,14347.7231588771,13187.2162688866
"p1[83]",0.0600217718467312,0.05663504,0.0237017795682157,0.0224849477727,0.02761025115,0.1036121775,0.999898383922884,14177.2717442244,12359.106254839
"p1[84]",0.187283089982188,0.183824885,0.0462952843613845,0.045563470764,0.1178390775,0.2696002085,1.0000454044527,15231.4165206565,12747.5198739491
"p1[85]",0.215721153469375,0.2118667,0.0503857002518664,0.050229509484,0.1396863415,0.3035661215,1.00026069287074,15816.5719405778,14795.1896425541
"p1[86]",0.16916447637175,0.166296535,0.0413377067908233,0.040671698781,0.1070636685,0.241919215,1.00024933757675,15056.5569798189,13309.1755261735
"p1[87]",0.00218951958911874,0.00145920725,0.00236172216497356,0.001344550695852,0.000216017133,0.00659671242,1.00009111961869,14709.4224014358,13449.6998893501
"p1[88]",0.50086870439125,0.500392075,0.0884970184599235,0.0900583279260001,0.3560952365,0.6453378605,1.00001493172718,17193.4937244787,13515.5337473833
"p1[89]",0.0557102033803875,0.053281164,0.0194505545345579,0.0186393835992,0.02836855455,0.09101817205,1.00027602813952,14219.518247137,12131.6323100358
"p1[90]",0.00532881701883994,0.00402287925,0.0046775061312524,0.00323471636838,0.00078967482,0.0143388238,1.00023024549466,14740.7566000044,12941.9870154159
"p1[91]",0.46660569567875,0.465425275,0.108876823492908,0.112515247887,0.291435643,0.650469896,1.00014779210586,13265.2031821863,12874.6995866781
"p1[92]",0.131425710777312,0.12917294,0.0307101083724261,0.030596964762,0.0848327543,0.1852688645,1.00000005975338,15192.8069469694,13686.8814830076
"p1[93]",0.0730945165958688,0.0685046795,0.0309266811219147,0.0286308859368,0.0313679966,0.1312434965,1.00010589038545,14879.349414933,13115.1251236223
"p1[94]",0.0231950132183444,0.019898089,0.0150353053433669,0.0126750261288,0.00571814391,0.0518076895,1.00015854744236,16282.7335544705,14731.6042430781
"p1[95]",0.0286222079839938,0.0266280265,0.0125804915827761,0.0115701644394,0.01195141615,0.05228374345,1.00025428332664,13629.9293553878,12238.6993622949
"p1[96]",0.0704711255385812,0.066315578,0.0285407678008021,0.0269404446906,0.0318066004,0.122625048,1.00020150933828,13131.9253387843,11717.3147982529
"p1[97]",0.0122400475857988,0.00986812735,0.00925026150598692,0.00698111306025,0.002430099185,0.02987596555,0.999963197973187,13702.729577453,13443.8627636877
"p1[98]",0.0283537975807313,0.0248699265,0.0161762087957003,0.0140295376431,0.008868812325,0.05971517255,1.00003439679281,13908.0602735725,14481.5581217077
"p1[99]",0.0398445916597812,0.0366040315,0.0186694152006766,0.0170157950109,0.0156364234,0.0748575422,1.00018403372148,13206.1327677221,12389.011811424
"p1[100]",0.0533314424800437,0.0504927545,0.0204122917468425,0.0195082205577,0.02525356235,0.0913916728,0.999997668537972,14312.2324856836,13815.3874512913
"p1[101]",0.0178301173151431,0.0150188995,0.0122458860097793,0.01003547758794,0.00401821004,0.04123014315,1.00025716190806,16530.1127194594,14851.5344722858
"p1[102]",0.159046580595062,0.15641515,0.040666878091127,0.039865742595,0.0982659737,0.2311439195,1.00008171058722,16466.5405673949,14038.3253501538
"p1[103]",0.0363891222556125,0.033452242,0.016887813011875,0.0154023859542,0.01427086585,0.0683779516,1.00033380095801,14890.132091262,13037.6444596275
"p1[104]",0.0037984315824047,0.0022712952,0.0046516455066894,0.002342562604158,0.0002370197455,0.01233261565,0.999964587931962,14961.6628785717,14150.0933292395
"p1[105]",0.00224324262724552,0.0012182914,0.0030534451202075,0.001318462844013,0.0001057323905,0.00781298132,1.00007927565028,13863.3891245058,12890.3833766792
"p1[106]",0.118716763064562,0.11584238,0.0318085239527693,0.031403892051,0.0714295368,0.175284012,1.00035348739257,14143.3408688709,13299.6486819548
"p1[107]",0.257418602661938,0.25441874,0.0528957790465474,0.052261390545,0.175447742,0.349787976,1.00011566185951,13267.7035694534,13976.8460850803
"p1[108]",0.0115044913233975,0.00997318545,0.00706144703161518,0.00592273228932,0.003276180145,0.02512184515,1.00011896435392,13538.9009528017,12958.6018568435
"p1[109]",0.235202834186563,0.231298515,0.0577745794156751,0.057697135881,0.147268944,0.336956724,1.0001484501171,14810.4453249008,14219.8599455933
"p1[110]",0.04509484276775,0.042226728,0.0188085439355243,0.0176554909503,0.0197251944,0.0802795401,1.00038831194132,15536.8596946541,13057.4981794384
"p1[111]",0.1602138036845,0.15250374,0.0628717014907171,0.061205538282,0.07189223315,0.2755833605,1.00016016609654,17901.3795001963,13733.5615861862
"p1[112]",0.28664505554275,0.28333281,0.061349661924805,0.061460508417,0.192103663,0.392735829,1.00038895485096,14531.2263926339,13960.4454902676
"p1[113]",0.600697126206875,0.606830065,0.127622586057233,0.133004260977,0.3816286615,0.8002818935,1.00016367520177,15916.218087969,14238.695164055
"p1[114]",0.0533269241929875,0.050937008,0.0191216214116702,0.0182969504424,0.02666358815,0.08812620945,1.00009880399883,13520.2087659498,12420.4276122069
"p1[115]",0.006091153217695,0.0049232389,0.00454328552773991,0.00339707389287,0.00132106068,0.0150159276,1.00013310592597,14962.0513398965,13316.176830772
"p1[116]",0.324852819216875,0.321542215,0.0697134480847657,0.070879985127,0.2166946295,0.4450920595,1.00033431562733,18390.9914314965,14566.2963439352
"p1[117]",0.0191199546505813,0.01622895,0.0125458043361236,0.01011774231762,0.004844352885,0.04330434065,1.00004261406927,13287.1277764358,13377.358902744
"p1[118]",0.07761755613125,0.0751717295,0.0239603943726934,0.0234530848314,0.0426925366,0.121516349,1.00005144841562,14326.8341702263,13663.3390727137
"p1[119]",0.0414638344651125,0.0381865625,0.019304008831502,0.0178578591786,0.0163649169,0.07774434845,0.999871532252398,14226.8674354719,12461.332719069
"p1[120]",0.14560326317625,0.14320244,0.0322129343305912,0.031996161099,0.0964220199,0.2019912335,1.00009602348636,14859.8622452475,14474.9903133477
"p1[121]",0.0292999016644375,0.0266992645,0.0142879991314023,0.0129585444681,0.0109065589,0.05631934925,1.00033783039104,14644.1193964845,12788.6082170834
"p1[122]",0.063034626729,0.0593349975,0.0261182767893716,0.0243980073393,0.02735638065,0.1109336785,1.00017514390177,17167.7203351316,14201.7301233681
"p1[123]",0.0714935077438125,0.0691435565,0.0223676793519555,0.021667880241,0.039449933,0.112185294,1.00030370942537,14740.4504414472,12563.8152719285
"p1[124]",0.342279907648125,0.339161655,0.0756948288257016,0.076144453098,0.224524241,0.472144274,1.00040496968108,13958.6239372612,13639.7665324752
"p1[125]",0.134415960325938,0.129440865,0.0474708535922475,0.0463813374171,0.0665189808,0.2210418495,1.00021239971102,18020.8939066943,13085.3434712142
"p1[126]",0.0565203565469313,0.053293862,0.0222737297845459,0.0211897424823,0.0260678668,0.09799291505,1.00041826565914,15420.6107069611,13066.3319368056
"p1[127]",0.0646088202387562,0.0613618435,0.0248908315415715,0.0232793745198,0.0300754073,0.110290738,1.00000405723659,17464.4783702163,13726.4135097906
"p1[128]",0.035815434246175,0.0336271485,0.0145459360470993,0.0136079114073,0.0161266614,0.06287629515,1.00015026726452,13563.3997840047,12396.7921294207
"p1[129]",0.213125905537187,0.20858104,0.0574817622928612,0.056827702176,0.1271907685,0.3154094365,1.00051350698506,13183.9363316459,14062.6292498653
"p1[130]",0.0813155468824188,0.07235096,0.0467499006031404,0.0417877496526,0.02329229615,0.1707118455,1.00022800000935,13940.1241051642,12962.90461071
"p1[131]",0.181887010528,0.17859918,0.045358622186,0.0449294517,0.113498228,0.2618530895,1.00018450467006,16326.821137939,14134.0741890377
"p1[132]",0.00201975488119916,0.000960220535,0.00314025236810387,0.001116516593325,6.175806935e-05,0.007414971165,0.999939906084226,14503.575710068,13491.5624204349
"p1[133]",0.299747697754937,0.29181544,0.0940953891843851,0.094719044112,0.1581781235,0.46479767,1.00033796521434,17047.4781440033,13874.8726312995
"p1[134]",0.24429931194025,0.240969885,0.0524109704021543,0.052294815762,0.163280849,0.335286865,1.00034443300316,15437.6288524878,14314.1154292676
"p1[135]",0.420201526373312,0.41750219,0.0962645754057089,0.098788099116,0.2677559685,0.585248203,1.00025673869711,16719.8855436369,14335.1364402285
"p1[136]",0.197964360709313,0.193516005,0.0528947959090593,0.052154687823,0.1190701405,0.292619681,1.00032595613809,14874.4260314647,13701.0546456696
"p1[137]",0.117614165486375,0.11306097,0.0395859965188105,0.0385795552191,0.0612810843,0.1892910605,1.00014108167301,14000.4293979577,12012.0323194477
"p1[138]",0.0840918574720625,0.0824582575,0.0211150453805092,0.0207667537371,0.05249212695,0.121696212,1.00017742568126,14033.6622290184,12505.0432185615
"p1[139]",0.414905277685625,0.41148854,0.0967461198277483,0.09819941796,0.2615869035,0.5804134835,1.00001961903078,17226.3997784022,13805.2457053292
"p1[140]",0.0110201087900506,0.009587318,0.00665725587351686,0.00552459051165,0.00324444992,0.02393628165,1.00015701697072,14669.4589196315,13371.5944511792
"p1[141]",0.213231213990063,0.20460536,0.0809349452371431,0.079321583355,0.09704209055,0.361946666,1.00018838177411,18219.4866827698,14102.8511464791
"p1[142]",0.248742622582562,0.245157105,0.0560758364186586,0.056394805215,0.1624321085,0.34677427,1.00026720149518,17179.426077779,14725.6657837027
"p1[143]",0.326358610002125,0.317652715,0.109428878121199,0.112299766803,0.162050067,0.520091881,1.000124442734,14794.8085935476,12973.4674411144
"p1[144]",0.0340786553140187,0.0292221735,0.0213866997922997,0.0179585714553,0.00929260474,0.07541495055,1.00022365144407,13488.2482769599,12238.9811814367
"p1[145]",0.0659815704239375,0.0633996825,0.0224750705596569,0.0216474900432,0.03424319925,0.107018651,1.00009698094903,13541.4648191863,12548.7683145706
"p1[146]",0.263932286222813,0.26122037,0.0502045354381234,0.049589226435,0.18607432,0.350902396,1.00010591610076,14438.6212130567,14497.1044914349
"p1[147]",0.207823185052875,0.204083695,0.0491740000935113,0.049002176139,0.1337606745,0.293733781,1.00026752800639,15771.4163956462,14851.4108847319
"p1[148]",0.054966411718825,0.052232423,0.0212298831213337,0.0202276225557,0.02558102975,0.0943861367,1.00032665404247,12861.4631053242,13599.1474549365
"p1[149]",0.228985088805125,0.226192,0.0495810662904295,0.049429009266,0.154147143,0.315563008,1.0003269013066,14221.8637704774,13269.9631454082
"p1[150]",0.120637753640063,0.118335125,0.0292511137118151,0.0287134956675,0.0764471616,0.172619273,1.00010551079472,14515.1284124377,14351.0887276982
"p1[151]",0.0333947159938625,0.0313918625,0.0137391649388493,0.0129668069979,0.01487241535,0.0589916391,1.00038197642463,13957.224867037,12863.9240022273
"p1[152]",0.0814134721220875,0.0748903405,0.0384497386365443,0.0363556922841,0.03130532535,0.154320569,0.999878235294535,13997.5540510697,12965.1702019639
"p1[153]",0.07555881189825,0.073427416,0.0221392076684556,0.0218866652991,0.04341943865,0.115466741,1.00040116642782,14282.4953990587,12653.4823902196
"p1[154]",0.39782192619,0.395072345,0.0766689724384589,0.077881178151,0.275986663,0.5287802345,1.00008187600066,17080.7155910298,14341.4942619618
"p1[155]",0.182506210798375,0.17937147,0.0452439318341099,0.044526814605,0.114768387,0.262564186,1.00012893266214,15158.3070321725,13418.7543017256
"p1[156]",0.0471455336710438,0.042630528,0.0241734896358339,0.0216907434156,0.01668523445,0.09265419535,1.00022234809611,12761.3110706092,11719.3163787332
"p1[157]",0.0124672863082625,0.0098240281,0.00978270978628853,0.00728040611529,0.00235373326,0.03149248305,0.999920604066344,14551.6714890163,13999.7023013767
"p1[158]",0.289801905038125,0.2871422,0.0575189865738481,0.057627446268,0.2020259515,0.3893224415,1.0002959936369,14931.0414207649,14044.5417087385
"p1[159]",0.10442970409825,0.10136582,0.0318028880819859,0.030585556155,0.05782500985,0.1611589025,1.00024604364567,16230.2070186811,13778.4051969367
"p1[160]",0.05618680807805,0.0510668995,0.0283615599471671,0.0258182091531,0.01993060615,0.109977191,1.00018282061925,12689.8301298647,13698.5954970761
"p1[161]",0.0630921596075,0.0615432805,0.0178120090953982,0.0173509990101,0.03682771445,0.095130134,1.00016402724735,13964.9383427267,12426.4931681301
"p1[162]",0.0174112666933838,0.0144291825,0.0122971663887295,0.00959583731736,0.003933480555,0.04111067695,1.00010987708378,12860.9616671031,13374.754929443
"p1[163]",0.2576196721325,0.25235854,0.0695065974905602,0.068997957861,0.153444541,0.3816514545,1.00014106841716,13086.0689107101,12853.218843593
"p1[164]",0.202259157544125,0.19814168,0.053610102439851,0.052984150632,0.1220768075,0.297991573,1.00042049450956,15297.2105626033,14369.6410800614
"p1[165]",0.0379958836154438,0.0361296865,0.0138946965818059,0.0131671018101,0.0186054285,0.0635501845,1.00022229323425,13885.3620998626,13649.8316702401
"p1[166]",0.00217386679101941,0.0011252644,0.00307488856274739,0.001253575498434,8.785101965e-05,0.00770895097,1.00009519966365,14126.4279038194,12891.9332484924
"p1[167]",0.245070385990375,0.241924325,0.0516456381018657,0.051165296952,0.1655874895,0.335302809,1.00012669656293,13050.1159352391,13933.3928946129
"p1[168]",0.0791398052766875,0.0760492085,0.0262663337276071,0.0255470060307,0.0417594888,0.1267049005,0.99994010994236,14386.0737281881,13076.4939962474
"p1[169]",0.13620191119375,0.13178396,0.0429919290805353,0.042309445458,0.07376605595,0.2140609405,0.999854693300631,15720.541412087,13564.7342917864
"p1[170]",0.14265943936,0.13656239,0.0530325386418202,0.052367225946,0.0671873027,0.2389602515,1.00027543982104,14799.8987089312,13716.5464187277
"p1[171]",0.425630905381875,0.423442565,0.0933330823976932,0.094727220651,0.2769009005,0.583864353,1.00012995056561,17892.1954091658,14938.5443841641
"p1[172]",0.47059877068625,0.469234195,0.101330897305975,0.10523954406,0.3058097735,0.639571318,1.00029179628424,17118.3667727212,13958.3622859386
"p1[173]",0.091237500815875,0.0885324055,0.0278674615674493,0.0266648923611,0.0505681156,0.142046213,1.00011830407737,14848.9014628782,13427.2885406531
"p1[174]",0.305255666276875,0.30234824,0.0563075604905088,0.056871120117,0.2173882045,0.4025363105,1.00003526476144,16363.1767480855,14565.316728454
"p1[175]",0.0640706839741875,0.061466436,0.0221134353438851,0.021452325027,0.0328270949,0.10508738,0.999996152692374,14278.0496846953,13787.0683738571
"p1[176]",0.0657278755313687,0.060572714,0.0303186655143742,0.0279600739299,0.0260689386,0.1223855605,1.0000646801968,13562.5852754399,11815.0307470571
"p1[177]",0.0144640849677362,0.0123846285,0.00911357788615642,0.0075267487785,0.003906486865,0.03183151715,1.00023968778803,14182.6376949829,13565.7055318462
"p1[178]",0.00297396550142194,0.0021096925,0.00291569758058531,0.001824136813905,0.0003606851055,0.008502303645,1.00012207429641,14732.3313470679,13899.5427238974
"p1[179]",0.04084561270635,0.037636403,0.0189339377235934,0.0173622904917,0.0161131557,0.0766349632,1.00031270098072,14951.5782719076,12916.6281799527
"p1[180]",0.107357406845769,0.100165555,0.0494088562499714,0.047495565432,0.0412295787,0.2003097005,1.00022389026918,14265.9546111696,13103.5079859172
"p1[181]",0.0121646740771512,0.0105399895,0.00748490799743616,0.00623880800571,0.003428957135,0.0265961975,1.00015913153806,13343.5891632329,13185.5782530556
"p1[182]",0.103919879116563,0.101564915,0.0269505821112583,0.0263254066131,0.06370187105,0.1521971315,1.00027762823135,12823.3272684679,12717.0331223901
"p1[183]",0.00468313394482406,0.00359923575,0.00396306364472636,0.00279469121484,0.0007700872105,0.0122749296,1.00016342747111,14683.0378543525,13827.9737560212
"p1[184]",0.00541777449461281,0.0040389254,0.00478390493592926,0.00322540860558,0.000832551693,0.0145876586,1.00007153924226,14419.4938450412,13488.4234752793
"p1[185]",0.200780846341438,0.196239925,0.0544595700786579,0.053559177042,0.119759288,0.297783132,1.00046220973152,15036.4161671948,14412.9231935216
"p1[186]",0.0364442473617125,0.0334952465,0.0175655573483012,0.0157253503491,0.0136810883,0.069341217,1.00000031190893,14857.1797983881,13597.456731498
"p1[187]",0.00431050659862559,0.00261388805,0.00514423336383998,0.002669247213108,0.0002760170385,0.014166729,1.00018727072396,14317.1161917643,12827.8616724462
"p1[188]",0.0132418779485406,0.0094936202,0.0124388181071767,0.00817671817221,0.00174815769,0.037671439,1.00014470728885,13502.9710172605,14276.2228372797
"p1[189]",0.0238598063878438,0.022056343,0.0109080130223766,0.0099535663101,0.00956035753,0.0444044647,1.00021568775541,13750.3986754163,12268.4253687012
"p1[190]",0.0283139053975937,0.0267471355,0.0113475287781448,0.0106096034667,0.01285368485,0.04963635145,1.00016903950559,14203.8167050746,13225.1952426783
"p1[191]",0.0132004562897712,0.011281992,0.00841070234588879,0.00695162992839,0.003472753645,0.02917837465,1.00014906679834,16198.3083313552,14233.5726339354
"p1[192]",0.269808602021875,0.2675892,0.0502336128274071,0.0498108010049999,0.191354353,0.3564223055,1.00010390990148,15099.8050676021,13885.9236984944
"p1[193]",0.05612039501225,0.0544875275,0.0167083091335881,0.0162064503426,0.03181771545,0.0863071841,1.00020525229105,13986.2941727779,12378.262156222
"p1[194]",0.0193361242192281,0.016125581,0.0132011157141594,0.01064106075459,0.0046898696,0.04509292445,1.00003195882063,14083.6912593667,14515.7242125208
"p1[195]",0.294913621129375,0.29121724,0.0649316569279436,0.0660103631879999,0.195452297,0.4076994015,1.00000424057123,18579.5795707517,14094.3137234259
"p1[196]",0.00907581162432875,0.0074548106,0.006581743711415,0.00511560314433,0.001942626795,0.02183297605,1.0000728878792,15547.0440366547,14313.7064717753
"p1[197]",0.0355200586356687,0.0336029585,0.0137463519621373,0.0130505961369,0.01669837795,0.0609563389,1.00036561313818,14088.1890128346,12964.6933783073
"p1[198]",0.141571062713,0.13938625,0.0315392786014505,0.031332919989,0.09360214885,0.19635029,1.00006858548891,15360.5720537615,13954.8781512671
"p1[199]",0.0455199816773062,0.041402731,0.0232041070307984,0.0213495934491,0.01592720945,0.0893250829,1.00016930205499,14652.3573925097,14036.0366619214
"p1[200]",0.1311558337845,0.12646677,0.0445562695891563,0.042823737159,0.06672156815,0.2109069575,1.00036732867913,17671.1174071629,13842.7976429712
"p1[201]",0.284444063493125,0.281278645,0.0576579787219998,0.058067229906,0.1950460935,0.3834657475,1.00029823254752,15738.9974467128,14183.8953452844
"p1[202]",0.464187587704187,0.459936485,0.140848700869163,0.148489180308,0.238246405,0.700962694,1.00012192264559,16509.2192646404,13045.9640466
"p1[203]",0.0035373952195485,0.00258739635,0.00328800496518698,0.00215051374629,0.0004791039,0.0098064911,1.00014040397809,14737.6230191321,13804.8193036488
"p1[204]",0.04967194794375,0.0478644615,0.0163077446550782,0.0157085435955,0.02635002095,0.0793537442,1.00012654107532,13868.0752296246,12428.3266299237
"p1[205]",0.0564529819396688,0.053704555,0.0210092261674975,0.0202379562777,0.027279753,0.09535431555,1.00003761701645,14382.0846519055,13482.4258598415
"p1[206]",0.0273579322048562,0.0241651775,0.0156342988430315,0.0132762523047,0.008462968055,0.05728903875,0.999990321842892,13534.1459105641,13585.547692823
"p1[207]",0.04735640705505,0.044465231,0.0195066566020224,0.0184309722933,0.02103037205,0.083808944,1.00041943616758,15322.9099740258,12635.8910246587
"p1[208]",0.046817499995225,0.0438428075,0.0202906606825565,0.0185140534908,0.0196750621,0.084370997,0.999980074407177,15671.111426309,13625.210715067
"p1[209]",0.00598372683055937,0.0047609847,0.00468695953664314,0.00346163356161,0.001147377275,0.01507169905,1.00006093376955,13511.6121280285,13486.755786646
"p1[210]",0.128145391649687,0.12460086,0.0377599153745571,0.03735025224,0.07284892775,0.195796981,1.00032702466064,14574.3977506973,14647.9846941895
"p1[211]",0.16302608186725,0.16030146,0.0415042811989758,0.040626383112,0.100910577,0.236221193,1.00011266874273,16481.891576822,14010.3247999624
"p1[212]",0.262943386301437,0.259826845,0.0567828618127261,0.057973470282,0.175439648,0.361758544,1.00020045928178,18573.4491667253,14526.1307846369
"p1[213]",0.00642856020354244,0.0042677065,0.00687509994847651,0.0039639008577,0.0006242304315,0.0195615231,1.00009467054974,12344.0575951471,10908.4329176838
"p1[214]",0.044311318900575,0.0412074045,0.0191674756350429,0.0178137399678,0.0188142101,0.0798805286,1.00020329869403,13449.6166233226,12438.28119641
"p1[215]",0.308401106125188,0.30326104,0.0786517039746698,0.078186905097,0.1872311895,0.445775487,0.999966280577293,14810.1012350998,13475.3895884312
"p1[216]",0.061731954823,0.059114961,0.0217428677750223,0.0210828329376,0.03115657035,0.101899672,1.00002820785983,14346.7519095478,13850.6720383281
"p1[217]",0.0288123523788062,0.02630612,0.0144374195864536,0.0130598631282,0.0102800206,0.0558394579,1.00023414752931,16572.3342571106,14828.3577727133
"p1[218]",0.008698277408635,0.0068924858,0.00685056429680913,0.00503736485973,0.00161412864,0.02184710275,1.00018549023835,13721.3776522361,12485.9013867321
"p1[219]",0.249106764971625,0.243756595,0.0702800487229496,0.070152569676,0.1432122245,0.372723751,1.00056652592463,14313.7337559458,14029.4136333378
"p1[220]",0.102539202811437,0.0983119295,0.0367106520251194,0.0349321813071,0.0503479121,0.1700825635,1.00013184347174,17045.8394789785,13784.6930870753
"p1[221]",0.0128548718570187,0.010993591,0.00825572042498054,0.00671872718244,0.003393611605,0.02907334725,1.00025979534792,14228.9590225388,14188.2108237948
"p1[222]",0.427019442930625,0.42405063,0.100582337810769,0.102574066476,0.2667733515,0.5990952645,1.00006015206092,17021.0642305908,13845.0061512823
"p1[223]",0.105363185261563,0.10244644,0.029104963625739,0.0287292282774,0.06232329515,0.157060042,0.99994945902607,14763.1831782848,12939.7964126452
"p1[224]",0.0611894674887188,0.0561517775,0.0291331030358998,0.0267912595482,0.02360529305,0.115542678,1.00022149154307,13333.3266853492,11965.6704529875
"p1[225]",0.00820398853444125,0.00679428855,0.00563906300456882,0.00441749669382,0.002021946185,0.0193977729,0.999989931015944,14067.6168794869,13214.9216127548
"p1[226]",0.0894076432635,0.0859709585,0.0314845893018593,0.0299932226139,0.04473093025,0.1462585665,1.00013122492687,18007.3217092039,13989.6472535506
"p1[227]",0.138901200030688,0.132640005,0.0526584150136638,0.0514894844919,0.06487461365,0.2341282045,1.00028195331525,14564.6625451189,13566.8950669227
"p1[228]",0.160770851589563,0.156690805,0.046052429271669,0.04566860193,0.092723413,0.2434149665,1.00033790702679,14978.3748184594,13959.3487061323
"p1[229]",0.1267314762155,0.12498917,0.0281821593709753,0.027819662073,0.08395167285,0.1763691125,1.00023347434944,13532.6638443817,13455.4587188855
"p1[230]",0.0163051479539856,0.0134315805,0.0115669606832798,0.00917932553265,0.00369781246,0.03914387495,0.999981294473237,14352.101409608,14396.0854385348
"p1[231]",0.0159855700702169,0.0134855595,0.0107170455082174,0.0087385029627,0.0037549008,0.03649195595,1.00007340251477,15418.8842841493,13899.8784003046
"p1[232]",0.054135153897625,0.0517903405,0.0191556124168759,0.0182668484733,0.02715360045,0.08912696305,1.00030621311032,13133.0019502574,13782.1089995729
"log_lik[1]",-0.74210977127125,-0.73730975,0.101597073483104,0.102750251247,-0.9159036855,-0.585089803,1.00017957956371,13393.5886509772,12226.4120209845
"log_lik[2]",-0.106332000663688,-0.100653105,0.0441879156090612,0.0422573194659,-0.1880423785,-0.04479203495,1.0002907566378,13400.5078274497,13245.5351728961
"log_lik[3]",-0.8565173444975,-0.85139544,0.101233526702961,0.099856779435,-1.031049795,-0.6988928355,1.00024823055321,14982.1246173693,14240.7392876125
"log_lik[4]",-1.23569711802625,-1.21039915,0.303859129333813,0.29881083939,-1.774030955,-0.783744665,1.00024775992101,17173.7744851015,12817.3483212147
"log_lik[5]",-0.113731070047438,-0.107667065,0.0455147012654768,0.043153712028,-0.198007006,-0.0510385275,1.00028363966134,13668.6964997551,12675.4903103119
"log_lik[6]",-1.2822197984725,-1.25319355,0.326384756112222,0.3242134854,-1.85756229,-0.796258546,1.0003496145178,15806.5010008642,12772.2528780167
"log_lik[7]",-0.80732781218125,-0.80342876,0.0943235008096888,0.0931195633410001,-0.9697451145,-0.6597048185,1.0002731428409,18072.2325675084,13829.3696960912
"log_lik[8]",-0.891180408863125,-0.883693335,0.11285605973859,0.110225779902,-1.089480285,-0.71865033,1.00009500851426,17564.4740821063,13681.2712046604
"log_lik[9]",-0.226671898385875,-0.20955599,0.108984570510606,0.100455779487,-0.429939188,-0.0827778868,1.00026201475923,15445.1763126041,13836.5720321364
"log_lik[10]",-0.617523881945625,-0.604230725,0.153033155803021,0.150759522753,-0.887361846,-0.3909306905,1.00026628716325,16979.5303303015,12660.2789911734
"log_lik[11]",-0.158241355901063,-0.145600775,0.0781597107264129,0.073583061447,-0.3039858435,-0.05419688815,1.00034355863651,13080.2416166371,12649.3828310326
"log_lik[12]",-1.3466927682825,-1.33813555,0.157846679028762,0.15562251747,-1.620346945,-1.10513597,1.00033968495487,13370.0047022486,11259.2807173312
"log_lik[13]",-1.0237370606275,-1.0177929,0.116278917919671,0.114258370359,-1.2243403,-0.842537949,1.00007446643968,14016.1222918939,13016.9131872389
"log_lik[14]",-0.801487335666875,-0.797002255,0.0936624024261149,0.091854053046,-0.963929588,-0.6541985265,1.0001579786892,17921.6847485602,13378.7379447323
"log_lik[15]",-0.0473859365875269,-0.0386089025,0.0354336953232144,0.0285106366986,-0.116277197,-0.00851636285,1.00008193641281,13023.3993930064,11883.6834562197
"log_lik[16]",-2.11763301626937,-2.1035119,0.298969526358909,0.29591887983,-2.631123255,-1.653653755,1.00001581655929,14490.6908162944,11828.9208491903
"log_lik[17]",-0.565505982901875,-0.55947954,0.107571506229031,0.107378209386,-0.751567362,-0.399494372,1.00012918432733,12150.1983646427,12163.7509220118
"log_lik[18]",-0.79501492486625,-0.770307365,0.240741400323444,0.236194110537,-1.22939686,-0.4479689445,1.00032281452485,15876.6803351054,14167.7109233475
"log_lik[19]",-1.40739392365125,-1.38994,0.269028075361524,0.26431555584,-1.876312685,-0.9986055835,1.00011395936903,18182.8904811284,13252.1605451667
"log_lik[20]",-0.527873198470625,-0.523057305,0.0864270987404473,0.0870804072179999,-0.676480515,-0.393842461,1.00046149931584,13665.5896876521,11455.4235160265
"log_lik[21]",-0.0445715858771181,-0.03409861,0.0378523928523997,0.0281129930004,-0.1181503825,-0.005891769525,0.999918963934964,14469.5008408035,13288.9357443867
"log_lik[22]",-1.4145040234525,-1.4065629,0.194291284935812,0.19339686744,-1.747951315,-1.1103105,1.00013597080309,16144.1678525043,14579.1354265626
"log_lik[23]",-1.53973445867625,-1.52620105,0.207339193168221,0.20504091132,-1.91000105,-1.225884575,1.000546006239,16223.1685926165,12477.1748060695
"log_lik[24]",-1.01123768125188,-1.0016796,0.132768369367,0.129412128741,-1.24398826,-0.80965511,1.00019717682639,12761.2543583851,13199.3363964501
"log_lik[25]",-0.84426885187125,-0.83979734,0.099408213650313,0.0984308888850001,-1.016517225,-0.6897344215,1.00026299034992,18683.3160521151,13905.4780519877
"log_lik[26]",-0.06731547530205,-0.060324744,0.0379038880318839,0.0342674183082,-0.139637723,-0.01964268185,1.00026530805371,13811.1254866996,12789.9091631656
"log_lik[27]",-1.25354092962,-1.23480885,0.202703787217232,0.19787098359,-1.616140895,-0.954742314,1.0002010597787,16954.2904382449,13474.1424155312
"log_lik[28]",-1.10044186234438,-1.0869854,0.221303309611579,0.221207189133,-1.483668,-0.76146526,1.00025416627993,18446.591585271,14962.1113529812
"log_lik[29]",-1.16065730701,-1.1471661,0.225288452427395,0.225769482918,-1.548291395,-0.8135331195,1.00001739713918,18580.3031583183,14091.1648548291
"log_lik[30]",-0.8934684866825,-0.87647844,0.218775409987712,0.21371649348,-1.28043393,-0.56023281,1.00013748785997,12812.1635940232,14008.7943065135
"log_lik[31]",-0.0615525968134331,-0.050541698,0.0448118467645543,0.036650190759,-0.149218039,-0.01117264085,1.0001873890077,13600.0654163328,12952.3629584382
"log_lik[32]",-1.02926297507313,-1.02345585,0.124619210979142,0.124995270603,-1.246624185,-0.8378618105,1.00006636009613,18335.5536508309,12740.9381989731
"log_lik[33]",-0.4857409157725,-0.483808755,0.065376677404895,0.0651625457909999,-0.5963514955,-0.381591759,1.00036772027394,11600.0437235724,11034.6286894558
"log_lik[34]",-0.650327387665,-0.635861935,0.155835632306087,0.152820840837,-0.925991057,-0.4164136115,0.999852000447666,14994.9790245972,12387.1837771482
"log_lik[35]",-2.56398872673312,-2.5311766,0.501643522704669,0.49670280177,-3.43586859,-1.798967795,1.00017207154963,16375.2200851784,14032.247216574
"log_lik[36]",-0.961057968078125,-0.94750563,0.138943284758277,0.13334000316,-1.207801365,-0.7565322245,1.00010747093472,14191.5257875678,13360.1859035588
"log_lik[37]",-2.374388985675,-2.36027195,0.289740009965346,0.2881336731,-2.873688305,-1.92193098,1.00039360108852,13849.9826381499,13268.8352002447
"log_lik[38]",-0.168633909651125,-0.164392815,0.0468299515081861,0.045498814578,-0.2523999295,-0.09948521395,1.0001945715101,13479.7397565971,12859.0761330327
"log_lik[39]",-0.3267190599815,-0.298230685,0.171867283759344,0.158413252515,-0.6519102885,-0.103766939,1.0005327822765,14274.44793334,13541.8157823144
"log_lik[40]",-0.193107407467562,-0.189360225,0.0497453641828624,0.048955852302,-0.281120381,-0.1183345955,1.00021821344394,13149.4699223418,11547.8407534294
"log_lik[41]",-0.0782705924514625,-0.0675769425,0.0497551233465356,0.0432672139536,-0.1747485055,-0.0183704422,1.00021652094315,13469.089975442,12771.971029384
"log_lik[42]",-0.0420305896812056,-0.0333842185,0.0332985145614138,0.0259127871723,-0.1069171545,-0.0067652538,1.00006431420751,12869.9484507791,11543.605160525
"log_lik[43]",-0.655268654836875,-0.62948805,0.220724258189301,0.213242565564,-1.052770715,-0.338150393,1.00011592077497,13926.8990982635,13312.845332753
"log_lik[44]",-0.0499123647784125,-0.042046783,0.0350488918294879,0.0290975602323,-0.117137859,-0.01024201615,0.99994738123352,16725.8804901655,13776.129617414
"log_lik[45]",-0.830078830856875,-0.824984135,0.110222760664681,0.109914960225,-1.02053146,-0.6580090955,1.00029394775355,13904.6693874967,12367.3873957635
"log_lik[46]",-0.157325749499813,-0.15312446,0.0455080598229932,0.04411602321,-0.239497826,-0.09094941585,1.0001555574962,13605.207356381,11971.7310163499
"log_lik[47]",-1.255575803505,-1.24436165,0.158804436092868,0.15522918369,-1.534002625,-1.015426965,1.00013361143052,14879.5414363417,12363.1437737608
"log_lik[48]",-0.47339518765375,-0.460169435,0.132599776745818,0.1308824454,-0.7104900825,-0.280657916,1.00029711388509,15423.6944324917,11252.5243190763
"log_lik[49]",-0.857209271140625,-0.85361511,0.0963069138740788,0.096111012774,-1.021235545,-0.7046978145,1.00003152673933,17044.2596949875,13803.7137116868
"log_lik[50]",-0.335507446271687,-0.328994635,0.0848179054651561,0.083785565934,-0.4854961925,-0.209275161,1.00005945231455,14074.0158414678,12481.1233567361
"log_lik[51]",-0.0557899585002688,-0.0492026885,0.0335354860440006,0.0295245660822,-0.119866308,-0.0147879355,1.00023173599173,14003.8850286216,12531.2847453282
"log_lik[52]",-1.16226400443688,-1.152239,0.144893073789858,0.14206317678,-1.415992415,-0.9406176665,1.00006687896091,13452.9999649927,13194.1323708957
"log_lik[53]",-0.0781181824902625,-0.066817243,0.0510701603722209,0.0440815208841,-0.1774451015,-0.0174324882,1.00022393158884,13513.1921189632,12841.8893727222
"log_lik[54]",-0.822576292176875,-0.81572212,0.101858432580324,0.099670075617,-1.000087285,-0.6661893135,1.00003258038668,16812.2160834193,13815.1711212355
"log_lik[55]",-1.04123833776,-1.03423005,0.138651964419938,0.13949390511,-1.27754226,-0.8275806145,1.000181012021,15334.8393300387,12785.7851890145
"log_lik[56]",-0.0907397992444187,-0.0854191885,0.0385501833854423,0.0367046674134,-0.161478662,-0.03756899495,1.00016713481922,13261.2577907313,12538.9340987301
"log_lik[57]",-1.29726166574313,-1.28550835,0.200309976072271,0.19662441351,-1.64774368,-0.987468982,1.00029601008403,16783.727996828,14544.5978625231
"log_lik[58]",-0.480659541889375,-0.47368827,0.108352758557575,0.10663785825,-0.6692439575,-0.316924227,1.00050193785372,13875.7858766966,12119.8750639418
"log_lik[59]",-0.463648630525,-0.455743385,0.110290366438384,0.108467801778,-0.656447518,-0.298919343,0.999956407155611,13955.5896690988,10253.8426535376
"log_lik[60]",-0.325808096969812,-0.31282782,0.110596019763995,0.107436705369,-0.5257818145,-0.167713382,1.00019598336197,15951.9032287066,13539.4813072743
"log_lik[61]",-1.0312643568425,-1.02122085,0.138355975346838,0.1378491828,-1.271465705,-0.823677181,1.00038592894537,20469.3449533868,12039.1513918729
"log_lik[62]",-0.154482838068125,-0.143559555,0.0709497829380882,0.0674074861089,-0.285928828,-0.05783289935,1.0003452005301,13121.9154303098,12467.562670157
"log_lik[63]",-1.01519512867875,-1.0097484,0.120722210661835,0.120750705411,-1.222923335,-0.828686488,1.00056554870647,19291.2082930623,13574.0622901046
"log_lik[64]",-2.349337280275,-2.32538295,0.372444726065327,0.36828503061,-2.99636403,-1.775936185,1.00027489121813,17623.3111215307,13141.685581671
"log_lik[65]",-1.96842726110625,-1.943891,0.341047139160059,0.33408144861,-2.57368391,-1.45914177,1.00020836347793,12659.7808528027,10667.1513563271
"log_lik[66]",-0.801019555420625,-0.79603952,0.0935796901137822,0.091653798264,-0.9621896125,-0.654397084,1.00019997394036,17197.7606232174,13653.5779223562
"log_lik[67]",-0.284496033672313,-0.27870204,0.0737874712900746,0.073025129415,-0.4139353955,-0.1739830455,1.00033984611055,16691.054579818,13089.4386834773
"log_lik[68]",-0.0532595401559906,-0.0441629505,0.0377919957537363,0.0313313195223,-0.1263631925,-0.0107887491,1.00006937620808,12567.5719230582,10790.3893606411
"log_lik[69]",-0.728001434545625,-0.71248629,0.182030099698738,0.17967362532,-1.050415315,-0.4576903645,1.00013456288682,16635.4559611717,13168.2407252114
"log_lik[70]",-0.33871830667525,-0.32641939,0.110546358823594,0.107775990966,-0.5393727575,-0.1798174685,1.00019880183107,15961.5354047034,13001.2672399947
"log_lik[71]",-0.9358466999325,-0.924798145,0.190234862776777,0.19004589492,-1.26823336,-0.6465597415,1.00004478867878,17286.0177538139,14449.1968495208
"log_lik[72]",-1.33786541996125,-1.3240083,0.214614763172566,0.21295206492,-1.71287247,-1.00931499,1.00035534928919,17131.381291823,13850.1241933782
"log_lik[73]",-0.2938087471,-0.290960345,0.0566568097403842,0.055684936335,-0.392433432,-0.2050478415,1.00014455649127,12518.3582771524,11009.9907077397
"log_lik[74]",-0.807662544293125,-0.80255928,0.0958252275653002,0.0944386622130002,-0.9725414335,-0.6596694525,1.0004755467849,16818.9562137651,13654.8525558181
"log_lik[75]",-1.22649547215438,-1.20846755,0.192157415968488,0.18668046705,-1.57023847,-0.9408721185,1.00020478825292,17105.4704076009,13285.9047608839
"log_lik[76]",-0.351863880173563,-0.34369802,0.0925999879118987,0.091060839807,-0.516095615,-0.216196337,1.00037319211083,14336.6202090928,10535.4129304763
"log_lik[77]",-1.22805762571125,-1.22096725,0.147763478380123,0.14877357264,-1.48684798,-1.00188033,1.00010505506292,18560.6726065725,13080.7921351797
"log_lik[78]",-0.323208921559,-0.314457875,0.0913587155198422,0.089659908828,-0.4857372745,-0.1884881595,1.0002628851465,12345.3722004134,9535.20772607
"log_lik[79]",-0.82026855438,-0.81399679,0.100641258342059,0.098710195899,-0.9944842035,-0.66592548,1.00035529630159,16248.6886440609,13561.9150055941
"log_lik[80]",-0.864786606374375,-0.860309155,0.0989530477316069,0.097960778664,-1.03416404,-0.7081046575,1.00003142747541,17093.8583145736,13624.6918431717
"log_lik[81]",-0.81370103078625,-0.80888476,0.096686114450548,0.095279177805,-0.980997555,-0.6627825765,1.00019181380555,17593.9592409712,13354.4617326949
"log_lik[82]",-0.350466332742563,-0.344173455,0.0874587648592136,0.086428159587,-0.505295329,-0.219912856,1.00003098667024,14228.7622403893,11960.0721598075
"log_lik[83]",-1.2227848024525,-1.2103329,0.163389027336894,0.16095906204,-1.5103799,-0.9757834105,1.00027482097291,14993.9765656006,12277.0458592709
"log_lik[84]",-0.98689685171875,-0.97689813,0.163715560448878,0.161727100731,-1.271139525,-0.735663691,1.00014484117038,14822.9277586868,12560.3528248766
"log_lik[85]",-1.09541309857562,-1.0838911,0.184039351532727,0.182793023133,-1.41553115,-0.813605458,1.00027445806427,17459.4460154077,12765.5440607744
"log_lik[86]",-0.9171572827625,-0.90994571,0.142920480053502,0.141287984544,-1.164615025,-0.6983485145,1.00026628761173,14472.3839885606,12396.1703539219
"log_lik[87]",-0.0458308143504375,-0.040309885,0.0276917615257085,0.0243379323873,-0.09849391495,-0.01212009815,1.00011794053169,13944.4924024954,12953.6758739142
"log_lik[88]",-0.9751244141525,-0.960567235,0.152513411996549,0.146091971781,-1.24743097,-0.754016663,1.00001924785347,17929.1074627029,14495.8150214001
"log_lik[89]",-0.428478639604375,-0.42407117,0.0793673634064089,0.079925920767,-0.565647862,-0.3060445215,1.00041241286643,12976.0842783679,10854.2395080422
"log_lik[90]",-0.0859323096161813,-0.0788379575,0.0429283403200343,0.0399799954575,-0.166960801,-0.02941658235,1.00030023164921,13576.4632720825,13152.1752988008
"log_lik[91]",-0.791451274219375,-0.76480372,0.247729040374281,0.241680004818,-1.23293606,-0.430060255,1.000135164694,13265.2069225015,12874.6995866781
"log_lik[92]",-2.05708144819375,-2.04660315,0.238305073546313,0.23729583801,-2.46707358,-1.68594713,0.999984655314713,15192.8067032506,13686.8814830076
"log_lik[93]",-0.510495032066875,-0.499003015,0.129792301867773,0.127246272531,-0.7423591845,-0.318150687,1.00004222242546,16361.5096808195,11953.4311649833
"log_lik[94]",-0.234365100661438,-0.223669105,0.0907313208115567,0.087084061827,-0.3966082045,-0.1054654495,1.00027403045058,16618.7087893343,13534.6213196523
"log_lik[95]",-0.27469436047575,-0.27044987,0.0632704945738072,0.063334040385,-0.3850505945,-0.177699155,1.00041735319193,12204.842452123,9958.87161838843
"log_lik[96]",-0.498770934246875,-0.489677915,0.118371941339917,0.116789005473,-0.7061734655,-0.3223616995,1.00018867182872,12667.4170070282,9955.30656230706
"log_lik[97]",-0.151916583759125,-0.142327955,0.0662927584132248,0.062553125313,-0.274187364,-0.0618489452,1.00038691292135,13756.9909889282,12138.6682703973
"log_lik[98]",-0.269255062855188,-0.259619585,0.087852305092381,0.084932060514,-0.427573704,-0.142889513,1.0000641251327,13465.1265492008,13578.7060615615
"log_lik[99]",-0.340208045399625,-0.332382925,0.0893506766362962,0.088424717703,-0.498965814,-0.2078447175,1.00028373870483,12448.1739379549,9292.1981908468
"log_lik[100]",-0.415300959274375,-0.40973608,0.0876141823134399,0.086581697643,-0.567836302,-0.281825884,1.00000645827923,13834.6361042553,12331.1147740846
"log_lik[101]",-0.196290298237625,-0.186864985,0.0798982638587068,0.07672892367,-0.3403391775,-0.0840489275,1.00022165251566,16882.6325187546,13238.8389937566
"log_lik[102]",-0.8704639357475,-0.866370615,0.102632343225888,0.102239836545,-1.04767031,-0.7110933885,1.00040891543496,18631.6007357413,14181.7357989428
"log_lik[103]",-0.320652358995375,-0.313161615,0.0823572037897681,0.081232284105,-0.4664066685,-0.1983522515,1.00041758565642,14016.5174590844,10700.2526159141
"log_lik[104]",-0.065160157126175,-0.054246298,0.0464596872558485,0.038690604183,-0.1543289325,-0.0124020355,0.999959865678268,14868.3958617036,13573.6319055257
"log_lik[105]",-0.0446104614543512,-0.035850878,0.0346320866875171,0.0273527905917,-0.112002538,-0.00736619279000001,1.00008936928807,13202.6048193812,11860.5897000129
"log_lik[106]",-0.949221759740625,-0.944361985,0.107446176356455,0.106717577652,-1.13294419,-0.782548442,1.00028961497239,14196.6790574915,13823.4438696156
"log_lik[107]",-1.25113767885688,-1.2404915,0.188701490025732,0.18710827128,-1.5778791,-0.959780527,1.00015171612358,12037.0358665572,12679.388531291
"log_lik[108]",-0.148284678026062,-0.1431757,0.0491235761895923,0.048230193732,-0.2372824715,-0.0769881431,1.00047196128137,12350.0000153518,10617.2368645869
"log_lik[109]",-0.8090695097875,-0.804842315,0.0943766594625526,0.09381826083,-0.971014343,-0.66176923,1.00019300915788,16960.7646062952,14408.7965265452
"log_lik[110]",-0.37074688652625,-0.3642545,0.0851572754027841,0.083806863483,-0.5203750875,-0.241947571,1.00049495648287,14530.4858723202,11501.7643076234
"log_lik[111]",-0.87659764686,-0.854169865,0.231495058917502,0.226465496901,-1.28612814,-0.533089574,1.00026436820424,18129.239800793,13526.4134295191
"log_lik[112]",-1.27294745223312,-1.26113305,0.219072603972001,0.21590169762,-1.649720175,-0.9346180685,1.00038895593237,14531.2192245811,13960.4454902676
"log_lik[113]",-1.18354419074188,-1.1373295,0.292595915878465,0.270023336037,-1.72668813,-0.805139894,1.00036710501882,16082.6987899387,14323.2483272905
"log_lik[114]",-0.416046126111875,-0.41094895,0.0795187321676026,0.078775415754,-0.553132667,-0.2938638315,1.00028314135437,12522.0929894994,10019.9476428448
"log_lik[115]",-0.095660810157875,-0.090301596,0.0389381176819969,0.0364515060504,-0.167879227,-0.0425209015,1.00019197496238,14188.970131836,12705.3411446745
"log_lik[116]",-0.813646727785,-0.808645305,0.0972991438801308,0.095453027481,-0.98209058,-0.662434683,1.00015452118931,17295.0980066891,13375.3844353462
"log_lik[117]",-0.206221059373063,-0.196807765,0.0779898571305709,0.074082297345,-0.3489797875,-0.0968550819500001,1.00046934021559,13451.3878415184,11976.123716915
"log_lik[118]",-0.535586980951875,-0.531410295,0.0911358398888776,0.090987895887,-0.691896296,-0.3937711755,1.00002132199809,13475.7984591954,12298.908018643
"log_lik[119]",-1.40482149513,-1.38825545,0.203976113699804,0.19979184015,-1.766335365,-1.098879525,1.00029730790134,14757.2848703787,12081.3417870085
"log_lik[120]",-0.886869480534375,-0.88292675,0.0979106684272151,0.096800095602,-1.05489672,-0.732625499,1.00005602395,15884.6748265944,13708.8039175648
"log_lik[121]",-0.277612268124125,-0.270986635,0.0743913057166307,0.073271292906,-0.410866542,-0.1667070435,1.00042990366771,13522.5153827694,11468.840591999
"log_lik[122]",-1.20757363477688,-1.19260085,0.178621842808264,0.17466317862,-1.523435805,-0.9414941265,1.00082801218952,18857.5881766703,12811.5236925418
"log_lik[123]",-0.50674019026625,-0.50226395,0.0847048952085384,0.0851326711199999,-0.65246202,-0.3756840295,1.00045662038552,13520.2438252193,11595.5663974423
"log_lik[124]",-0.823153700676875,-0.81738524,0.101790983476755,0.09941781864,-0.9989549535,-0.6670510165,1.00038110088766,16093.324859235,14047.0086801992
"log_lik[125]",-0.7759764792325,-0.762799345,0.174630165231101,0.173588790291,-1.07872214,-0.511588333,1.00020127427603,18074.7030604075,13402.9901719475
"log_lik[126]",-0.43112849662625,-0.425034585,0.0954825394366023,0.094504941846,-0.598493145,-0.286078562,1.00052782915046,14270.4771030574,11859.2702728613
"log_lik[127]",-0.47175227287375,-0.464637105,0.106226024940898,0.105437523051,-0.65641995,-0.3120130105,1.00024766171815,19971.6948211379,12550.9714676811
"log_lik[128]",-0.31905605834875,-0.31452316,0.0676703053968983,0.066338966652,-0.4370656645,-0.215030686,1.00014300373305,12519.413459806,10841.738476581
"log_lik[129]",-1.0847831324675,-1.0703718,0.209644136585948,0.205343243112,-1.450543865,-0.762439485,1.00048524639373,14411.7347989085,13056.459605534
"log_lik[130]",-0.541582005225875,-0.51865608,0.202435517996467,0.197652137004,-0.910314299,-0.256097542,1.00023761004126,13989.677579607,12467.7289705758
"log_lik[131]",-0.842482901133125,-0.838116765,0.0990598953162395,0.098097896925,-1.0141995,-0.688433437,1.00027432338647,18612.5795018333,13838.7376586928
"log_lik[132]",-0.04047966895822,-0.030319992,0.035922390037509,0.0258601949025,-0.110317386,-0.00483005112,0.999915268809686,14383.9225128703,13153.4581824727
"log_lik[133]",-0.822580340390625,-0.81510526,0.104784763801697,0.100546736997,-1.003120635,-0.6638169595,1.0002325939274,15640.6100998613,13222.3439021498
"log_lik[134]",-1.43282129286438,-1.42308335,0.218979073734953,0.21685960548,-1.812283595,-1.09276877,1.00034443416119,15437.6074359919,14314.1154292676
"log_lik[135]",-0.894711497344375,-0.873465495,0.240254219501605,0.235677001896,-1.31767927,-0.535719245,1.00027343054481,16719.8883636747,14335.1364402285
"log_lik[136]",-1.02678680362062,-1.0155249,0.187111154481943,0.18509423331,-1.3539697,-0.743795726,1.00025938899024,14611.7917032915,12800.069490013
"log_lik[137]",-0.70858973102625,-0.698378715,0.14868835863733,0.147417475485,-0.9676035445,-0.4855022255,1.00009280857338,13862.1752209351,10966.7534753098
"log_lik[138]",-1.06324111113313,-1.05920165,0.102748913777603,0.101858793519,-1.238362655,-0.9007111685,1.00016486634934,13920.5415155902,12949.4259042679
"log_lik[139]",-0.8823981469475,-0.868409075,0.130727314987999,0.122758990893,-1.119094455,-0.695763135,1.00048149311734,17513.4489983102,14594.9269348346
"log_lik[140]",-0.144314758314062,-0.139474355,0.0465804678259057,0.044950245165,-0.2286114685,-0.076798595,1.00023610869203,13493.5741320318,12592.9394108527
"log_lik[141]",-1.62111344608375,-1.58667225,0.401537312280897,0.39337173456,-2.332610465,-1.01625846,1.00017219652378,18219.4873204867,14102.8511464791
"log_lik[142]",-1.219086770355,-1.20471755,0.205560090050115,0.20476418403,-1.57455734,-0.9064801355,1.00001276455373,16011.8438968142,13733.4261535974
"log_lik[143]",-1.51475461176125,-1.47478945,0.417150673851813,0.4105734528,-2.25864038,-0.90238791,1.00043933910541,14606.988315123,13017.1256064749
"log_lik[144]",-0.301677057377812,-0.287027415,0.111472719926525,0.107114973756,-0.5041563905,-0.145452602,1.00030062151156,13143.1011190111,10355.1543779038
"log_lik[145]",-1.17225909836812,-1.1655877,0.137221692334638,0.135072273,-1.409150555,-0.9608337795,1.00032711812826,14030.6953731595,11353.7676501971
"log_lik[146]",-0.7974936736,-0.79306966,0.0925725923053855,0.091199774253,-0.9561152765,-0.6511561935,1.0002294874581,17375.4309242053,13440.5069218271
"log_lik[147]",-0.82066282014625,-0.81603757,0.0969361859882084,0.095350090563,-0.9885084385,-0.6692521115,1.00038779227336,17947.9384127355,14220.7632160963
"log_lik[148]",-0.423816012236875,-0.418424835,0.092341955349822,0.091979999916,-0.584602819,-0.281625884,1.00044674514022,10988.1587581783,12086.0743966953
"log_lik[149]",-0.807560939081875,-0.80300892,0.0939222007753738,0.09305516661,-0.9704195395,-0.660141818,1.00019042733921,18350.869547251,13625.22374938
"log_lik[150]",-2.14486294824375,-2.13423465,0.247387353105852,0.24449400927,-2.57115547,-1.75666688,1.00009986549183,14515.1296399485,14351.0887276982
"log_lik[151]",-0.30475762514625,-0.30162444,0.0662821350378005,0.065959369161,-0.4187285775,-0.201511734,1.00056302969528,11950.7573809894,12021.2656767159
"log_lik[152]",-0.546379329805625,-0.53007548,0.160683674565286,0.158791849251,-0.829978883,-0.310742585,0.999895696249244,13901.6520160405,12466.0853611396
"log_lik[153]",-1.11006645889813,-1.10488495,0.117793321425897,0.11692487835,-1.31208349,-0.926341227,1.0003409599452,13331.3675422007,13129.4846510598
"log_lik[154]",-1.78679392305375,-1.7636527,0.310166805544008,0.3056372487,-2.32413508,-1.31331883,1.00013752809299,16208.1754773463,13549.0029166253
"log_lik[155]",-0.841950001825625,-0.8363896,0.100219015682157,0.098375684274,-1.01592388,-0.6854694835,1.00051144852645,17476.7971644756,14651.8641752424
"log_lik[156]",-0.378452528361688,-0.367226525,0.113502858141151,0.111158928342,-0.580393024,-0.214439631,1.00015239544541,12411.9096905775,9901.69616716457
"log_lik[157]",-0.152585955179375,-0.14170976,0.0685642602519055,0.0639629088966,-0.280887894,-0.0618179712,0.999924572305865,14623.7671508597,12657.3636158287
"log_lik[158]",-0.80048484743,-0.79597463,0.0938177322315186,0.0924999625620001,-0.9613679375,-0.654280521,1.00016531540748,17373.2393930099,13736.635043959
"log_lik[159]",-0.99588258258875,-0.989367245,0.123486180539426,0.123533137896,-1.208667325,-0.8059962355,1.00075886727628,18450.2204273697,13945.2350692602
"log_lik[160]",-0.425554940685625,-0.413807305,0.129496454650025,0.127929017244,-0.662143931,-0.2356481785,1.00022779267412,11954.3784506488,12695.4480895504
"log_lik[161]",-1.18077489664937,-1.1754634,0.112091998502957,0.11176935924,-1.371168075,-1.00669861,1.00019463020936,13243.2319146544,12561.717234014
"log_lik[162]",-1.92402936912875,-1.88967505,0.363649924709881,0.35304516282,-2.58369902,-1.38835103,1.00042817611087,13122.8838191427,11077.1006722739
"log_lik[163]",-1.39385767535875,-1.3769044,0.278957756359273,0.27492526383,-1.874416115,-0.963247507,1.00014106886633,13086.0709419312,12853.218843593
"log_lik[164]",-1.04323233559,-1.0303574,0.190797699581571,0.18771628554,-1.37360303,-0.753798853,1.00016020070817,17677.9764587964,13729.5997361132
"log_lik[165]",-0.332879705096875,-0.330390485,0.0614828977794611,0.061746487131,-0.4380051605,-0.2359621945,1.00038605690913,11695.7766135873,12247.1671862352
"log_lik[166]",-0.0432901181511788,-0.0338874735,0.0350507721157869,0.0267666424578,-0.1120639035,-0.00636041314500001,1.00011380609588,13476.9903852908,12625.1975259196
"log_lik[167]",-1.20504939850125,-1.19440605,0.183418057883748,0.18075681288,-1.52188875,-0.920876194,1.00016436698356,11791.7290801556,12797.909775969
"log_lik[168]",-1.09891230534125,-1.09093065,0.132899719061581,0.13143389847,-1.3305066,-0.8946821825,1.00029942517633,15416.5783776483,12187.1794600563
"log_lik[169]",-0.785245190345625,-0.77427073,0.158838167683621,0.157114346655,-1.065655685,-0.5422936385,0.999977230707933,15901.0323346526,11942.1476088564
"log_lik[170]",-0.80923934982375,-0.79234678,0.202436908032202,0.199606463259,-1.167992915,-0.5046212895,1.00032350444767,15856.8428138312,13154.8003051642
"log_lik[171]",-0.890275985093125,-0.876242545,0.130641277018279,0.123792526179,-1.12398994,-0.7015601015,1.00029320277655,18266.9017984017,14465.2945526228
"log_lik[172]",-2.09428538285938,-2.0599601,0.454200060087327,0.45243851856,-2.876829545,-1.41229885,1.00014664211885,17305.5914227187,13428.8446085749
"log_lik[173]",-0.59731919593625,-0.5897616,0.106228316308916,0.104832681555,-0.7826248505,-0.4346265215,1.00011054020418,17319.0279642169,13062.880159993
"log_lik[174]",-0.802335384551875,-0.79783007,0.0939458122194936,0.092469925086,-0.963328566,-0.654720615,1.00023967887101,17503.0937431527,12988.6758580307
"log_lik[175]",-0.470243442170625,-0.465352695,0.0893210295863015,0.08870329083,-0.623563193,-0.332727749,0.999981541448752,13587.3285777718,12291.4949349178
"log_lik[176]",-0.473933548563125,-0.461538035,0.130734098835376,0.127589538909,-0.7048735445,-0.2831459865,0.999969117846714,13612.6710613908,10229.9971201992
"log_lik[177]",-0.172167438765687,-0.16511509,0.0611904911686746,0.058819241691,-0.28207039,-0.08600081915,1.00052878040099,15507.1415549927,13603.8281250277
"log_lik[178]",-0.0572292453812688,-0.0515624225,0.0314531789280191,0.028474682166,-0.116372899,-0.0172455492,1.00016006666962,13888.0335058659,13338.3807606206
"log_lik[179]",-1.41130266920688,-1.39795845,0.202918414577475,0.19916306949,-1.76621286,-1.104427655,1.00034113541276,14641.7067188082,11630.0298094409
"log_lik[180]",-0.660363348873125,-0.640188945,0.198794270091194,0.19385343411,-1.01999907,-0.3686728065,1.00027004676768,15060.8702936827,12625.4398264168
"log_lik[181]",-0.153795963093063,-0.148495735,0.051302861051836,0.050221384836,-0.2461449035,-0.0797707963,1.00045707130534,12224.4352668719,9985.24147292508
"log_lik[182]",-0.653719846556875,-0.650074345,0.0952718503214487,0.0949132795380001,-0.816683206,-0.505535132,1.00043186141225,10662.6513140829,11687.9840204275
"log_lik[183]",-0.0791941626980688,-0.073531403,0.0374433800046359,0.0350438537043,-0.1489312015,-0.02892438145,1.00021509912007,13693.8657388118,13178.4130265196
"log_lik[184]",-0.0868408595648,-0.0792131725,0.0437738290077659,0.0393670648959,-0.167804411,-0.03087556275,1.00045634052944,15359.7308434113,13671.7775304856
"log_lik[185]",-1.037478991775,-1.02394095,0.194230921781413,0.191594626293,-1.374887325,-0.7433152395,1.00017913809211,17194.1186032579,13514.6472637272
"log_lik[186]",-0.320792429135188,-0.31305885,0.0883440146974295,0.086626583358,-0.4796251335,-0.190123309,1.0000068207921,15847.1338568217,12199.4013864941
"log_lik[187]",-0.071007552609775,-0.0592059725,0.0495568075030149,0.0416125582236,-0.1674289405,-0.0140112588,1.00021362648378,13583.0564720944,12813.3318131495
"log_lik[188]",-0.155338160750787,-0.13869397,0.0856526999711893,0.0763274370726,-0.317248046,-0.04860412025,1.00017326355444,13241.086729305,13922.7868072617
"log_lik[189]",-0.24346615227425,-0.23952584,0.0579213850746505,0.05765475576,-0.3441186745,-0.154631467,1.0003210858621,12203.9146214624,10222.1902883435
"log_lik[190]",-0.273714277570625,-0.27098472,0.0545245529379923,0.053975861772,-0.368833234,-0.188812013,1.00016730924898,12592.9924051481,11630.0177850954
"log_lik[191]",-0.162032725860625,-0.154993685,0.0583942303167506,0.056060701305,-0.2677794,-0.0794882982,1.00006013575955,17954.5239715,13679.9231590489
"log_lik[192]",-1.32770464713063,-1.3183023,0.189717296367976,0.18666022956,-1.653628295,-1.03163895,1.00010390628002,15099.8141652328,13885.9236984944
"log_lik[193]",-1.23275191882813,-1.2270883,0.117675436320593,0.11694867408,-1.433461455,-1.049134855,1.00018584954328,13195.1325069044,12112.6762273606
"log_lik[194]",-0.206592364663813,-0.19573589,0.081120503465024,0.077086022706,-0.355428619,-0.0942836989,1.0000541952041,13778.2901203383,13916.3680408871
"log_lik[195]",-0.80463149238375,-0.80014522,0.0945685030024254,0.092895883479,-0.967914219,-0.6565824715,1.00025719236161,17224.6862868494,13360.0911183584
"log_lik[196]",-0.125240494042688,-0.11869783,0.0517601043345715,0.0495994682358,-0.219928439,-0.05387645335,1.00000072964947,16139.6881729682,13497.4113831471
"log_lik[197]",-3.4131142187375,-3.39314115,0.39645660010632,0.39235037142,-4.092443675,-2.797597425,1.00036561291272,14088.186072601,12964.6933783073
"log_lik[198]",-1.980192402975,-1.9705064,0.227045042010745,0.22574845965,-2.368701965,-1.627855035,1.00005781312397,15360.5648873229,13954.8781512671
"log_lik[199]",-1.37513604374187,-1.3533978,0.233466569926596,0.22632963885,-1.7958741,-1.02882849,1.00018360867171,16430.3707466292,13218.5363332822
"log_lik[200]",-0.7639646329425,-0.75177712,0.167452718943763,0.166236977193,-1.05657546,-0.509848061,1.00059425505702,19626.3582123476,12310.3740819159
"log_lik[201]",-1.27820259339438,-1.26840945,0.207068152727577,0.20608325325,-1.63451944,-0.9585049735,1.00029823120973,15738.9950649696,14183.8953452844
"log_lik[202]",-0.965788960768125,-0.91917373,0.217119060320861,0.175901535096,-1.37875465,-0.702048312,0.99995906633944,16452.5518643401,13346.4262291755
"log_lik[203]",-0.064814932653475,-0.059216735,0.0337702039722087,0.0309951822264,-0.128258444,-0.02103533045,1.00018427685007,13844.8836160201,13293.6206206802
"log_lik[204]",-1.2915699226625,-1.2846207,0.131069650258077,0.13014759471,-1.518208985,-1.08844273,1.00041926774393,13437.7483783082,11747.0370841201
"log_lik[205]",-0.431547157329375,-0.426274485,0.0884787474589275,0.087700497255,-0.5847011315,-0.296277494,1.00003543283432,13985.029489639,12346.9974319462
"log_lik[206]",-3.7575355868625,-3.72284265,0.582251879231134,0.56698812345,-4.7720553,-2.85964598,0.999986622579909,13534.1472901715,13585.547692823
"log_lik[207]",-1.33063856247688,-1.3170746,0.175569255522197,0.17280911319,-1.641671085,-1.06474681,1.00044877387267,14272.0321304477,12766.3919086803
"log_lik[208]",-1.34107463545875,-1.32753305,0.189976907074126,0.18772807221,-1.67746216,-1.054659015,0.999941785368027,17935.8944814159,13156.4108393686
"log_lik[209]",-0.0940665455348625,-0.0881564095,0.0406807421757882,0.0387114436086,-0.1688084855,-0.038865036,1.000437937836,12568.0460160576,10531.9214263553
"log_lik[210]",-0.753767623935,-0.74526647,0.141026976984274,0.138929946309,-0.9991390105,-0.538964852,1.00040198338476,16432.9250549738,13173.3092784853
"log_lik[211]",-1.84696941902812,-1.8306991,0.261204229142903,0.25445989821,-2.29352051,-1.442986675,1.00011327107885,16481.8905709116,14010.3247999624
"log_lik[212]",-1.3597101643225,-1.34773985,0.221249996156122,0.2221624209,-1.74046021,-1.01677828,1.00021784651405,18573.4530780336,14526.1307846369
"log_lik[213]",-0.0945152253758813,-0.0820147115,0.0582778272151482,0.0504302097873,-0.2052115765,-0.025097398,1.00033672857098,11815.7120664169,9617.91876246739
"log_lik[214]",-0.366022676178125,-0.35910685,0.0878047357475135,0.087308690553,-0.521703011,-0.2338838225,1.00028007433761,12602.100191429,9627.09691342623
"log_lik[215]",-1.21023804037188,-1.19316135,0.265416331842427,0.25723310151,-1.675411145,-0.807939849,0.999966279491455,14810.103177825,13475.3895884312
"log_lik[216]",-1.20226904093438,-1.19328505,0.144114400266872,0.14002890132,-1.45384682,-0.98177695,1.00002854928905,14587.9111386906,12837.5182024512
"log_lik[217]",-0.274636652589813,-0.26823103,0.0790770983171512,0.077439155787,-0.415086445,-0.1567736575,1.00016147394354,17659.7123468749,13242.7705316717
"log_lik[218]",-0.120532056341637,-0.11253333,0.0538797217960472,0.050975190567,-0.2206125015,-0.0474667674,1.00021679974921,12732.4185681137,11482.2296970244
"log_lik[219]",-0.812510862719375,-0.80729715,0.0979835861945061,0.096105386307,-0.982290307,-0.6598630995,1.00005531029012,17558.6127501556,13463.4673647332
"log_lik[220]",-1.01126814823938,-1.001274,0.138493469125625,0.136884855282,-1.254322675,-0.8050849065,0.999931469933005,20263.4347142077,13149.6918743132
"log_lik[221]",-0.1590215315565,-0.152574645,0.0565829384541082,0.054504994299,-0.2631769665,-0.0787883240000001,1.00034939993356,12950.8729661444,13750.5908215497
"log_lik[222]",-1.91174560068063,-1.88046125,0.42586527843337,0.41844813444,-2.66221303,-1.275278095,1.00008336125757,16680.9436013144,14023.1350517155
"log_lik[223]",-0.65924222169125,-0.65400844,0.104589704929434,0.104163191286,-0.8392836865,-0.4973643245,1.00002797603682,14388.7230427909,11249.8587335879
"log_lik[224]",-1.2340549009625,-1.21721905,0.201446264118368,0.1975282806,-1.593471565,-0.936388277,1.00019301724256,13743.3850541816,11544.7069569607
"log_lik[225]",-0.117412932729875,-0.11157742,0.0437087992736767,0.041396215749,-0.1983363165,-0.0566243722,1.00020775466423,13513.7689038604,11548.8858213754
"log_lik[226]",-1.057864102265,-1.0483332,0.141154893394514,0.14113988763,-1.302669595,-0.845149528,1.00032716732723,20752.2419005363,12020.6095049817
"log_lik[227]",-2.04837021368813,-2.02011655,0.396007586605832,0.39436833828,-2.735298905,-1.451886435,1.00028195410841,14564.6641898714,13566.8950669227
"log_lik[228]",-0.87273589203125,-0.866612295,0.108233402470601,0.105886446918,-1.060402475,-0.705175089,1.00010946719389,15581.3559727064,14842.4733909242
"log_lik[229]",-0.924121226274375,-0.920436745,0.0977098428599781,0.096816945351,-1.09175015,-0.771267494,1.00011857439856,14419.3363850312,13488.1620683313
"log_lik[230]",-0.184018302800313,-0.17355891,0.0747219951244607,0.070579995843,-0.3222315,-0.08194024605,0.999986382739529,14211.8077236138,13561.5876604799
"log_lik[231]",-0.183073672180563,-0.174212135,0.0713754024614047,0.06865557363,-0.3124616385,-0.08229441285,1.00000430842729,15706.3044041615,13750.6947702717
"log_lik[232]",-0.42054841978,-0.41641633,0.0806126578322512,0.08036789124,-0.5589757445,-0.294821214,1.00045771932541,10994.0380933397,11992.4147760386
