"variable","mean","median","sd","mad","q5","q95","rhat","ess_bulk","ess_tail"
"lp__",-126.106634414,-125.80477,1.71645779705892,1.60514430299999,-129.3695035,-123.915971,1.0006837953798,4631.56451140699,6422.50533331628
"beta_0",-0.6313080513616,-0.62864689,0.201591525351944,0.197675347107,-0.971880562,-0.3039668965,1.00054062469038,8475.16521564148,7317.28474947101
"beta_1",0.511160989181937,0.507502385,0.338682721919232,0.333682755231,-0.04411666205,1.0636932,1.00069616416371,8327.50982971923,8109.82629609808
"beta_2",-0.127812961114327,-0.12994355,0.244665258417702,0.2454355432956,-0.525333224,0.2777685115,1.00016765942858,7886.69293528724,7613.57733868698
"beta_3",-1.304808574636,-1.30001075,0.255292634783519,0.26003595681,-1.72863563,-0.892918559000001,1.00020184848814,7859.32772859113,7744.45105415233
"beta_4",-0.49888751948174,-0.49644614,0.170086580512586,0.170933839167,-0.7843088635,-0.223941693,1.00058521738621,9720.19428850938,7959.01799445564
"beta_34",-0.182423159335037,-0.183156325,0.200669764092462,0.2000482424766,-0.5170337585,0.14596926,1.00043256082712,9792.80538998347,7633.52878445749
"eta[1]",-0.0337345216031776,-0.0351229865,0.22664994865672,0.2250950163021,-0.4003793285,0.3408291165,1.00017049453395,10002.5966732578,8231.54205525275
"eta[2]",-2.54303875681,-2.5152938,0.450378742848354,0.44189574996,-3.32153623,-1.829285215,1.00070677236588,9402.58050306317,7653.15986652726
"eta[3]",0.295232191516504,0.29495268,0.334850204386275,0.333411424605,-0.256221714,0.851682864999999,1.00000431316781,7481.94070382476,7747.18415936651
"eta[4]",1.15683345475241,1.15374325,0.519254348599555,0.519166845624,0.3155796265,2.02885347,1.00048274830565,10661.4972091808,8353.70252145088
"eta[5]",-2.411142397142,-2.40178305,0.424882425517428,0.42164788176,-3.136757995,-1.727579325,1.00032477649239,11047.747780547,8680.21189280658
"eta[6]",0.897822664295797,0.884127055,0.558034513077425,0.553127303463,-0.0155647943,1.828900055,1.00022960062228,9368.76742360745,8115.08850703188
"eta[7]",1.0290594345902,1.02159185,0.327328123553053,0.324382664886,0.4990915495,1.57891814,1.00056222008984,11988.5687650632,8647.18682502049
"eta[8]",0.488482460298527,0.48919123,0.35945961683481,0.361204562964,-0.09677103815,1.0800792,1.00043047923768,9271.69828009044,8909.90276883166
"eta[9]",-1.38796960209611,-1.377616,0.580954028050932,0.572819092881,-2.369033205,-0.4372455075,1.00068306382819,12697.5006599462,8163.77603580249
"eta[10]",-0.360175894451802,-0.3567284,0.396333139138829,0.3924667436592,-1.01127534,0.2858658095,1.00113031029848,12182.6952199412,8710.83181539203
"eta[11]",-2.209626767431,-2.18453675,0.5972193340108,0.58830027606,-3.226475895,-1.27244207,1.0006250742051,8812.07568543643,6903.80779208894
"eta[12]",-1.046434554739,-1.04113515,0.268766472879643,0.266376770142,-1.49298965,-0.6072733265,1.00049677364173,9870.30690912676,7567.03232446421
"eta[13]",-0.315079001298939,-0.31683107,0.254550527848238,0.252465289713,-0.7307250505,0.1007468985,1.00056724993436,9113.35893571362,7681.69744804901
"eta[14]",1.18053463838209,1.17243665,0.357814484885093,0.354654273078,0.6040690765,1.784943255,1.0003956985487,11278.6672791729,8941.78018103033
"eta[15]",-3.456125221026,-3.42377635,0.69338529313318,0.67185086472,-4.652343775,-2.36920974,1.00064692921501,8520.88348261915,7718.97925295775
"eta[16]",-0.0410144009570466,-0.041813045,0.293338959789849,0.289987775595,-0.52291513,0.4428682755,0.999981247363025,11717.0865643291,8623.70962660806
"eta[17]",-0.439926338503839,-0.43914642,0.294152266866654,0.290958485706,-0.923794856,0.0387592050499996,1.00053165770951,8651.18538073441,7819.65385247262
"eta[18]",2.1357343837681,2.11601965,0.636124525743424,0.63597631839,1.128622795,3.223190415,1.00004254494678,12523.7580302515,8883.32314156632
"eta[19]",1.40948063420448,1.4075775,0.41058800933047,0.40376579838,0.740664385,2.094384825,1.00065178225323,11720.3534897915,8033.45851773438
"eta[20]",-0.580191707011761,-0.57764453,0.245032322412761,0.244338084228,-0.986629766,-0.1789798655,1.00055434893059,9654.17518395325,8268.82157479153
"eta[21]",-3.229714405597,-3.19907535,0.782374740723356,0.78055213152,-4.58532448,-1.99394127,1.0000302645911,9768.46767134481,8072.7530727313
"eta[22]",0.785678957527188,0.78247619,0.273141082346928,0.266896258356,0.347385285,1.247895665,1.00044789033269,10651.6849636817,8475.95099000279
"eta[23]",-1.06198511035072,-1.0549017,0.342036598683635,0.340183555929,-1.631429425,-0.51365852,1.00024268334094,10106.9997957762,7666.79856179553
"eta[24]",-0.265093324158985,-0.264712715,0.334047596068275,0.332711844969,-0.8173217645,0.282322170999999,1.00005450039902,7885.72554725679,7341.1438090702
"eta[25]",0.702855696351265,0.70111015,0.316736121112299,0.313857724551,0.184124924,1.226785625,1.00051540917664,12266.42572004,7904.81647476453
"eta[26]",-3.02271011796,-2.9912738,0.55962272356538,0.54921182358,-3.99501132,-2.136391565,1.00056099839377,9852.00792623476,7608.57865249957
"eta[27]",-0.467084383137699,-0.46868385,0.394973399321773,0.396708140535,-1.12104192,0.182331746,1.00057129627263,11791.5563967857,8268.47954596656
"eta[28]",1.24818059087939,1.2390696,0.454024420796467,0.45118890915,0.5128627745,2.0083503,1.00032897355199,12833.6420831615,8273.50894179033
"eta[29]",1.15352724997224,1.14401085,0.43569456426979,0.43601902008,0.4502932175,1.8898511,1.00041568766307,13793.7818037812,8462.14689098523
"eta[30]",1.6352275753769,1.6289242,0.486613021296018,0.48730289538,0.843928354,2.4440473,1.00002308727025,7400.67140676186,7452.66111260852
"eta[31]",-3.231726077897,-3.18977385,0.721953922758357,0.71013611865,-4.49217463,-2.08644752,1.00062894151314,9331.4351150207,7138.40585894591
"eta[32]",-0.0287928436735989,-0.027440869,0.304194469778121,0.3014659595304,-0.527833679,0.471482729,1.00056821494463,10805.0633041382,8496.50535208278
"eta[33]",-0.67805006985219,-0.676834575,0.19779354589127,0.194897607051,-1.010044395,-0.3576508035,1.00050664199313,9186.68234255227,7529.79044124848
"eta[34]",-0.207897770257972,-0.20853599,0.373511146516346,0.3692979028998,-0.8224684145,0.40367267,1.00015320326525,11152.8948304536,7561.05813610313
"eta[35]",2.647286590386,2.63345605,0.578809810486955,0.58510416111,1.730224685,3.63188948,1.00018602900016,13120.0330715247,8576.25337419597
"eta[36]",-0.049944819318879,-0.050675468,0.38805856417017,0.389482177938,-0.681732274,0.5908291755,1.00054345050966,9101.29054433413,7504.01084349733
"eta[37]",-0.33680259673249,-0.333565525,0.274266479347409,0.274088202696,-0.794327538,0.1113491665,1.00034959958087,7539.90769798315,7295.50367297563
"eta[38]",-1.980321543424,-1.9725826,0.31357860085133,0.31307152401,-2.503205775,-1.47466582,1.00066190321584,10730.7160505337,8123.10633513611
"eta[39]",-1.02789278262597,-1.0207952,0.720495705868075,0.71564672046,-2.221271295,0.147626249499999,1.00007026312992,11008.3495018708,7460.10732776666
"eta[40]",-1.831018188848,-1.82259475,0.302885177453583,0.3000285729,-2.34051507,-1.347812915,1.00055630221969,10770.8839294093,8510.8156366811
"eta[41]",-2.969976113042,-2.93207675,0.660092979613704,0.64406464269,-4.12538903,-1.92617415,1.00067400047401,9185.15758715407,7097.92935933821
"eta[42]",-3.575025015072,-3.54301025,0.714902748513824,0.69965947401,-4.81359764,-2.453708735,1.00061459450284,8360.16614886578,7877.71840716221
"eta[43]",2.1190355554757,2.1040471,0.644889388483451,0.64028727441,1.09041827,3.196659335,1.00014202165199,9133.75871223125,7592.48602936182
"eta[44]",-3.003732289967,-2.97631425,0.645074639881591,0.64241272977,-4.113833565,-1.988224185,1.00015609562192,12110.9355415229,7700.5762340509
"eta[45]",0.126831302391761,0.12444223,0.226303665982871,0.2198454002766,-0.250684661,0.4989411525,1.00056395423977,11205.0475994945,8577.86653221992
"eta[46]",-2.055775352341,-2.0471984,0.323275876540587,0.3225151671,-2.59813873,-1.53671441,1.00061189207792,10985.7166751315,8165.90585241357
"eta[47]",-0.83179210736426,-0.83165762,0.293124086335932,0.294180694416,-1.309272095,-0.3493428375,1.00025673230939,11769.9863280548,7433.5543266492
"eta[48]",-0.761925522286527,-0.75739549,0.406226077577162,0.404459744136,-1.43671454,-0.0988456421000001,1.00107618048808,10871.7659352857,8457.38388147228
"eta[49]",0.274237824390025,0.27276745,0.243329356925815,0.241027720122,-0.125946352,0.6810702385,1.0002336599622,12360.5558649334,8367.392860823
"eta[50]",-1.13700045553017,-1.1359247,0.33499223134892,0.333578150388,-1.689897735,-0.5868526275,1.0002332446981,11855.5810098085,7402.61156448038
"eta[51]",-3.20083775086,-3.16824455,0.575361472008302,0.56757204546,-4.198347315,-2.29082895,1.00056530009289,9885.40647315405,7732.38395910733
"eta[52]",-0.641387219080441,-0.639627345,0.292024218825768,0.289586117016,-1.118791055,-0.162370919,1.00029506699664,9549.60445299935,7769.21351005912
"eta[53]",-2.981476217692,-2.94151945,0.679741895752661,0.6675228588,-4.1644161,-1.90604536,1.00065088388481,9247.16358258657,6913.18926626807
"eta[54]",1.23330843379772,1.22465095,0.473333084942978,0.474942874308,0.4728892785,2.02442139,1.00005580275506,8334.73478678,7254.66004861393
"eta[55]",0.512876506399781,0.50911776,0.260057859717419,0.256572373407,0.0884197828,0.9444586255,1.00044202971612,12228.5981769727,8633.82040408626
"eta[56]",-2.69540218372,-2.67444755,0.439179811918587,0.43226930229,-3.44961998,-2.002464295,1.00077951809635,8896.54280556642,8181.45832852884
"eta[57]",1.2432881391428,1.232896,0.328309368149586,0.33147118305,0.707666817,1.792558295,1.00053164155128,11361.9392990638,8099.55181575764
"eta[58]",-0.73597673350235,-0.729859365,0.358636664148969,0.35689228743,-1.33042059,-0.1545112405,1.0004892819685,8204.12365014401,7421.79065733265
"eta[59]",-0.725280641965448,-0.720673195,0.338839171270896,0.332827265379,-1.29595859,-0.1655935065,1.00026883244576,10961.649561635,7555.68375667019
"eta[60]",-0.851670272391165,-0.85091216,0.452985769445465,0.457459773414,-1.59647832,-0.114726779,1.00047968286358,11883.5791251167,8083.96339614648
"eta[61]",-0.0282657282190139,-0.024913068,0.352932318224117,0.3511777955028,-0.6050754205,0.5582421875,1.00040295502623,13766.7828094402,8221.37350194171
"eta[62]",-2.21922653291,-2.1932003,0.550069285890838,0.54204315606,-3.160319745,-1.355633735,1.00070445979731,8790.01132610218,6996.32779934148
"eta[63]",0.00678069365104002,0.00805991685,0.287621226327844,0.282366129297,-0.4700264815,0.488376018,1.00032151407457,13938.0415610956,8063.59717882298
"eta[64]",-0.296876284314217,-0.294835585,0.362472320581933,0.3565477104336,-0.8914012795,0.292821699499999,1.00173805286296,11209.351369184,8212.13066760459
"eta[65]",-1.93491327505,-1.92641785,0.443130282026448,0.44527859838,-2.672472765,-1.209294075,1.00042971498669,8732.74264155783,7457.35319149612
"eta[66]",1.2993479218769,1.2906475,0.358813072475489,0.35931211302,0.726168706,1.89996921,1.00055992991845,12425.038171106,8400.51877609942
"eta[67]",-1.05129603142927,-1.0450491,0.343044585974861,0.34359410673,-1.619778235,-0.4921983495,1.00029405316683,11128.6117894409,8064.39101405165
"eta[68]",-3.334374920279,-3.3088866,0.663553188645086,0.65213310015,-4.473120095,-2.280879865,1.00063166604936,8083.96926366131,7673.40716417174
"eta[69]",2.27550857744,2.2593719,0.499144775260212,0.50155772373,1.47421762,3.121752595,1.00037810293715,13046.1686066862,8717.51411897448
"eta[70]",-0.801178537686459,-0.802530615,0.441273049576903,0.445750710111,-1.52748934,-0.0848320887000002,1.00037823160051,11662.5486562659,8295.6510575146
"eta[71]",1.523450965507,1.5094271,0.425166401875181,0.42197086617,0.8417239085,2.24801619,1.00022105805319,12946.0266888843,8587.25878352124
"eta[72]",1.297089980767,1.2858454,0.35707137475531,0.35521339119,0.725418151,1.902349375,1.00044559071701,12010.2440953648,9076.7855686875
"eta[73]",-1.336897724413,-1.3309003,0.244562110092872,0.24279487554,-1.74655475,-0.9406588765,1.00069674189321,10248.5636266629,7541.59807620755
"eta[74]",1.22398619287997,1.21478505,0.414438629253978,0.415089000207,0.5637371835,1.909927735,1.0004622683272,10030.8168632604,8287.32077067623
"eta[75]",-0.416592648368516,-0.41788474,0.384081303603951,0.385040071122,-1.04916963,0.2139972035,1.0004540188369,11553.4749230826,8340.03563386702
"eta[76]",-1.1665256581708,-1.16042725,0.351955657657846,0.34974037329,-1.763181055,-0.6025356585,1.00101631921075,9359.99924287798,7721.76333813516
"eta[77]",-0.508464204585607,-0.50555936,0.294095650295959,0.288321807627,-0.996475672,-0.0324559348000003,1.00035702029054,12099.9847333734,7850.11131807188
"eta[78]",-1.2669380366168,-1.2608115,0.367618766772446,0.36027076218,-1.88780478,-0.659268021,1.00047565113351,8654.14370665234,7131.8214642528
"eta[79]",1.08298390979532,1.0780883,0.489297349929779,0.489422894772,0.285291453,1.89784131,1.00057652728049,11951.8849798426,8345.19394430774
"eta[80]",0.242588019318511,0.242000745,0.263591839483904,0.257361635517,-0.192845306,0.6846276565,1.00011778382432,12686.2519984531,8424.42017823466
"eta[81]",1.2287925523023,1.2157687,0.367973838984009,0.36700221096,0.635398469,1.853507215,1.00026082696751,11549.9952709852,8439.75407829992
"eta[82]",-1.08374472260004,-1.08360755,0.33277300031897,0.334419963255,-1.63004501,-0.5349748655,1.00030086739213,11897.2042528259,7631.20130692886
"eta[83]",-0.765222441544989,-0.76318379,0.314899866890345,0.313491715089,-1.2881686,-0.2465089495,1.0002804075397,11382.2109425696,7880.72486098734
"eta[84]",0.415163093091403,0.411568675,0.306851133046231,0.297346067655,-0.0872593395,0.938775868999999,1.00049390985404,12642.1470080174,8797.41269586968
"eta[85]",0.93862590046143,0.930232085,0.329081289411927,0.327178870725,0.406403715,1.49222974,1.00059956310321,12136.3497200572,8703.893912144
"eta[86]",0.288288856094257,0.28385011,0.272090587468074,0.266959135422,-0.1663820615,0.738014350999999,1.00058365183542,12155.4157911251,8645.40747683511
"eta[87]",-3.36375111404,-3.33686605,0.55242318509534,0.5392394112,-4.31804576,-2.49144038,1.00063740872456,9346.84345671655,8105.15913233448
"eta[88]",1.976864460948,1.9585919,0.512772921616566,0.50870719158,1.161023505,2.849648275,1.00005858114495,12536.5134155521,9129.655762405
"eta[89]",-0.8770710969311,-0.87145215,0.259125908822865,0.255586422168,-1.313396555,-0.4531535325,1.00069412586035,9263.5072201685,7457.26731696162
"eta[90]",-2.77661853634,-2.74544225,0.52139707179057,0.51239063715,-3.681754735,-1.956485245,1.00058791854921,9698.6770814384,7605.14278978056
"eta[91]",1.82714113992746,1.8146162,0.623918192707909,0.62684743128,0.825657552,2.869914145,1.00013039851789,8538.12604568536,6992.28226626318
"eta[92]",0.0195212111071111,0.0179145205,0.226114070272141,0.222888249969,-0.351213393,0.3965291415,1.00024537847918,11542.5161390602,8194.07459628922
"eta[93]",-0.317864820592213,-0.314879945,0.399604156411499,0.3934997111094,-0.974963606,0.3369619405,1.00007750223738,10275.0810514192,7954.46042508027
"eta[94]",-1.36426944193886,-1.35469945,0.486404938286873,0.480873897,-2.1849434,-0.5824454325,1.00020421397514,13672.2740768245,7767.88366825005
"eta[95]",-1.458318076148,-1.4504337,0.290884742007923,0.28316110683,-1.948637085,-0.99029832,1.00089847963985,8392.20032946723,6917.01248410917
"eta[96]",-0.659417705022017,-0.65594592,0.345446367381343,0.338273225829,-1.238637715,-0.0918943227,1.00020573530507,9779.67615101526,8057.77571207978
"eta[97]",-1.887414438539,-1.8737796,0.509467016965394,0.50896345899,-2.745747305,-1.072404505,1.00000823708865,8666.23432889031,7392.02107513383
"eta[98]",-1.413322995909,-1.4071455,0.41867313896991,0.42282743832,-2.10678793,-0.7337556845,1.00011667163784,10984.5731476441,7790.49353554005
"eta[99]",-1.1970122232917,-1.18976195,0.345262433988845,0.33802064268,-1.78030297,-0.629271587,1.00050978677089,8778.79336779212,7208.06510389913
"eta[100]",-0.861183971869279,-0.86143349,0.291339006359101,0.291036262902,-1.3371518,-0.381453027,1.00017469128308,11442.1425719776,7352.7191121952
"eta[101]",-1.5720850150996,-1.55623935,0.491356541789407,0.48766843041,-2.408434375,-0.7907353765,1.00024542380774,13837.0947044319,8190.70225887589
"eta[102]",0.547789798705232,0.54780165,0.302629606586163,0.30251281746,0.05130994175,1.05377689,1.00049085393796,12813.7440809541,7403.39216342438
"eta[103]",-1.2873257904053,-1.2785013,0.338531409493739,0.33485699667,-1.864362625,-0.74682739,1.00127380018203,8880.32976695205,7385.56438151714
"eta[104]",-2.838514711993,-2.81193205,0.707130081867291,0.70325818899,-4.068599275,-1.71774408,1.00004053705784,10198.3881997838,7499.59673895887
"eta[105]",-3.52227533988,-3.48754205,0.715082907156881,0.69609041103,-4.761652605,-2.395427895,1.00063473335424,8706.63486021586,7222.4532195019
"eta[106]",-0.120398954664944,-0.1194105,0.279724277701767,0.2815955864946,-0.5858187355,0.3341035655,1.00021827065979,7674.22981589018,7572.78923230906
"eta[107]",0.83762650050464,0.83560827,0.328075590745295,0.324986698365,0.3063788425,1.388796365,0.99994271712535,7514.98459785379,7536.63134854241
"eta[108]",-2.177454815039,-2.16260975,0.370171126585109,0.36107447964,-2.8014629,-1.587744325,1.00085467025478,8223.93072933216,7089.92184176379
"eta[109]",0.717489540310505,0.711274095,0.362870198088523,0.355840738554,0.1285638415,1.32844777,1.00001517942352,8155.13978572861,8028.62116434394
"eta[110]",-1.09267611266972,-1.0857316,0.321903841929704,0.3211222644,-1.63553111,-0.5828299925,1.00094751707744,8913.54122158664,7852.28715234434
"eta[111]",0.206473944183271,0.19906784,0.479456066231986,0.477411084549,-0.56907622,1.00204674,1.00070205912012,13219.061367217,8456.9944008033
"eta[112]",1.3264818451816,1.31624365,0.379800316229055,0.37596126624,0.7163997045,1.966532055,1.00033150432379,11305.4931179614,9076.6333440164
"eta[113]",2.7431894974899,2.71615305,0.817834489395291,0.82158842388,1.453840535,4.13663611,1.00002425140334,13049.6421256806,8261.51443403632
"eta[114]",-0.8963290680282,-0.891737565,0.261876550970477,0.258484519692,-1.334518385,-0.468423047,1.00043920745103,9985.24278619893,7719.8726617824
"eta[115]",-2.57667172036,-2.5625459,0.414036493479439,0.41270550573,-3.27549474,-1.90933215,1.00040354762453,11486.4055640635,8635.56836271092
"eta[116]",1.17492319472799,1.166706,0.434898487378515,0.430887748893,0.470274218,1.90485814,1.00026463335873,12593.3704400092,8258.85105836761
"eta[117]",-1.52691438161,-1.51834805,0.47094592745721,0.47231773827,-2.30490161,-0.7570145955,1.00025339866595,8283.23001962815,7516.37083847749
"eta[118]",-0.513775883679008,-0.515744975,0.249403466738858,0.245785628151,-0.9183040025,-0.1014733545,1.00006607054268,10724.6236116275,7729.51503853832
"eta[119]",-1.0915306595137,-1.0915138,0.350192692725618,0.348525367764,-1.670902025,-0.5118951585,1.00033378853232,11618.5387344171,7921.77559135724
"eta[120]",0.133312555804246,0.133060005,0.233607868986256,0.233240860293,-0.245261926,0.5205385855,1.00021633785718,9653.92638733324,8217.27231508305
"eta[121]",-1.473325870999,-1.46226535,0.345060542442432,0.34196532237,-2.065749715,-0.928996592,1.001009358254,8471.56406654547,7240.5403938704
"eta[122]",-0.465465838439668,-0.46217775,0.373994265253602,0.370033290291,-1.08602443,0.145169472,1.00032304186807,13297.6008263558,7689.87531093748
"eta[123]",-0.639567584964315,-0.636244425,0.246602760529012,0.244999657413,-1.05271939,-0.235310451,1.00065244524967,9595.49365608453,8329.19742487022
"eta[124]",1.5972763894005,1.58900555,0.447843154999176,0.44786314083,0.887121989,2.3554183,1.00016090858654,10967.4731166974,9556.34229897326
"eta[125]",0.00802358968815561,0.00504736285,0.401293504722282,0.39664027452,-0.6483156975,0.6638944815,1.00123405726314,11602.1248492752,8331.31791874162
"eta[126]",-0.88747650057455,-0.88165845,0.335594560710778,0.335096629308,-1.446851925,-0.3454239155,1.00064701636151,8489.74646676682,7387.9129293074
"eta[127]",-0.430965525420548,-0.42717787,0.343144866724426,0.338538181275,-0.9969316075,0.128818211,1.00063133064841,13451.0009819128,8174.5336314464
"eta[128]",-1.23954191354,-1.2349001,0.273032211116275,0.27158592972,-1.69819057,-0.796439417,1.00057087664494,9839.51117705617,7414.45711048946
"eta[129]",0.91301014935977,0.90900597,0.39604230262653,0.393586756038,0.2685563795,1.57295395,1.00027249192537,9408.77472872264,9168.80562858748
"eta[130]",-0.205593947691284,-0.20506395,0.560623195964048,0.557031315435,-1.13122217,0.710365223999999,1.00070971193862,10421.8535251331,8613.61494339264
"eta[131]",0.713405631526479,0.711275485,0.314994463457684,0.314186224233,0.200774959,1.235029245,1.00051059986348,12347.9830503048,8167.43014606512
"eta[132]",-3.327514329049,-3.29965015,0.802156887955939,0.80251907442,-4.717404855,-2.059356605,1.00002960096771,9684.4213218032,8141.18033462466
"eta[133]",1.41953358899495,1.4126418,0.552751489601489,0.55031183865,0.52581902,2.346870525,1.00031156436377,11000.2627092852,8468.97225399407
"eta[134]",1.1034150370712,1.09529245,0.335794280172108,0.333509728398,0.5612286945,1.66755461,1.00051229593665,11854.9556988537,8907.43424664902
"eta[135]",1.60480586005361,1.59893775,0.581017825309314,0.57067660986,0.6653338355,2.58461812,1.00005504542883,11504.9758353722,8014.77478119621
"eta[136]",0.476522313310895,0.4693431,0.3307200974134,0.326468579304,-0.0722533941,1.022521445,1.00087497527171,12346.75430704,8894.3575427106
"eta[137]",-0.120391942455507,-0.12210259,0.339509490116983,0.336384193278,-0.678949977,0.4363790165,1.00002709111725,10927.6386212973,8397.03499404246
"eta[138]",-0.458166807408786,-0.456105385,0.193182494241869,0.191163656712,-0.781273219,-0.142340069,1.00038556598441,9205.78478049746,7623.03733596416
"eta[139]",1.57211979432929,1.5549681,0.578185597602212,0.57643769694,0.6379672425,2.56200722,1.0002411022423,13627.6747277891,8299.37685964953
"eta[140]",-2.153131163947,-2.14096265,0.358217277467331,0.35703921309,-2.75812754,-1.57812411,1.00043704543421,11034.0488035516,8663.88290582867
"eta[141]",0.576573766910479,0.560610535,0.536703729384148,0.534262374891,-0.286956567,1.472271155,1.0004904911015,13172.7957145588,7561.24927956518
"eta[142]",0.79808627837417,0.79652947,0.359126835144611,0.358736871633,0.21923529,1.39973833,0.999970193853608,11029.6441492858,8135.69698456645
"eta[143]",1.22287223946653,1.20521205,0.643080163413351,0.64000031718,0.171049413,2.29425004,1.00011556845703,8645.90071737526,8224.9402491436
"eta[144]",-1.3918749714529,-1.38261385,0.472447968789935,0.46522883463,-2.191825915,-0.6167139965,1.00054718745932,8877.15258400264,8054.39243212154
"eta[145]",-0.703221709269825,-0.69868402,0.264769998059587,0.261916353216,-1.14371907,-0.269276918,1.00033573849281,10166.3080772838,8023.20184341242
"eta[146]",0.87575447129557,0.87194868,0.300676527024199,0.298255220214,0.3919466295,1.384870415,0.999893823073091,8313.72604682465,8139.76793083707
"eta[147]",0.89089816388051,0.88273454,0.325423191341375,0.32376455412,0.3640132255,1.438078345,1.00060691332909,12104.0964767023,8639.82436958774
"eta[148]",-0.878437726219317,-0.878272415,0.329522381720807,0.330981287532,-1.42454849,-0.3485513635,1.00038920718915,7890.31901341397,7316.99754809619
"eta[149]",1.01285494206315,1.00463385,0.314670522131952,0.315741301134,0.502751418,1.540167765,1.000516455269,11067.1618597621,7968.97432555269
"eta[150]",-0.0709123229530523,-0.073113791,0.229806102817915,0.2279819698632,-0.444760068,0.3091124505,1.00017603094378,9699.66966016505,8298.34159140787
"eta[151]",-1.331718855384,-1.3193453,0.302226600762812,0.30188515875,-1.8516871,-0.8478902995,1.00082081560191,8147.83121908423,7175.93955533348
"eta[152]",-0.458727614790531,-0.45753259,0.446121068216396,0.448561237866,-1.19575377,0.2752859425,1.00035747822985,10370.1035915303,7377.61057683952
"eta[153]",-0.584856043737998,-0.58080523,0.248852380662876,0.245826058653,-0.9973816765,-0.181821076,1.000589803631,7882.49675187863,7557.50442127457
"eta[154]",1.5156650280666,1.50441925,0.434602639557532,0.42608204184,0.8108392765,2.25686831,1.00046960554595,13410.2730696818,8660.23441919727
"eta[155]",0.715913606187,0.709370545,0.314880731116504,0.316975150506,0.2088022435,1.22845261,1.00055203520203,12068.7136581246,8186.38836274
"eta[156]",-1.04483029072702,-1.04043175,0.409754842344383,0.40248082896,-1.731814595,-0.3686255485,1.00025185335217,9139.47573593775,7792.17593141602
"eta[157]",-2.059905378252,-2.05354275,0.512712398439022,0.51217855122,-2.91864696,-1.226166455,1.00029649734635,12474.5374773504,7926.7920286571
"eta[158]",1.350391754121,1.3422199,0.333539298471852,0.33785889102,0.8086903565,1.90542492,1.00054785597711,11529.3521381137,8017.70711498777
"eta[159]",0.0681184377100748,0.069386666,0.307585149337986,0.306124238322,-0.4354398845,0.5776558445,1.00033218339786,13607.0547201214,7400.10916755633
"eta[160]",-0.848882153568411,-0.84421659,0.443857218776342,0.450136048173,-1.58912031,-0.127987806500001,1.00044251436178,8513.19902174588,8115.89363710732
"eta[161]",-0.7316018770673,-0.73014092,0.199267384920687,0.19554078117,-1.066369355,-0.4106322215,1.00054407146453,9333.04596694481,7435.71179294502
"eta[162]",-1.6132142009822,-1.6024078,0.501544724758415,0.50337005397,-2.43299621,-0.791020089,1.00015438786898,7945.69439045279,7498.83531129944
"eta[163]",0.840165028832637,0.834970745,0.435358475282441,0.436175293533,0.1337907475,1.559923045,0.999905211407228,7274.36510334533,7310.39097862839
"eta[164]",0.847371659304113,0.846887825,0.356783836653122,0.351218777532,0.2604032965,1.43758358,1.00042876239908,11422.2021354952,7894.70857696207
"eta[165]",-1.182720468658,-1.18183905,0.251735428918418,0.25065339684,-1.60547885,-0.7753320235,1.0004670666426,9256.21915114363,7758.83955726902
"eta[166]",-3.567325587813,-3.52341295,0.746377687018483,0.72115561728,-4.86151179,-2.39628835,1.00062560505923,9003.22633270351,7244.64055026225
"eta[167]",0.767848724654263,0.7663542,0.327394576858104,0.326204720982,0.238751501,1.31482563,0.999964601881318,7387.86708623596,7427.76995622285
"eta[168]",-0.502719891207268,-0.502791535,0.275437420345878,0.270902554902,-0.961148987,-0.0525979289500002,1.0001910192127,11632.6175151192,7771.93919962563
"eta[169]",0.074729916629204,0.072475521,0.332147576819218,0.3261136982376,-0.473243657,0.6245190975,1.00006670080945,11677.1777177162,8055.17308614291
"eta[170]",0.460772058347499,0.455938065,0.425683673865231,0.435036019215,-0.2365697655,1.16294049,1.00070017590619,10019.1261016332,8315.86887793674
"eta[171]",1.6251655436458,1.6123134,0.567200435331471,0.56718894162,0.7100808,2.581736685,1.00016599649506,13030.3002355535,8306.84155366964
"eta[172]",2.167680264026,2.1506215,0.61111861466798,0.60933110532,1.19969528,3.20818276,1.00015639302032,13426.9004693689,8820.63601777725
"eta[173]",-0.0670688516104164,-0.0658430835,0.293142208576399,0.2888749041591,-0.5461477385,0.4150528735,1.00033774579368,11400.436604486,8612.07567652214
"eta[174]",1.0828453448519,1.07285315,0.345227909994899,0.341972105265,0.5234006745,1.66615734,1.00022153147338,10973.2580306993,8527.63065614138
"eta[175]",-0.694136894313522,-0.694034815,0.26979963237271,0.267828494997,-1.134386045,-0.249406192,1.00011825485165,11013.9698381265,7132.43054997295
"eta[176]",-0.706438712524766,-0.703686725,0.399645833783911,0.394584456882,-1.37909455,-0.0498420067500005,1.00023958366462,10244.146874611,7944.99019267911
"eta[177]",-1.6403659107163,-1.63231075,0.421364191465483,0.41987891757,-2.34198558,-0.9556525925,1.00019741578976,9913.21129048471,8520.81913940048
"eta[178]",-3.15593554075,-3.1282109,0.524590122387762,0.51436412601,-4.06410654,-2.32777132,1.00066157387609,9437.27703484276,7941.68573555347
"eta[179]",-1.18857569794596,-1.18188015,0.346701333978562,0.342831783462,-1.778067605,-0.634811397500001,1.00092811145323,9254.70641780784,7953.87471648782
"eta[180]",0.146346528825127,0.143474225,0.490431553099731,0.497857843539,-0.653939816,0.9515010125,1.00066039416532,9760.66739786082,7890.65686614064
"eta[181]",-2.139178807493,-2.12851505,0.373986714375327,0.36306257211,-2.76939351,-1.539238505,1.00080784672751,8109.50757432421,6915.23059046372
"eta[182]",-0.250437744237421,-0.24966568,0.252578686498567,0.2530805916933,-0.6629986765,0.1619339115,1.00013276363395,7274.3999597052,7385.98447262078
"eta[183]",-2.83991814623,-2.81181,0.481061515576488,0.47178874659,-3.67646818,-2.081916355,1.00069876117938,9419.18721122895,7882.67748359939
"eta[184]",-2.358441406891,-2.3499753,0.515459158704539,0.51097742283,-3.216893455,-1.52215831,1.00002486644283,9812.45460225669,8371.78670846492
"eta[185]",0.836821724305181,0.835278875,0.36469498645908,0.358385228565,0.2362508095,1.442848545,1.00040050648482,11271.1683510119,7708.94461829791
"eta[186]",-0.96216488156296,-0.954867775,0.379487183133296,0.379313387775,-1.58610732,-0.349555325,1.00001003706756,9951.3966755013,8182.57634911715
"eta[187]",-3.090776245047,-3.05149385,0.712586533722063,0.70116720408,-4.330818955,-1.9631701,1.00062371485407,9332.28988207512,6851.3906832521
"eta[188]",-2.07699542460216,-2.06553385,0.631713325826129,0.63998623248,-3.119291475,-1.05674285,1.00046017931709,10598.7820487019,8048.01372237156
"eta[189]",-1.604795904952,-1.59347095,0.295040163785632,0.28441101276,-2.10276211,-1.13424024,1.00098859994803,8337.45685382592,6946.90482113485
"eta[190]",-1.422901469485,-1.41634345,0.249743708076586,0.24722458782,-1.8405271,-1.019750885,1.0006932500874,10382.1040367574,7744.6058348241
"eta[191]",-1.706071917106,-1.69921595,0.409425384316357,0.40331553276,-2.39700449,-1.046325535,1.0005109455426,13314.6821778066,8091.6573198732
"eta[192]",0.90820640820648,0.90246229,0.29448281269674,0.290810744616,0.4379455555,1.408593875,0.999996248441482,8871.88419169262,8054.52265852489
"eta[193]",-0.8387054912157,-0.83536908,0.20382221930797,0.200712119622,-1.182406025,-0.5110732785,1.00060010273015,9608.6446751386,7514.90816872177
"eta[194]",-1.726317280515,-1.7197461,0.476813303705763,0.47910693432,-2.52106669,-0.9519533955,1.0003092546387,11409.2996341955,7739.84328312127
"eta[195]",1.02781625294682,1.02236795,0.405762617131595,0.40593247002,0.371139797,1.7113514,1.00041540404195,13868.1406119316,8429.14630737556
"eta[196]",-2.044389567647,-2.02675405,0.459371037197793,0.45623960844,-2.825057545,-1.314293705,0.999885107101015,10855.1242639827,7625.03286073636
"eta[197]",-1.274304843627,-1.26350435,0.276938205691284,0.27461562282,-1.751051875,-0.830391274,1.0009263634446,8165.88066293844,7513.92863008188
"eta[198]",0.10166275069902,0.099684709,0.225862324196667,0.2240489189463,-0.2670419525,0.474091618,1.00022825573985,11033.7957422524,8157.10899494436
"eta[199]",-0.686881135286243,-0.688144225,0.425282511731759,0.426046859742,-1.384425625,0.00185002114999944,1.00043305362599,10861.4075527731,8431.80249288674
"eta[200]",0.30828395098212,0.312800865,0.390653443538766,0.392668782009,-0.332047886,0.954215170999999,1.00032566540647,12777.0302690327,8306.7513663858
"eta[201]",1.318189850462,1.3083504,0.3545672457392,0.35006246814,0.7458804435,1.9137526,1.00049409247514,12342.2945561539,8941.34732882315
"eta[202]",1.92277248346026,1.89390415,0.766091865563398,0.76977229518,0.7012367315,3.223672525,1.00021817209568,10215.5414394521,7571.40148282605
"eta[203]",-3.03718378391,-3.0060479,0.509754905854011,0.4993804515,-3.923275525,-2.23057556,1.00067264135683,9465.48486411176,7963.42130149703
"eta[204]",-0.950683007035,-0.94646887,0.222272381591201,0.221201147538,-1.32006538,-0.5919969185,1.00061460545347,10118.3435170999,7451.74923736801
"eta[205]",-0.810692237165537,-0.81044803,0.284545525598986,0.287995005522,-1.276893385,-0.3431523735,1.0002113479729,11628.2112544051,7462.85720343562
"eta[206]",-1.2220145075543,-1.21324705,0.433265832656458,0.435844651494,-1.940099735,-0.517703591,1.00008247186474,8536.27165939164,8024.07786020929
"eta[207]",-1.05047637309875,-1.0447164,0.331655549222284,0.329227201233,-1.612192845,-0.516490743,1.00078217786901,8498.17593956372,7579.70953722513
"eta[208]",-0.733965060805565,-0.727838505,0.357112414197975,0.354279894339,-1.328163425,-0.1498200135,1.00003347853759,10988.7554220029,8293.95609612467
"eta[209]",-2.66104990787,-2.6460588,0.442748519813813,0.43087699263,-3.410294705,-1.958621935,1.00073905325718,8215.98835952317,7372.8435842912
"eta[210]",0.323693323458794,0.319552205,0.32136127729924,0.323653885443,-0.2008823945,0.85007497,1.00058065043821,10579.4675435408,8713.42635352241
"eta[211]",0.577477737817491,0.57723936,0.304907906177562,0.304901515863,0.07896084675,1.086590365,1.00050158176538,12729.9289469715,7670.81377527187
"eta[212]",0.87104760025946,0.865017855,0.36101827549684,0.360781614249,0.280691973,1.474305925,1.00023268398245,12879.6659220448,8606.42370398391
"eta[213]",-2.763924404504,-2.75345945,0.622962650954348,0.61388142711,-3.805943815,-1.752189985,1.00050395083756,7480.50518874943,6964.21645491497
"eta[214]",-1.0973984710259,-1.0912973,0.320570511253978,0.313776952503,-1.638676185,-0.5707688605,1.00054770183011,8972.57081831258,7446.11538759555
"eta[215]",1.4509397696883,1.43949055,0.441957809297858,0.44176787571,0.7443328725,2.18330496,1.00046930330675,9713.58482020769,8299.18127312356
"eta[216]",-0.728550697701982,-0.727424645,0.272723176586002,0.273303210474,-1.174635265,-0.279763521,1.000156730247,11316.3777106888,7480.36821845022
"eta[217]",-1.14320146300094,-1.1353672,0.37695268821214,0.371544734274,-1.78522866,-0.5429443555,1.00015383551952,14060.5666332436,7621.30974182923
"eta[218]",-2.464725546522,-2.4409952,0.489452167882145,0.483834500940001,-3.30861429,-1.69288915,1.00086395940253,8202.88652312298,7491.49417691167
"eta[219]",1.13019444673714,1.12359135,0.458157992712461,0.450511464732,0.385677667,1.90604127,1.00030483328328,9894.99869180461,9332.38725658985
"eta[220]",0.0397847286644244,0.0415483945,0.372485701086075,0.369974905503,-0.5788929545,0.6554962995,1.00021029412607,12386.6472654115,8288.07437560023
"eta[221]",-2.06305565065,-2.0540348,0.409470730659934,0.40654730424,-2.754120795,-1.399110115,1.00064969710276,10263.838927294,8844.43942262822
"eta[222]",1.62442535702031,1.60723485,0.599136154610734,0.59828551293,0.6575498925,2.643718245,1.00025022414375,13564.2578849462,8298.9684432898
"eta[223]",-0.216353472824956,-0.219028435,0.245417046498752,0.2434755475782,-0.6219575755,0.1881183365,1.00004841523712,11935.62105879,7922.43876006507
"eta[224]",-0.825542683424044,-0.82167065,0.400963329518872,0.396986802618,-1.490701105,-0.163790771,1.0002681687923,9507.78165760433,8190.83379787591
"eta[225]",-2.3706080302,-2.3663947,0.39071264161181,0.38936975238,-3.02147492,-1.742120575,1.00059176748653,9829.19771069625,7737.54038602135
"eta[226]",-0.104015612040868,-0.100427935,0.346492365645965,0.340833171945,-0.6711688275,0.4719605965,1.00052182368751,13664.0678817287,8364.00200405377
"eta[227]",0.429122253021346,0.426534835,0.434730965884597,0.442586908428,-0.279389009,1.15160807,1.00069244579818,9761.79935565503,8226.2265981588
"eta[228]",0.264036598147253,0.260285605,0.330549239105803,0.3327859712625,-0.2722274385,0.811559613,1.00056408385466,9527.17817988851,7587.52798939827
"eta[229]",-0.0354283833594294,-0.0375398305,0.222273264965781,0.2201536305927,-0.397648778,0.3279560825,1.000092657562,7754.66493979942,7475.15024252955
"eta[230]",-1.85342255832,-1.84728575,0.480914346363949,0.4788886956,-2.655690545,-1.07696539,1.00022240630919,12047.5914365783,7711.29974729639
"eta[231]",-1.672615061076,-1.6590642,0.47288849064631,0.46581423924,-2.472237325,-0.926272596500001,1.00001514919265,10782.1564093735,7422.96408719537
"eta[232]",-0.883311627793123,-0.88272689,0.28725235412243,0.288211153776,-1.362271335,-0.4160827935,1.00042964789538,8035.19384740566,7448.92279590458
"theta[1]",0.491673487031,0.491220155,0.05591153004072,0.056093807763,0.4012212045,0.584391909,1.00017177318904,10002.5954477737,8231.54205525275
"theta[2]",0.07864044658594,0.074792956,0.0316694610269267,0.0300709249386,0.0348397152,0.1383234435,1.00070677205491,9402.580287394,7653.15986652726
"theta[3]",0.571330587875,0.5732082,0.0798139732939394,0.0812145892740001,0.436292725,0.700920036,1.00000431313056,7481.93988489474,7747.18415936651
"theta[4]",0.748881634764,0.760193965,0.0937717739423047,0.0935934171270001,0.578246601,0.883793384,1.00061881404342,10661.4969352482,8353.70252145088
"theta[5]",0.0879641258372,0.0830368315,0.0336774990288287,0.0318097723335,0.0416162329,0.1508974695,1.00030311076101,11047.747780547,8680.21189280658
"theta[6]",0.698274805418,0.70767672,0.110952768553986,0.112807149588,0.496108884,0.8616306425,1.00030050948093,9368.76677227986,8115.08850703188
"theta[7]",0.731959648878,0.735282555,0.0627111620378365,0.063156995706,0.622245816,0.8290512465,1.0005622234101,11988.588009991,8647.18682502049
"theta[8]",0.616280236757,0.619915885,0.0826140798814843,0.084685155723,0.4758261055,0.7465089695,1.0004304788055,9271.69887905943,8909.90276883166
"theta[9]",0.2147465735969,0.201392155,0.0935887856861163,0.089715995586,0.0855647543,0.392397508,1.00051441305283,12697.5006599462,8163.77603580249
"theta[10]",0.414090515249,0.411751755,0.0927887596215269,0.094329209268,0.266730342,0.5709837125,1.00109560860177,12182.6958417992,8710.83181539203
"theta[11]",0.11123306393613,0.10114771,0.0571705934471401,0.052385869641,0.03818145285,0.218839494,1.00062506492118,8812.077890594,6903.80779208894
"theta[12]",0.263179104477,0.26093102,0.0512987263399194,0.051250190628,0.1834734185,0.3526814385,1.00049677620298,9870.30661987871,7567.03232446421
"theta[13]",0.423079868506,0.42144823,0.0611621599977903,0.061316881542,0.3250356435,0.5251654395,1.00056730571823,9113.36294510913,7681.69744804901
"theta[14]",0.759145181159,0.76358517,0.0637353590216764,0.06403445769,0.646586692,0.856306185,1.00039569874102,11278.6672493787,8941.78018103033
"theta[15]",0.03739784448073,0.0315606025,0.0247351267354458,0.0199735894239,0.009449081575,0.08555094135,1.00064693127291,8520.88203516859,7718.97925295775
"theta[16]",0.489962005451,0.48954826,0.07176773828658,0.0723345788129999,0.3721708335,0.6089422725,0.999981247363022,11717.086136785,8623.70962660806
"theta[17]",0.393918553303,0.39194438,0.0688396989956326,0.068912789904,0.2841853025,0.509688591,1.00052370106586,8651.18422762441,7819.65385247262
"theta[18]",0.879779048709,0.89245048,0.0651110912121383,0.0589682578170001,0.755584658,0.9616977065,1.00013462444843,12523.7502433174,8883.32314156632
"theta[19]",0.795904853584,0.80338357,0.0652415112074288,0.0638199996,0.6771411195,0.890356212,1.00071175284254,11720.3738112321,8033.45851773438
"theta[20]",0.360804331325,0.35947477,0.0556440798946678,0.056103103665,0.2715782805,0.4553741,1.00055434893059,9654.17518395325,8268.82157479153
"theta[21]",0.0486692718869,0.0392005325,0.0359422486824844,0.0277433178099,0.0100974403,0.119840521,1.00003026387371,9768.46898677924,8072.7530727313
"theta[22]",0.683972383652,0.686213545,0.0579742640831842,0.057315811161,0.585983378,0.7769353735,1.00044402394198,10651.682748937,8475.95099000279
"theta[23]",0.2621809575959,0.25828495,0.0646159769106957,0.065312058588,0.163634633,0.3743362735,1.00023413508137,10107.0013880134,7666.79856179553
"theta[24]",0.435838707669,0.434205575,0.0800364647654728,0.081432687147,0.306332473,0.57011544,1.00005159760572,7885.72270288841,7341.1438090702
"theta[25]",0.665201899997,0.66843386,0.0690632684298047,0.069076572726,0.5459016195,0.7732554855,1.00057696245763,12266.4261225147,7904.81647476453
"theta[26]",0.05266633703939,0.0478216545,0.0273095880132828,0.0244744650213,0.01807453585,0.1056097525,1.00056099644301,9852.00854353529,7608.57865249957
"theta[27]",0.389291162209,0.384927805,0.0907302977820837,0.092848143759,0.2458180785,0.545457072,1.00056902583035,11791.5566058442,8268.47954596656
"theta[28]",0.767591757952,0.77540202,0.0780783152932523,0.078034819989,0.625477334,0.8816710165,1.00036385652591,12833.6441897204,8273.50894179033
"theta[29]",0.7515917751,0.75841527,0.0783825930796375,0.07891620345,0.6107089465,0.868738547,1.00040509970734,13793.7842297362,8462.14689098523
"theta[30]",0.826445360571,0.836022215,0.0678603513722688,0.0654203180400001,0.6992919225,0.92012505,1.000043265376,7400.67140676186,7452.66111260852
"theta[31]",0.04689799777847,0.03955237,0.0318063308423676,0.0257463401181,0.0110723012,0.1104210495,1.00062894151314,9331.4351150207,7138.40585894591
"theta[32]",0.492968489461,0.49314021,0.0743511323676226,0.0750784043940001,0.3710222925,0.6157346425,1.00056845942396,10805.0786272486,8496.50535208278
"theta[33]",0.338107194032,0.33696816,0.0438092377266629,0.043471566642,0.26697115,0.411528363,1.00050664199313,9186.68234255227,7529.79044124848
"theta[34]",0.449903200734,0.448054115,0.0894745488457829,0.090776743995,0.3052399375,0.5995697425,1.00015320333185,11152.8911502065,7561.05813610313
"theta[35]",0.924941383213,0.93298396,0.0394259367240455,0.0356270781509999,0.849441165,0.9742162645,1.00018602940712,13120.0302786327,8576.25337419597
"theta[36]",0.48797772047,0.487333845,0.0936449374666407,0.096751673886,0.335874785,0.643555373,1.00054388344623,9101.28592542232,7504.01084349733
"theta[37]",0.418061749427,0.41737333,0.0655497639999945,0.066602165217,0.3112402195,0.527808571,1.00034959958087,7539.90769798315,7295.50367297563
"theta[38]",0.1252012631761,0.12211176,0.0339568148137202,0.0333519891621,0.0756337491,0.1862344705,1.00066190230605,10730.7197031076,8123.10633513611
"theta[39]",0.284065611153,0.264872535,0.134437413342276,0.135896213124,0.0978565161,0.536839678,1.00007026312981,11008.3470835017,7460.10732776666
"theta[40]",0.1420091905027,0.13912282,0.0364020938844411,0.035601466236,0.0878226414,0.2062281685,1.00055630114595,10770.8814699106,8510.8156366811
"theta[41]",0.05790010927788,0.050590485,0.0351833597261483,0.0300008150085,0.01590030305,0.127174651,1.00067399991757,9185.15659689122,7097.92935933821
"theta[42]",0.03382454856382,0.028112924,0.0233236717842681,0.0183132316143,0.00805321823,0.079167761,1.00061459567505,8360.16499278719,7877.71840716221
"theta[43]",0.877621704641,0.891295915,0.0678279584325075,0.0597535317330001,0.748460474,0.960708369,1.00014202374217,9133.75646230958,7592.48602936182
"theta[44]",0.05576664018022,0.0485074605,0.0334551510880996,0.0283880953608,0.0160821325,0.120444858,0.99994239384007,12110.9398385196,7700.5762340509
"theta[45]",0.531270885803,0.53107047,0.0556353889063284,0.054586863471,0.4376549885,0.622210471,1.00056455884396,11205.0443519208,8577.86653221992
"theta[46]",0.1174817762246,0.11433577,0.0331324011757972,0.032447175432,0.06925830585,0.177013417,1.00061189064142,10985.7212622329,8165.90585241357
"theta[47]",0.306735156228,0.30329469,0.0612611014822289,0.061922894292,0.212608679,0.41354179,1.00025672991943,11770.008528961,7433.5543266492
"theta[48]",0.3243764910658,0.319212,0.0860698332476025,0.087124833327,0.192054639,0.475308693,1.00104334428641,10871.7659352857,8457.38388147228
"theta[49]",0.567162008052,0.567772185,0.0588492036896589,0.0590015570129999,0.468554963,0.663977518,1.00021906093716,12360.5558649334,8367.392860823
"theta[50]",0.2480127854221,0.24306937,0.0613420914286043,0.061258489341,0.1557892865,0.357357329,1.00023324449191,11855.5812572229,7402.61156448038
"theta[51]",0.04487081300075,0.04037838,0.0241727573002381,0.0212958988662,0.0147981062,0.0918853558,1.0005652997169,9885.40870934595,7732.38395910733
"theta[52]",0.34783223311,0.345330785,0.0650093868711033,0.065027399388,0.2462355975,0.4594962155,1.0002891404681,9549.60645534621,7769.21351005912
"theta[53]",0.0578522111059,0.050138861,0.0362767679377484,0.0304626990234,0.0153010292,0.1294257865,1.00065088110858,9247.16195595157,6913.18926626807
"theta[54]",0.764257561775,0.772881,0.0822440148817606,0.0820544376960002,0.616067377,0.8833374155,1.0000558009501,8334.73602600084,7254.66004861393
"theta[55]",0.62353062356,0.62459963,0.0599912824865099,0.06015901542,0.5220905585,0.719999402,1.00041773571938,12228.5992879347,8633.82040408626
"theta[56]",0.06815809372127,0.064498094,0.0271474242096897,0.0257209995189,0.03078019615,0.1189444245,1.00077952171017,8896.54050600595,8181.45832852884
"theta[57]",0.771105174395,0.774325045,0.056785508424677,0.0572126444400001,0.669885407,0.857240641,1.00053164135228,11361.9371104247,8099.55181575764
"theta[58]",0.328630195266,0.32522559,0.076971978283584,0.078083923701,0.2090898145,0.461448856,1.00048928223064,8204.12333292136,7421.79065733265
"theta[59]",0.330437496449,0.32724476,0.073216395581148,0.072967522992,0.214845974,0.4586959635,1.00026883268381,10961.650519845,7555.68375667019
"theta[60]",0.3071505313332,0.299241545,0.0927942070780516,0.094955007315,0.168474397,0.471349724,1.0005073640298,11883.5729684831,8083.96339614648
"theta[61]",0.493150663402,0.493772055,0.0856019037459738,0.087398424918,0.35318338,0.6360457205,1.00040014949686,13766.7828094402,8221.37350194171
"theta[62]",0.1084741273455,0.10036277,0.0514526348855623,0.0478780658538,0.0406865714,0.204950856,1.00070446077887,8790.01453510216,6996.32779934148
"theta[63]",0.501661768422,0.50201497,0.0704515758646381,0.0703856640480001,0.3846099805,0.6197237855,1.00032151575495,13938.0201319636,8063.59717882298
"theta[64]",0.428556013985,0.42682045,0.0860839596782985,0.0868142805179999,0.290820738,0.572686789,1.00170041179871,11209.3489435105,8212.13066760459
"theta[65]",0.1341228355308,0.1271476,0.0507355782098496,0.048554949849,0.06461734735,0.2298259785,1.00042971644836,8732.74120450055,7457.35319149612
"theta[66]",0.779724000824,0.784256765,0.0600764158530778,0.060656835435,0.673963958,0.8698880455,1.00055992991845,12425.038171106,8400.51877609942
"theta[67]",0.2642344092048,0.26017695,0.0651760207031819,0.065656407264,0.165235452,0.3793758335,1.00027159234463,11128.6105340651,8064.39101405165
"theta[68]",0.04132170467138,0.0352675825,0.0261078512148292,0.0215560929423,0.01128289865,0.0927189104499999,1.00063166604939,8083.96885148525,7673.40716417174
"theta[69]",0.898432124176,0.905455875,0.0445023062721415,0.042272788173,0.813697588,0.957781156,1.00037810204924,13046.1689742278,8717.51411897448
"theta[70]",0.3171803275277,0.309484455,0.0920776758157533,0.094539152841,0.1783613335,0.4788046895,1.00037823150431,11662.5513408628,8295.6510575146
"theta[71]",0.812839327487,0.818976285,0.0626877030249249,0.061887971649,0.698828169,0.9044792785,1.00019178692697,12946.0267455484,8587.25878352124
"theta[72]",0.779399520929,0.783443155,0.0598135861512564,0.0598291072679999,0.673799012,0.8701571955,1.0004455922825,12010.242961093,9076.7855686875
"theta[73]",0.2108551641197,0.209010475,0.0401725614547887,0.039884415942,0.1484822725,0.2807672765,1.00069674382188,10248.5562095492,7541.59807620755
"theta[74]",0.764901190411,0.771144515,0.0725585427878209,0.0726208318079999,0.6373168095,0.8710110255,1.00046226778384,10030.8157018425,8287.32077067623
"theta[75]",0.400752394932,0.397023025,0.0892408147629607,0.09188250414,0.25938459,0.5532960695,1.00045401966481,11553.4746480389,8340.03563386702
"theta[76]",0.2431776556627,0.23858966,0.0631780038845211,0.06282984519,0.1463923905,0.3537637895,1.0010423406038,9360.00138588674,7721.76333813516
"theta[77]",0.378002375536,0.37623509,0.0677410930012262,0.06754733013,0.269634908,0.491886724,1.00036976542453,12099.9803025416,7850.11131807188
"theta[78]",0.2260579519082,0.22083423,0.0628019566883247,0.061497981132,0.131494963,0.3409040565,1.00047565031983,8654.14485014135,7131.8214642528
"theta[79]",0.736636201739,0.746132045,0.0913090072057742,0.091420703892,0.570843012,0.8696469985,1.00077416234161,11951.8920634947,8345.19394430774
"theta[80]",0.559343292145,0.56020664,0.0638556834957195,0.063182303688,0.451937535,0.664770755,1.00010463507941,12686.2521208722,8424.42017823466
"theta[81]",0.767342067907,0.77131806,0.0638300242008384,0.064108179975,0.653712537,0.8645383625,1.00020700916188,11549.9926773032,8439.75407829992
"theta[82]",0.257802742334,0.252823925,0.0625114381142467,0.0624539097209999,0.163824196,0.3693573285,1.00030086441584,11897.2023858445,7631.20130692886
"theta[83]",0.321299708748,0.31795543,0.0672855071571927,0.067497714921,0.216162955,0.438682957,1.00028040629604,11382.2111102297,7880.72486098734
"theta[84]",0.600089865112,0.60146396,0.0719600062269668,0.071140774467,0.4781989985,0.718852313,1.00045740453094,12642.147478467,8797.41269586968
"theta[85]",0.714183526909,0.717122365,0.0655767821039781,0.0662805818640001,0.6002252415,0.816412714,1.00059956310321,12136.3497200572,8703.893912144
"theta[86]",0.570319152863,0.57048988,0.0654861372753124,0.065150247624,0.458500175,0.6765614975,1.00058611885748,12155.4142172704,8645.40747683511
"theta[87]",0.03805727742406,0.034327894,0.0198586013801428,0.0176200531038,0.01315065555,0.0764604231,1.00063740872456,9346.84345671655,8105.15913233448
"theta[88]",0.868065091878,0.876380485,0.0571287052255612,0.054008271408,0.7615186485,0.945300503,1.0000774706626,12536.5052227173,9129.655762405
"theta[89]",0.296604489549,0.29495223,0.0531217065670671,0.052901006424,0.211919024,0.3886112475,1.00069412895235,9263.50664893177,7457.26731696162
"theta[90]",0.06513873740117,0.0603445725,0.0309367072588575,0.028484815737,0.0245603559,0.1238479305,1.00058792100007,9698.67668075842,7605.14278978056
"theta[91]",0.845483474933,0.85991886,0.0790022108811375,0.0730546553939999,0.695435955,0.946338989,1.00013039851789,8538.12604568536,6992.28226626318
"theta[92]",0.504821091727,0.50447851,0.0557950038284216,0.055596343572,0.413088205,0.597853466,1.00024403121698,11542.5140075766,8194.07459628922
"theta[93]",0.424080499147,0.421924045,0.0940631147937065,0.095367118224,0.273892259,0.583452357,1.00007750269544,10275.075984241,7954.46042508027
"theta[94]",0.2143124212818,0.205103135,0.0786325455003429,0.077591159352,0.1011107625,0.3583700955,1.00008460691826,13672.2742760002,7767.88366825005
"theta[95]",0.1926764101525,0.18993483,0.0442900997419222,0.04332609393,0.1247020375,0.2708531575,1.00089847738714,8392.20207864258,6917.01248410917
"theta[96]",0.344959124939,0.34165089,0.0760721860292202,0.075690199284,0.2246731945,0.4770425695,1.00020573530507,9779.67615101526,8057.77571207978
"theta[97]",0.1421009214824,0.133104995,0.06045259025427,0.0577383069417,0.06032727505,0.2549460885,0.999923356099023,8666.23432889031,7392.02107513383
"theta[98]",0.203791712931,0.19668468,0.0663382991630147,0.066342458175,0.108438822,0.3243711065,1.00007553312196,10984.5662121719,7790.49353554005
"theta[99]",0.2375228828416,0.233301515,0.0611105093584408,0.060218104443,0.144265729,0.347675717,1.00050978502087,8778.79361338782,7208.06510389913
"theta[100]",0.300588792699,0.297039935,0.0602167154124572,0.06057177126,0.207978833,0.405776497,1.00017469023204,11442.1506605763,7352.7191121952
"theta[101]",0.1826724836876,0.17418694,0.070609757707172,0.069069782418,0.08253179215,0.3120107875,1.00011262316656,13837.1021442468,8190.70225887589
"theta[102]",0.630876265846,0.633625405,0.0690190458213218,0.069799977744,0.512824671,0.7414994935,1.00049085393796,12813.7440809541,7403.39216342438
"theta[103]",0.2216599915845,0.21780544,0.0570005929422749,0.056982878505,0.134195372,0.3215129845,1.00134501750442,8880.33530701385,7385.56438151714
"theta[104]",0.06686928997928,0.0566827865,0.0431140981017253,0.0361506071913,0.0168137881,0.1521619655,1.00004053782329,10198.3884050514,7499.59673895887
"theta[105]",0.03554564675372,0.029668784,0.0243194025591684,0.0192377327898,0.008478958305,0.08352200855,1.00063473335424,8706.63486021586,7222.4532195019
"theta[106]",0.470491898592,0.470182795,0.0683798981847933,0.069840927156,0.357594804,0.5827574995,1.00021826813583,7674.22775180429,7572.78923230906
"theta[107]",0.693616062926,0.69753946,0.0679919755365526,0.068523281232,0.576001137,0.8004000265,0.999942717131016,7514.9847748237,7536.63134854241
"theta[108]",0.1066861388084,0.10315875,0.0344369559102753,0.0332157819588,0.05724517355,0.1697014965,1.00085467088072,8223.93097744178,7089.92184176379
"theta[109]",0.66726965913,0.670682625,0.0782190266671323,0.0785029287,0.5320967595,0.7905837545,1.00003502852961,8155.13700877824,8028.62116434394
"theta[110]",0.2558273555387,0.2524229,0.059876307647859,0.060238208499,0.1630740715,0.358281674,1.00102265028294,8913.54138198238,7852.28715234434
"theta[111]",0.548719966338,0.549603265,0.112668562999795,0.117003989886,0.3614500115,0.7314607915,1.00072791018041,13219.061367217,8456.9944008033
"theta[112]",0.783553944465,0.788556065,0.0626601477407889,0.0623480372549999,0.6718137145,0.8772381365,1.00033150421444,11305.4952014135,9076.6333440164
"theta[113]",0.922763021559,0.937973095,0.0576308258030572,0.0448946105999999,0.8105887935,0.984274733,1.00002425104102,13049.6339993811,8261.51443403632
"theta[114]",0.292712697321,0.290751385,0.0533620033692734,0.053215250907,0.2084129565,0.384989554,1.00043920722751,9985.24342547025,7719.8726617824
"theta[115]",0.0754588908649,0.07158815,0.0286491634558645,0.0270925846548,0.0364215,0.1290558995,1.00040354886256,11486.4057643144,8635.56836271092
"theta[116]",0.75546971987,0.762549095,0.0775568411971431,0.077502077331,0.615448655,0.8704403805,1.00028186018148,12593.366963236,8258.85105836761
"theta[117]",0.1884570062949,0.179704905,0.0700774325702837,0.068655855324,0.09071782635,0.3192947835,1.00015302542229,8283.22830278848,7516.37083847749
"theta[118]",0.3760993393,0.37384774,0.0576632833362701,0.057154252239,0.285303588,0.4746534015,1.00006607048746,10724.6230941633,7729.51503853832
"theta[119]",0.2568646919195,0.25133333,0.0655336784284228,0.06500993436,0.158303952,0.3747493645,1.00033378815271,11618.5477012806,7921.77559135724
"theta[120]",0.532832737626,0.533216005,0.057346170646487,0.057908851161,0.438990038,0.6272737,1.00021193067257,9653.92681448845,8217.27231508305
"theta[121]",0.1919485325147,0.188121095,0.0521430420149212,0.052213183806,0.1124706095,0.283128327,1.00114217800579,8471.56365551155,7240.5403938704
"theta[122]",0.389293384122,0.38646933,0.0860726357409073,0.087615418254,0.2523676415,0.5362287625,1.00031658741209,13297.6031628442,7689.87531093748
"theta[123]",0.347433996036,0.346095985,0.0550358366758142,0.055414940049,0.2587032375,0.441442342,1.00064258545914,9595.49363734076,8329.19742487022
"theta[124]",0.822676094969,0.830476145,0.063377155471429,0.061387030761,0.7082958955,0.913363942,1.00016090789509,10967.4738216215,9556.34229897326
"theta[125]",0.501901662814,0.50126184,0.0965657401236436,0.0985761540329999,0.343369192,0.660134686,1.00123472813057,11602.1253994243,8331.31791874162
"theta[126]",0.2963115996288,0.292834225,0.0682872500622631,0.068782291452,0.190486541,0.4144925435,1.00064701577769,8489.74592548167,7387.9129293074
"theta[127]",0.396749185077,0.39480043,0.0799048720766977,0.080663032422,0.2695451365,0.532160097,1.00060392674065,13451.0019048824,8174.5336314464
"theta[128]",0.2280233667614,0.22532494,0.0473388696230948,0.04735609725,0.15470174,0.310787678,1.00057087725147,9839.51076752768,7414.45711048946
"theta[129]",0.707097522493,0.71279671,0.079524924880723,0.080002452579,0.5667384655,0.8282043075,1.00027249379812,9408.76930636035,9168.80562858748
"theta[130]",0.4523264423968,0.44891291,0.129670478839361,0.136036192803,0.2439356315,0.6704818475,1.00070951119356,10421.8557137729,8613.61494339264
"theta[131]",0.667534894567,0.670682935,0.0684543571602687,0.068853708294,0.5500258025,0.774697591,1.0005105953914,12347.988116247,8167.43014606512
"theta[132]",0.04497398327764,0.035583193,0.034345082087358,0.0258808623465,0.008859158945,0.113110362,1.00002960060094,9684.42145711735,8141.18033462466
"theta[133]",0.791591135194,0.80418229,0.0878235585791965,0.085188439119,0.628507435,0.912685152,1.00050947727539,11000.2627092852,8468.97225399407
"theta[134]",0.745766907393,0.749377015,0.062127407669537,0.0622575690030001,0.6367367925,0.841249518,1.00051229816674,11854.9515769896,8907.43424664902
"theta[135]",0.817974768948,0.83186987,0.0832412245302102,0.079472089494,0.660457538,0.9298650355,1.00005504822724,11504.9763559114,8014.77478119621
"theta[136]",0.61403040423,0.615228265,0.0764149137409584,0.0768120308130001,0.481944509,0.7354634475,1.00084769073683,12346.7541527639,8894.3575427106
"theta[137]",0.470757883318,0.469512225,0.0822665146904086,0.083427518034,0.336495697,0.607395885,1.00002709111725,10927.6386212973,8397.03499404246
"theta[138]",0.388406984219,0.38791014,0.0454444088716474,0.045404009721,0.3140455425,0.4644749465,1.00038556662366,9205.78485583567,7623.03733596416
"theta[139]",0.813436301053,0.82563012,0.0838327114791321,0.080996913942,0.654293809,0.9283760355,1.0002823762966,13627.6706151363,8299.37685964953
"theta[140]",0.1087113485537,0.105178755,0.0342510905408285,0.0332755455648,0.05962927615,0.171061308,1.00043704587517,11034.0511583654,8663.88290582867
"theta[141]",0.63184291814,0.636593795,0.117466601216768,0.122161399311,0.4287491165,0.813402347,1.00055259639562,13172.7957145588,7561.24927956518
"theta[142]",0.684543452277,0.689231615,0.0754036547695063,0.076184246082,0.5545903425,0.8021423615,0.999931716745854,11029.6437696825,8135.69698456645
"theta[143]",0.754744533127,0.769450685,0.1119827683206,0.110258159886,0.5426583995,0.908399711,1.00015947502318,8645.89890979093,8224.9402491436
"theta[144]",0.2092907885688,0.200589525,0.0758131348614064,0.07323443547,0.1004869325,0.3505291725,1.00058055002201,8877.15147367972,8054.39243212154
"theta[145]",0.333663901315,0.332104065,0.0578912001422084,0.057900333624,0.241638185,0.4330846205,1.00033573892775,10166.3052684499,8023.20184341242
"theta[146]",0.702178177244,0.70515102,0.0615076400500604,0.061505053134,0.596751224,0.7997720715,0.999893822288731,8313.72684247186,8139.76793083707
"theta[147]",0.704651672568,0.707388565,0.0661319951121526,0.0668747041619999,0.590011572,0.8081569,1.00060691331763,12104.0907891106,8639.82436958774
"theta[148]",0.29799417282,0.29353591,0.0673951949449899,0.06846387345,0.193949518,0.4137337535,1.00036021709952,7890.32096019009,7316.99754809619
"theta[149]",0.729187382803,0.73196867,0.0608909698033298,0.061683825042,0.6231057065,0.82348912,1.00051645435507,11067.1581479679,7968.97432555269
"theta[150]",0.482508246187,0.48172969,0.0566186067639362,0.056841075228,0.3906073245,0.576668605,1.00017687491186,9699.67112802359,8298.34159140787
"theta[151]",0.2131713556165,0.21092724,0.0495065047294613,0.049822009461,0.135674934,0.299875606,1.00082081560192,8147.83120635599,7175.93955533348
"theta[152]",0.392224589356,0.387571325,0.101883679585929,0.105515515224,0.232231464,0.56839013,1.00039798747728,10370.102804679,7377.61057683952
"theta[153]",0.359797996295,0.358747335,0.0564654883950094,0.056419572048,0.2694565245,0.454669542,1.00058980457724,7882.49757535822,7557.50442127457
"theta[154]",0.811326710528,0.818232665,0.0644189843533048,0.0627148992120001,0.692288325,0.905241327,1.00042194569074,13410.2814865234,8660.23441919727
"theta[155]",0.668072903428,0.67026206,0.0682611256179622,0.070024028256,0.5520117245,0.773547635,1.00055203447193,12068.7179246937,8186.38836274
"theta[156]",0.2675917743659,0.2610667,0.0780408204706724,0.077062545735,0.150355615,0.4088731825,1.00025187472579,9139.44034459478,7792.17593141602
"theta[157]",0.1230341642735,0.113694895,0.0547385453724337,0.0503031101958,0.05123944,0.2268530905,1.00033056504054,12474.5371146682,7926.7920286571
"theta[158]",0.788984045351,0.792854765,0.0544271004883115,0.055040027574,0.6918303585,0.870504283,1.00054785597712,11529.3517216963,8017.70711498777
"theta[159]",0.516638694078,0.51733971,0.0750477872258309,0.076114252536,0.3928280855,0.6405278385,1.00033218221895,13607.0532482253,7400.10916755633
"theta[160]",0.3074413821013,0.30064747,0.0910251697829064,0.093287897745,0.169507704,0.4680466535,1.00041459455019,8513.1960526515,8115.89363710732
"theta[161]",0.326351254498,0.325163805,0.043348326436025,0.042826035189,0.2560941515,0.3987605315,1.00054407385151,9333.04372177595,7435.71179294502
"theta[162]",0.1772726178645,0.16764536,0.0711903143454633,0.06894771996,0.0806909307,0.311949676,1.00006155635271,7945.68980246822,7498.83531129944
"theta[163]",0.691043484268,0.69740494,0.0895009432660289,0.090833572053,0.533397883,0.8263423105,0.99990521131715,7274.36448123537,7310.39097862839
"theta[164]",0.694896590199,0.699913885,0.073838899685835,0.073451317611,0.5647354265,0.8080801725,1.0004287644735,11422.1991478097,7894.70857696207
"theta[165]",0.2375326268662,0.23472169,0.0449447010252809,0.044829391026,0.1672172705,0.315326815,1.00046706566475,9256.21985583906,7758.83955726902
"theta[166]",0.03467300685444,0.028653354,0.0248194904250339,0.0193581547509,0.00767934724,0.0834561707499999,1.00062560161165,9003.22238367023,7244.64055026225
"theta[167]",0.678943598229,0.682731705,0.0695853490323601,0.0700429684709999,0.5594059525,0.7883195335,0.999975231398455,7387.86897944424,7427.76995622285
"theta[168]",0.379035071777,0.376884875,0.0636838784056967,0.063587409312,0.2766482055,0.486853551,1.00019102009292,11632.6207777618,7771.93919962563
"theta[169]",0.518190747305,0.518110955,0.080765141263975,0.0811470197790001,0.3838487995,0.6512456465,1.00006160238893,11677.1776703277,8055.17308614291
"theta[170]",0.608652747382,0.61205013,0.0974553097892213,0.102230970597,0.441131847,0.7618666005,1.00070017414677,10019.1247586864,8315.86887793674
"theta[171]",0.821507677724,0.83373232,0.0799157846362137,0.0763320835409999,0.6704190105,0.9296768935,1.00027511361039,13030.3002355535,8306.84155366964
"theta[172]",0.884052011396,0.89572684,0.0608474356518118,0.055312017957,0.7684705705,0.9611410535,1.0001563925488,13426.8967313591,8820.63601777725
"theta[173]",0.483590203643,0.483545175,0.0716924956631759,0.071860680549,0.366758624,0.602298842,1.00033373131111,11400.4336931052,8612.07567652214
"theta[174]",0.741648240548,0.745139125,0.0643758685946376,0.064467324999,0.627942617,0.8410628175,1.00018337482909,10973.2558081816,8527.63065614138
"theta[175]",0.335743948521,0.33313611,0.0592136952459929,0.05950837641,0.2433525715,0.437969658,1.00011825417217,11013.972654891,7132.43054997295
"theta[176]",0.3360335850565,0.33099534,0.0863544917809165,0.086804843769,0.20115446,0.487542075,1.00028295256692,10244.143991312,7944.99019267911
"theta[177]",0.1703120722335,0.163514055,0.058321597414794,0.056790044136,0.0877049134,0.27774946,1.00014230638642,9913.21129048471,8520.81913940048
"theta[178]",0.04578446629098,0.041958467,0.022405716104673,0.0203707305207,0.01688821975,0.0888489178,1.00066157401049,9437.27753158122,7941.68573555347
"theta[179]",0.2390656480778,0.23471431,0.0615375121374071,0.061360751676,0.144541917,0.3464203665,1.00097189323146,9254.70801456911,7953.87471648782
"theta[180]",0.534531052907,0.535807155,0.115636740295359,0.12288300297,0.3421022605,0.7214169405,1.00066039587693,9760.66844209461,7890.65686614064
"theta[181]",0.110449313615,0.106356045,0.0359160666048087,0.0343668614793,0.0590006759,0.176646002,1.0008078507699,8109.50869426598,6915.23059046372
"theta[182]",0.438662471474,0.43790579,0.0612515681963949,0.062075476071,0.340066321,0.540395243,1.00013275891356,7274.39714381157,7385.98447262078
"theta[183]",0.06050257669767,0.056689313,0.0266053662014919,0.0249133264821,0.024687327,0.1108669145,1.00069875988197,9419.18686648539,7882.67748359939
"theta[184]",0.09497305554904,0.087067736,0.0440252141734836,0.0400813837998,0.03853491745,0.179143923,1.00001394217487,9812.45777227719,8371.78670846492
"theta[185]",0.692496803111,0.697469965,0.0757288908538962,0.0754906635629999,0.558789514,0.808895375,1.0004005060117,11271.1718200513,7708.94461829791
"theta[186]",0.282603736807,0.27790693,0.0748697059899153,0.075694595193,0.169932271,0.4134902565,0.999983457654578,9951.39615311022,8182.57634911715
"theta[187]",0.05319556716084,0.045153023,0.0352968093068476,0.0289502253747,0.0129859168,0.1231243775,1.00062371485406,9332.29016327039,6851.3906832521
"theta[188]",0.1261897993288,0.112492155,0.0680621655294638,0.0619186407126,0.04231847705,0.2579323935,1.00030210879127,10598.7807707928,8048.01372237156
"theta[189]",0.1712669662331,0.16889612,0.0409210117831479,0.039612003018,0.1088286465,0.243379439,1.0009886019687,8337.45716148647,6946.90482113485
"theta[190]",0.1971478916583,0.195235455,0.0390245471787218,0.038627400945,0.1369889685,0.2650759245,1.00069324870427,10382.1042059796,7744.6058348241
"theta[191]",0.1610084224869,0.15456769,0.0542769320408474,0.052183020309,0.0834014042,0.2599313175,1.00045152166739,13314.6860968441,8091.6573198732
"theta[192]",0.708951946733,0.71145524,0.0594934773675835,0.0596023880759999,0.607769384,0.8035440675,0.999987164029673,8871.88524948259,8054.52265852489
"theta[193]",0.303522019262,0.302511,0.042613731468504,0.042421693104,0.234619869,0.374941954,1.00060010297742,9608.6443850189,7514.90816872177
"theta[194]",0.1608849595828,0.151903875,0.0629723677279966,0.060939641385,0.07439445985,0.278492152,1.00021903059669,11409.2958363906,7739.84328312127
"theta[195]",0.729277347007,0.7354336,0.0773925832790003,0.078062989389,0.591734366,0.847011491,1.00037716836441,13868.1409402083,8429.14630737556
"theta[196]",0.1226593042281,0.11642241,0.0481371121039204,0.04608009756,0.05598504015,0.211769239,0.999885107148778,10855.1239974019,7625.03286073636
"theta[197]",0.2221370628878,0.22037123,0.046823493111939,0.046923081681,0.147914581,0.3035623425,1.00092636542679,8165.87967950072,7513.92863008188
"theta[198]",0.525076781723,0.524900565,0.0555975030378551,0.055742772561,0.4336334365,0.616351724,1.00022564615093,11033.8001693633,8157.10899494436
"theta[199]",0.3409658076418,0.334446025,0.0921271775453278,0.09389298387,0.2002991575,0.5004625005,1.0004330560335,10861.4058004065,8431.80249288674
"theta[200]",0.573802895198,0.577568775,0.0922467404174423,0.095070294291,0.417742429,0.721962085,1.00036205532979,12777.0311417879,8306.7513663858
"theta[201]",0.783012373873,0.787236985,0.0587083445125098,0.058519956642,0.6782804025,0.871440143,1.00049409327444,12342.2913710093,8941.34732882315
"theta[202]",0.849765873151,0.869200035,0.093287053637144,0.083607283284,0.668461912,0.9617154645,1.0003236505361,10215.5415913235,7571.40148282605
"theta[203]",0.05088643181791,0.047153395,0.0240192259296919,0.0221160338973,0.01939269685,0.0970381992,1.00067264279537,9465.4860408303,7963.42130149703
"theta[204]",0.28091485289,0.279595515,0.0443356362924263,0.044501380602,0.21080741,0.3561768005,1.00061460534068,10118.3455975592,7451.74923736801
"theta[205]",0.310968969022,0.30779503,0.0599602838143925,0.0609415984169999,0.2180794995,0.415043931,1.00021134850927,11628.2143529009,7462.85720343562
"theta[206]",0.2361438541416,0.229127025,0.0759244179721934,0.076331890803,0.125636894,0.373389366,1.00000310787803,8536.26866865917,8024.07786020929
"theta[207]",0.2640643162528,0.26024099,0.0629155894691102,0.063173111568,0.16628438,0.373673179,1.00078217786901,8498.17593956372,7579.70953722513
"theta[208]",0.3290209722601,0.32566923,0.0767539012637968,0.077173540584,0.209463316,0.462614896,1.00003294900753,10988.7571134323,8293.95609612467
"theta[209]",0.0704496905167,0.0662323395,0.0284135977138558,0.0265737880737,0.03197527505,0.1236162595,1.00073905325718,8215.98835952317,7372.8435842912
"theta[210]",0.578285721184,0.579215115,0.0765052360626105,0.078684673221,0.449947603,0.7005828695,1.00058065273666,10579.4668099369,8713.42635352241
"theta[211]",0.637580092905,0.64043194,0.0689915540252978,0.069810281814,0.519729962,0.7477391155,1.00050158176538,12729.9289469715,7670.81377527187
"theta[212]",0.699621858683,0.70370796,0.0737162719458232,0.0746229645,0.5697158635,0.813710979,1.00019887279747,12879.6692271691,8606.42370398391
"theta[213]",0.06886581604521,0.059891571,0.0397907681241238,0.0335474180811,0.02175442005,0.1477711925,1.00050394993621,7480.50234364693,6964.21645491497
"theta[214]",0.2549079079363,0.251374065,0.0595724622002511,0.058579201338,0.162645278,0.3610594305,1.00054769911362,8972.57244263913,7446.11538759555
"theta[215]",0.801209549407,0.80837575,0.068651364515612,0.067652839359,0.6779426115,0.8987402425,1.00046930267221,9713.58569859145,8299.18127312356
"theta[216]",0.328289214858,0.32576013,0.0591788137177405,0.059633292873,0.2360181645,0.430511753,1.00015673102278,11316.3828631975,7480.36821845022
"theta[217]",0.2482095703436,0.24317197,0.0682401241652335,0.067966031196,0.143658691,0.367502914,1.00013482773543,14060.563922573,7621.30974182923
"theta[218]",0.08551222889274,0.0800995525,0.0371162274813767,0.0349347343443,0.0352768469,0.155396268,1.00086395886021,8202.88629781675,7491.49417691167
"theta[219]",0.746518524175,0.754654275,0.0836081594563648,0.082583888982,0.595241752,0.8705737485,1.00030483552799,9894.99876284057,9332.38725658985
"theta[220]",0.509632351822,0.510385605,0.0900615344264951,0.092035678959,0.3591873615,0.65824797,1.00021029412585,12386.6468500687,8288.07437560023
"theta[221]",0.119114069686,0.113645325,0.0422348033581639,0.0403835428689,0.0598543466,0.197957361,1.00046690299322,10263.8393129988,8844.43942262822
"theta[222]",0.81988770222,0.83302712,0.0844764704616473,0.080845503417,0.6587097935,0.933622753,1.00031104102295,13564.2530219486,8298.9684432898
"theta[223]",0.446909649974,0.44546075,0.0597523697456733,0.05989874499,0.349336358,0.54689138,1.00004841393589,11935.624413535,7922.43876006507
"theta[224]",0.3108958668553,0.30540914,0.0832095852485321,0.083550536769,0.1838165145,0.4591436085,1.00026816841746,9507.78031746326,8190.83379787591
"theta[225]",0.0903480601904,0.0857714235,0.0318936926551906,0.0300554591967,0.04646508225,0.1490437745,1.00059176748653,9829.19771069625,7737.54038602135
"theta[226]",0.474765533272,0.4749141,0.0839313975560003,0.084644992089,0.3382351725,0.6158476985,1.00050325143171,13664.0717506211,8364.00200405377
"theta[227]",0.601228746812,0.605045915,0.10001748757418,0.104855357922,0.4306035775,0.7598045125,1.00069244579816,9761.80099415441,8226.2265981588
"theta[228]",0.563950206539,0.5647065,0.0792537688379894,0.081452620704,0.432360346,0.6924417505,1.0005618163648,9527.18387447014,7587.52798939827
"theta[229]",0.491242335911,0.490616145,0.0548660802148896,0.054939336795,0.401877373,0.58126198,1.00009265756201,7754.66609639335,7475.15024252955
"theta[230]",0.1450597339959,0.13619189,0.0585911882372052,0.0558777959082,0.0656391418,0.254080726,1.00024755924645,12047.5878132055,7711.29974729639
"theta[231]",0.1678574379451,0.159887655,0.0638283282138348,0.062204084208,0.07782751195,0.2836815375,1.00001514924462,10782.1569976332,7422.96408719537
"theta[232]",0.29594545147,0.29261302,0.0587848399639737,0.059567257869,0.203871395,0.397454484,1.00038919042733,8035.19569960079,7448.92279590458
"p_pred[1]",0.491673487031,0.491220155,0.05591153004072,0.056093807763,0.4012212045,0.584391909,1.00017177318904,10002.5954477737,8231.54205525275
"p_pred[2]",0.07864044658594,0.074792956,0.0316694610269267,0.0300709249386,0.0348397152,0.1383234435,1.00070677205491,9402.580287394,7653.15986652726
"p_pred[3]",0.571330587875,0.5732082,0.0798139732939394,0.0812145892740001,0.436292725,0.700920036,1.00000431313056,7481.93988489474,7747.18415936651
"p_pred[4]",0.748881634764,0.760193965,0.0937717739423047,0.0935934171270001,0.578246601,0.883793384,1.00061881404342,10661.4969352482,8353.70252145088
"p_pred[5]",0.0879641258372,0.0830368315,0.0336774990288287,0.0318097723335,0.0416162329,0.1508974695,1.00030311076101,11047.747780547,8680.21189280658
"p_pred[6]",0.698274805418,0.70767672,0.110952768553986,0.112807149588,0.496108884,0.8616306425,1.00030050948093,9368.76677227986,8115.08850703188
"p_pred[7]",0.731959648878,0.735282555,0.0627111620378365,0.063156995706,0.622245816,0.8290512465,1.0005622234101,11988.588009991,8647.18682502049
"p_pred[8]",0.616280236757,0.619915885,0.0826140798814843,0.084685155723,0.4758261055,0.7465089695,1.0004304788055,9271.69887905943,8909.90276883166
"p_pred[9]",0.2147465735969,0.201392155,0.0935887856861163,0.089715995586,0.0855647543,0.392397508,1.00051441305283,12697.5006599462,8163.77603580249
"p_pred[10]",0.414090515249,0.411751755,0.0927887596215269,0.094329209268,0.266730342,0.5709837125,1.00109560860177,12182.6958417992,8710.83181539203
"p_pred[11]",0.11123306393613,0.10114771,0.0571705934471401,0.052385869641,0.03818145285,0.218839494,1.00062506492118,8812.077890594,6903.80779208894
"p_pred[12]",0.263179104477,0.26093102,0.0512987263399194,0.051250190628,0.1834734185,0.3526814385,1.00049677620298,9870.30661987871,7567.03232446421
"p_pred[13]",0.423079868506,0.42144823,0.0611621599977903,0.061316881542,0.3250356435,0.5251654395,1.00056730571823,9113.36294510913,7681.69744804901
"p_pred[14]",0.759145181159,0.76358517,0.0637353590216764,0.06403445769,0.646586692,0.856306185,1.00039569874102,11278.6672493787,8941.78018103033
"p_pred[15]",0.03739784448073,0.0315606025,0.0247351267354458,0.0199735894239,0.009449081575,0.08555094135,1.00064693127291,8520.88203516859,7718.97925295775
"p_pred[16]",0.489962005451,0.48954826,0.07176773828658,0.0723345788129999,0.3721708335,0.6089422725,0.999981247363022,11717.086136785,8623.70962660806
"p_pred[17]",0.393918553303,0.39194438,0.0688396989956326,0.068912789904,0.2841853025,0.509688591,1.00052370106586,8651.18422762441,7819.65385247262
"p_pred[18]",0.879779048709,0.89245048,0.0651110912121383,0.0589682578170001,0.755584658,0.9616977065,1.00013462444843,12523.7502433174,8883.32314156632
"p_pred[19]",0.795904853584,0.80338357,0.0652415112074288,0.0638199996,0.6771411195,0.890356212,1.00071175284254,11720.3738112321,8033.45851773438
"p_pred[20]",0.360804331325,0.35947477,0.0556440798946678,0.056103103665,0.2715782805,0.4553741,1.00055434893059,9654.17518395325,8268.82157479153
"p_pred[21]",0.0486692718869,0.0392005325,0.0359422486824844,0.0277433178099,0.0100974403,0.119840521,1.00003026387371,9768.46898677924,8072.7530727313
"p_pred[22]",0.683972383652,0.686213545,0.0579742640831842,0.057315811161,0.585983378,0.7769353735,1.00044402394198,10651.682748937,8475.95099000279
"p_pred[23]",0.2621809575959,0.25828495,0.0646159769106957,0.065312058588,0.163634633,0.3743362735,1.00023413508137,10107.0013880134,7666.79856179553
"p_pred[24]",0.435838707669,0.434205575,0.0800364647654728,0.081432687147,0.306332473,0.57011544,1.00005159760572,7885.72270288841,7341.1438090702
"p_pred[25]",0.665201899997,0.66843386,0.0690632684298047,0.069076572726,0.5459016195,0.7732554855,1.00057696245763,12266.4261225147,7904.81647476453
"p_pred[26]",0.05266633703939,0.0478216545,0.0273095880132828,0.0244744650213,0.01807453585,0.1056097525,1.00056099644301,9852.00854353529,7608.57865249957
"p_pred[27]",0.389291162209,0.384927805,0.0907302977820837,0.092848143759,0.2458180785,0.545457072,1.00056902583035,11791.5566058442,8268.47954596656
"p_pred[28]",0.767591757952,0.77540202,0.0780783152932523,0.078034819989,0.625477334,0.8816710165,1.00036385652591,12833.6441897204,8273.50894179033
"p_pred[29]",0.7515917751,0.75841527,0.0783825930796375,0.07891620345,0.6107089465,0.868738547,1.00040509970734,13793.7842297362,8462.14689098523
"p_pred[30]",0.826445360571,0.836022215,0.0678603513722688,0.0654203180400001,0.6992919225,0.92012505,1.000043265376,7400.67140676186,7452.66111260852
"p_pred[31]",0.04689799777847,0.03955237,0.0318063308423676,0.0257463401181,0.0110723012,0.1104210495,1.00062894151314,9331.4351150207,7138.40585894591
"p_pred[32]",0.492968489461,0.49314021,0.0743511323676226,0.0750784043940001,0.3710222925,0.6157346425,1.00056845942396,10805.0786272486,8496.50535208278
"p_pred[33]",0.338107194032,0.33696816,0.0438092377266629,0.043471566642,0.26697115,0.411528363,1.00050664199313,9186.68234255227,7529.79044124848
"p_pred[34]",0.449903200734,0.448054115,0.0894745488457829,0.090776743995,0.3052399375,0.5995697425,1.00015320333185,11152.8911502065,7561.05813610313
"p_pred[35]",0.924941383213,0.93298396,0.0394259367240455,0.0356270781509999,0.849441165,0.9742162645,1.00018602940712,13120.0302786327,8576.25337419597
"p_pred[36]",0.48797772047,0.487333845,0.0936449374666407,0.096751673886,0.335874785,0.643555373,1.00054388344623,9101.28592542232,7504.01084349733
"p_pred[37]",0.418061749427,0.41737333,0.0655497639999945,0.066602165217,0.3112402195,0.527808571,1.00034959958087,7539.90769798315,7295.50367297563
"p_pred[38]",0.1252012631761,0.12211176,0.0339568148137202,0.0333519891621,0.0756337491,0.1862344705,1.00066190230605,10730.7197031076,8123.10633513611
"p_pred[39]",0.284065611153,0.264872535,0.134437413342276,0.135896213124,0.0978565161,0.536839678,1.00007026312981,11008.3470835017,7460.10732776666
"p_pred[40]",0.1420091905027,0.13912282,0.0364020938844411,0.035601466236,0.0878226414,0.2062281685,1.00055630114595,10770.8814699106,8510.8156366811
"p_pred[41]",0.05790010927788,0.050590485,0.0351833597261483,0.0300008150085,0.01590030305,0.127174651,1.00067399991757,9185.15659689122,7097.92935933821
"p_pred[42]",0.03382454856382,0.028112924,0.0233236717842681,0.0183132316143,0.00805321823,0.079167761,1.00061459567505,8360.16499278719,7877.71840716221
"p_pred[43]",0.877621704641,0.891295915,0.0678279584325075,0.0597535317330001,0.748460474,0.960708369,1.00014202374217,9133.75646230958,7592.48602936182
"p_pred[44]",0.05576664018022,0.0485074605,0.0334551510880996,0.0283880953608,0.0160821325,0.120444858,0.99994239384007,12110.9398385196,7700.5762340509
"p_pred[45]",0.531270885803,0.53107047,0.0556353889063284,0.054586863471,0.4376549885,0.622210471,1.00056455884396,11205.0443519208,8577.86653221992
"p_pred[46]",0.1174817762246,0.11433577,0.0331324011757972,0.032447175432,0.06925830585,0.177013417,1.00061189064142,10985.7212622329,8165.90585241357
"p_pred[47]",0.306735156228,0.30329469,0.0612611014822289,0.061922894292,0.212608679,0.41354179,1.00025672991943,11770.008528961,7433.5543266492
"p_pred[48]",0.3243764910658,0.319212,0.0860698332476025,0.087124833327,0.192054639,0.475308693,1.00104334428641,10871.7659352857,8457.38388147228
"p_pred[49]",0.567162008052,0.567772185,0.0588492036896589,0.0590015570129999,0.468554963,0.663977518,1.00021906093716,12360.5558649334,8367.392860823
"p_pred[50]",0.2480127854221,0.24306937,0.0613420914286043,0.061258489341,0.1557892865,0.357357329,1.00023324449191,11855.5812572229,7402.61156448038
"p_pred[51]",0.04487081300075,0.04037838,0.0241727573002381,0.0212958988662,0.0147981062,0.0918853558,1.0005652997169,9885.40870934595,7732.38395910733
"p_pred[52]",0.34783223311,0.345330785,0.0650093868711033,0.065027399388,0.2462355975,0.4594962155,1.0002891404681,9549.60645534621,7769.21351005912
"p_pred[53]",0.0578522111059,0.050138861,0.0362767679377484,0.0304626990234,0.0153010292,0.1294257865,1.00065088110858,9247.16195595157,6913.18926626807
"p_pred[54]",0.764257561775,0.772881,0.0822440148817606,0.0820544376960002,0.616067377,0.8833374155,1.0000558009501,8334.73602600084,7254.66004861393
"p_pred[55]",0.62353062356,0.62459963,0.0599912824865099,0.06015901542,0.5220905585,0.719999402,1.00041773571938,12228.5992879347,8633.82040408626
"p_pred[56]",0.06815809372127,0.064498094,0.0271474242096897,0.0257209995189,0.03078019615,0.1189444245,1.00077952171017,8896.54050600595,8181.45832852884
"p_pred[57]",0.771105174395,0.774325045,0.056785508424677,0.0572126444400001,0.669885407,0.857240641,1.00053164135228,11361.9371104247,8099.55181575764
"p_pred[58]",0.328630195266,0.32522559,0.076971978283584,0.078083923701,0.2090898145,0.461448856,1.00048928223064,8204.12333292136,7421.79065733265
"p_pred[59]",0.330437496449,0.32724476,0.073216395581148,0.072967522992,0.214845974,0.4586959635,1.00026883268381,10961.650519845,7555.68375667019
"p_pred[60]",0.3071505313332,0.299241545,0.0927942070780516,0.094955007315,0.168474397,0.471349724,1.0005073640298,11883.5729684831,8083.96339614648
"p_pred[61]",0.493150663402,0.493772055,0.0856019037459738,0.087398424918,0.35318338,0.6360457205,1.00040014949686,13766.7828094402,8221.37350194171
"p_pred[62]",0.1084741273455,0.10036277,0.0514526348855623,0.0478780658538,0.0406865714,0.204950856,1.00070446077887,8790.01453510216,6996.32779934148
"p_pred[63]",0.501661768422,0.50201497,0.0704515758646381,0.0703856640480001,0.3846099805,0.6197237855,1.00032151575495,13938.0201319636,8063.59717882298
"p_pred[64]",0.428556013985,0.42682045,0.0860839596782985,0.0868142805179999,0.290820738,0.572686789,1.00170041179871,11209.3489435105,8212.13066760459
"p_pred[65]",0.1341228355308,0.1271476,0.0507355782098496,0.048554949849,0.06461734735,0.2298259785,1.00042971644836,8732.74120450055,7457.35319149612
"p_pred[66]",0.779724000824,0.784256765,0.0600764158530778,0.060656835435,0.673963958,0.8698880455,1.00055992991845,12425.038171106,8400.51877609942
"p_pred[67]",0.2642344092048,0.26017695,0.0651760207031819,0.065656407264,0.165235452,0.3793758335,1.00027159234463,11128.6105340651,8064.39101405165
"p_pred[68]",0.04132170467138,0.0352675825,0.0261078512148292,0.0215560929423,0.01128289865,0.0927189104499999,1.00063166604939,8083.96885148525,7673.40716417174
"p_pred[69]",0.898432124176,0.905455875,0.0445023062721415,0.042272788173,0.813697588,0.957781156,1.00037810204924,13046.1689742278,8717.51411897448
"p_pred[70]",0.3171803275277,0.309484455,0.0920776758157533,0.094539152841,0.1783613335,0.4788046895,1.00037823150431,11662.5513408628,8295.6510575146
"p_pred[71]",0.812839327487,0.818976285,0.0626877030249249,0.061887971649,0.698828169,0.9044792785,1.00019178692697,12946.0267455484,8587.25878352124
"p_pred[72]",0.779399520929,0.783443155,0.0598135861512564,0.0598291072679999,0.673799012,0.8701571955,1.0004455922825,12010.242961093,9076.7855686875
"p_pred[73]",0.2108551641197,0.209010475,0.0401725614547887,0.039884415942,0.1484822725,0.2807672765,1.00069674382188,10248.5562095492,7541.59807620755
"p_pred[74]",0.764901190411,0.771144515,0.0725585427878209,0.0726208318079999,0.6373168095,0.8710110255,1.00046226778384,10030.8157018425,8287.32077067623
"p_pred[75]",0.400752394932,0.397023025,0.0892408147629607,0.09188250414,0.25938459,0.5532960695,1.00045401966481,11553.4746480389,8340.03563386702
"p_pred[76]",0.2431776556627,0.23858966,0.0631780038845211,0.06282984519,0.1463923905,0.3537637895,1.0010423406038,9360.00138588674,7721.76333813516
"p_pred[77]",0.378002375536,0.37623509,0.0677410930012262,0.06754733013,0.269634908,0.491886724,1.00036976542453,12099.9803025416,7850.11131807188
"p_pred[78]",0.2260579519082,0.22083423,0.0628019566883247,0.061497981132,0.131494963,0.3409040565,1.00047565031983,8654.14485014135,7131.8214642528
"p_pred[79]",0.736636201739,0.746132045,0.0913090072057742,0.091420703892,0.570843012,0.8696469985,1.00077416234161,11951.8920634947,8345.19394430774
"p_pred[80]",0.559343292145,0.56020664,0.0638556834957195,0.063182303688,0.451937535,0.664770755,1.00010463507941,12686.2521208722,8424.42017823466
"p_pred[81]",0.767342067907,0.77131806,0.0638300242008384,0.064108179975,0.653712537,0.8645383625,1.00020700916188,11549.9926773032,8439.75407829992
"p_pred[82]",0.257802742334,0.252823925,0.0625114381142467,0.0624539097209999,0.163824196,0.3693573285,1.00030086441584,11897.2023858445,7631.20130692886
"p_pred[83]",0.321299708748,0.31795543,0.0672855071571927,0.067497714921,0.216162955,0.438682957,1.00028040629604,11382.2111102297,7880.72486098734
"p_pred[84]",0.600089865112,0.60146396,0.0719600062269668,0.071140774467,0.4781989985,0.718852313,1.00045740453094,12642.147478467,8797.41269586968
"p_pred[85]",0.714183526909,0.717122365,0.0655767821039781,0.0662805818640001,0.6002252415,0.816412714,1.00059956310321,12136.3497200572,8703.893912144
"p_pred[86]",0.570319152863,0.57048988,0.0654861372753124,0.065150247624,0.458500175,0.6765614975,1.00058611885748,12155.4142172704,8645.40747683511
"p_pred[87]",0.03805727742406,0.034327894,0.0198586013801428,0.0176200531038,0.01315065555,0.0764604231,1.00063740872456,9346.84345671655,8105.15913233448
"p_pred[88]",0.868065091878,0.876380485,0.0571287052255612,0.054008271408,0.7615186485,0.945300503,1.0000774706626,12536.5052227173,9129.655762405
"p_pred[89]",0.296604489549,0.29495223,0.0531217065670671,0.052901006424,0.211919024,0.3886112475,1.00069412895235,9263.50664893177,7457.26731696162
"p_pred[90]",0.06513873740117,0.0603445725,0.0309367072588575,0.028484815737,0.0245603559,0.1238479305,1.00058792100007,9698.67668075842,7605.14278978056
"p_pred[91]",0.845483474933,0.85991886,0.0790022108811375,0.0730546553939999,0.695435955,0.946338989,1.00013039851789,8538.12604568536,6992.28226626318
"p_pred[92]",0.504821091727,0.50447851,0.0557950038284216,0.055596343572,0.413088205,0.597853466,1.00024403121698,11542.5140075766,8194.07459628922
"p_pred[93]",0.424080499147,0.421924045,0.0940631147937065,0.095367118224,0.273892259,0.583452357,1.00007750269544,10275.075984241,7954.46042508027
"p_pred[94]",0.2143124212818,0.205103135,0.0786325455003429,0.077591159352,0.1011107625,0.3583700955,1.00008460691826,13672.2742760002,7767.88366825005
"p_pred[95]",0.1926764101525,0.18993483,0.0442900997419222,0.04332609393,0.1247020375,0.2708531575,1.00089847738714,8392.20207864258,6917.01248410917
"p_pred[96]",0.344959124939,0.34165089,0.0760721860292202,0.075690199284,0.2246731945,0.4770425695,1.00020573530507,9779.67615101526,8057.77571207978
"p_pred[97]",0.1421009214824,0.133104995,0.06045259025427,0.0577383069417,0.06032727505,0.2549460885,0.999923356099023,8666.23432889031,7392.02107513383
"p_pred[98]",0.203791712931,0.19668468,0.0663382991630147,0.066342458175,0.108438822,0.3243711065,1.00007553312196,10984.5662121719,7790.49353554005
"p_pred[99]",0.2375228828416,0.233301515,0.0611105093584408,0.060218104443,0.144265729,0.347675717,1.00050978502087,8778.79361338782,7208.06510389913
"p_pred[100]",0.300588792699,0.297039935,0.0602167154124572,0.06057177126,0.207978833,0.405776497,1.00017469023204,11442.1506605763,7352.7191121952
"p_pred[101]",0.1826724836876,0.17418694,0.070609757707172,0.069069782418,0.08253179215,0.3120107875,1.00011262316656,13837.1021442468,8190.70225887589
"p_pred[102]",0.630876265846,0.633625405,0.0690190458213218,0.069799977744,0.512824671,0.7414994935,1.00049085393796,12813.7440809541,7403.39216342438
"p_pred[103]",0.2216599915845,0.21780544,0.0570005929422749,0.056982878505,0.134195372,0.3215129845,1.00134501750442,8880.33530701385,7385.56438151714
"p_pred[104]",0.06686928997928,0.0566827865,0.0431140981017253,0.0361506071913,0.0168137881,0.1521619655,1.00004053782329,10198.3884050514,7499.59673895887
"p_pred[105]",0.03554564675372,0.029668784,0.0243194025591684,0.0192377327898,0.008478958305,0.08352200855,1.00063473335424,8706.63486021586,7222.4532195019
"p_pred[106]",0.470491898592,0.470182795,0.0683798981847933,0.069840927156,0.357594804,0.5827574995,1.00021826813583,7674.22775180429,7572.78923230906
"p_pred[107]",0.693616062926,0.69753946,0.0679919755365526,0.068523281232,0.576001137,0.8004000265,0.999942717131016,7514.9847748237,7536.63134854241
"p_pred[108]",0.1066861388084,0.10315875,0.0344369559102753,0.0332157819588,0.05724517355,0.1697014965,1.00085467088072,8223.93097744178,7089.92184176379
"p_pred[109]",0.66726965913,0.670682625,0.0782190266671323,0.0785029287,0.5320967595,0.7905837545,1.00003502852961,8155.13700877824,8028.62116434394
"p_pred[110]",0.2558273555387,0.2524229,0.059876307647859,0.060238208499,0.1630740715,0.358281674,1.00102265028294,8913.54138198238,7852.28715234434
"p_pred[111]",0.548719966338,0.549603265,0.112668562999795,0.117003989886,0.3614500115,0.7314607915,1.00072791018041,13219.061367217,8456.9944008033
"p_pred[112]",0.783553944465,0.788556065,0.0626601477407889,0.0623480372549999,0.6718137145,0.8772381365,1.00033150421444,11305.4952014135,9076.6333440164
"p_pred[113]",0.922763021559,0.937973095,0.0576308258030572,0.0448946105999999,0.8105887935,0.984274733,1.00002425104102,13049.6339993811,8261.51443403632
"p_pred[114]",0.292712697321,0.290751385,0.0533620033692734,0.053215250907,0.2084129565,0.384989554,1.00043920722751,9985.24342547025,7719.8726617824
"p_pred[115]",0.0754588908649,0.07158815,0.0286491634558645,0.0270925846548,0.0364215,0.1290558995,1.00040354886256,11486.4057643144,8635.56836271092
"p_pred[116]",0.75546971987,0.762549095,0.0775568411971431,0.077502077331,0.615448655,0.8704403805,1.00028186018148,12593.366963236,8258.85105836761
"p_pred[117]",0.1884570062949,0.179704905,0.0700774325702837,0.068655855324,0.09071782635,0.3192947835,1.00015302542229,8283.22830278848,7516.37083847749
"p_pred[118]",0.3760993393,0.37384774,0.0576632833362701,0.057154252239,0.285303588,0.4746534015,1.00006607048746,10724.6230941633,7729.51503853832
"p_pred[119]",0.2568646919195,0.25133333,0.0655336784284228,0.06500993436,0.158303952,0.3747493645,1.00033378815271,11618.5477012806,7921.77559135724
"p_pred[120]",0.532832737626,0.533216005,0.057346170646487,0.057908851161,0.438990038,0.6272737,1.00021193067257,9653.92681448845,8217.27231508305
"p_pred[121]",0.1919485325147,0.188121095,0.0521430420149212,0.052213183806,0.1124706095,0.283128327,1.00114217800579,8471.56365551155,7240.5403938704
"p_pred[122]",0.389293384122,0.38646933,0.0860726357409073,0.087615418254,0.2523676415,0.5362287625,1.00031658741209,13297.6031628442,7689.87531093748
"p_pred[123]",0.347433996036,0.346095985,0.0550358366758142,0.055414940049,0.2587032375,0.441442342,1.00064258545914,9595.49363734076,8329.19742487022
"p_pred[124]",0.822676094969,0.830476145,0.063377155471429,0.061387030761,0.7082958955,0.913363942,1.00016090789509,10967.4738216215,9556.34229897326
"p_pred[125]",0.501901662814,0.50126184,0.0965657401236436,0.0985761540329999,0.343369192,0.660134686,1.00123472813057,11602.1253994243,8331.31791874162
"p_pred[126]",0.2963115996288,0.292834225,0.0682872500622631,0.068782291452,0.190486541,0.4144925435,1.00064701577769,8489.74592548167,7387.9129293074
"p_pred[127]",0.396749185077,0.39480043,0.0799048720766977,0.080663032422,0.2695451365,0.532160097,1.00060392674065,13451.0019048824,8174.5336314464
"p_pred[128]",0.2280233667614,0.22532494,0.0473388696230948,0.04735609725,0.15470174,0.310787678,1.00057087725147,9839.51076752768,7414.45711048946
"p_pred[129]",0.707097522493,0.71279671,0.079524924880723,0.080002452579,0.5667384655,0.8282043075,1.00027249379812,9408.76930636035,9168.80562858748
"p_pred[130]",0.4523264423968,0.44891291,0.129670478839361,0.136036192803,0.2439356315,0.6704818475,1.00070951119356,10421.8557137729,8613.61494339264
"p_pred[131]",0.667534894567,0.670682935,0.0684543571602687,0.068853708294,0.5500258025,0.774697591,1.0005105953914,12347.988116247,8167.43014606512
"p_pred[132]",0.04497398327764,0.035583193,0.034345082087358,0.0258808623465,0.008859158945,0.113110362,1.00002960060094,9684.42145711735,8141.18033462466
"p_pred[133]",0.791591135194,0.80418229,0.0878235585791965,0.085188439119,0.628507435,0.912685152,1.00050947727539,11000.2627092852,8468.97225399407
"p_pred[134]",0.745766907393,0.749377015,0.062127407669537,0.0622575690030001,0.6367367925,0.841249518,1.00051229816674,11854.9515769896,8907.43424664902
"p_pred[135]",0.817974768948,0.83186987,0.0832412245302102,0.079472089494,0.660457538,0.9298650355,1.00005504822724,11504.9763559114,8014.77478119621
"p_pred[136]",0.61403040423,0.615228265,0.0764149137409584,0.0768120308130001,0.481944509,0.7354634475,1.00084769073683,12346.7541527639,8894.3575427106
"p_pred[137]",0.470757883318,0.469512225,0.0822665146904086,0.083427518034,0.336495697,0.607395885,1.00002709111725,10927.6386212973,8397.03499404246
"p_pred[138]",0.388406984219,0.38791014,0.0454444088716474,0.045404009721,0.3140455425,0.4644749465,1.00038556662366,9205.78485583567,7623.03733596416
"p_pred[139]",0.813436301053,0.82563012,0.0838327114791321,0.080996913942,0.654293809,0.9283760355,1.0002823762966,13627.6706151363,8299.37685964953
"p_pred[140]",0.1087113485537,0.105178755,0.0342510905408285,0.0332755455648,0.05962927615,0.171061308,1.00043704587517,11034.0511583654,8663.88290582867
"p_pred[141]",0.63184291814,0.636593795,0.117466601216768,0.122161399311,0.4287491165,0.813402347,1.00055259639562,13172.7957145588,7561.24927956518
"p_pred[142]",0.684543452277,0.689231615,0.0754036547695063,0.076184246082,0.5545903425,0.8021423615,0.999931716745854,11029.6437696825,8135.69698456645
"p_pred[143]",0.754744533127,0.769450685,0.1119827683206,0.110258159886,0.5426583995,0.908399711,1.00015947502318,8645.89890979093,8224.9402491436
"p_pred[144]",0.2092907885688,0.200589525,0.0758131348614064,0.07323443547,0.1004869325,0.3505291725,1.00058055002201,8877.15147367972,8054.39243212154
"p_pred[145]",0.333663901315,0.332104065,0.0578912001422084,0.057900333624,0.241638185,0.4330846205,1.00033573892775,10166.3052684499,8023.20184341242
"p_pred[146]",0.702178177244,0.70515102,0.0615076400500604,0.061505053134,0.596751224,0.7997720715,0.999893822288731,8313.72684247186,8139.76793083707
"p_pred[147]",0.704651672568,0.707388565,0.0661319951121526,0.0668747041619999,0.590011572,0.8081569,1.00060691331763,12104.0907891106,8639.82436958774
"p_pred[148]",0.29799417282,0.29353591,0.0673951949449899,0.06846387345,0.193949518,0.4137337535,1.00036021709952,7890.32096019009,7316.99754809619
"p_pred[149]",0.729187382803,0.73196867,0.0608909698033298,0.061683825042,0.6231057065,0.82348912,1.00051645435507,11067.1581479679,7968.97432555269
"p_pred[150]",0.482508246187,0.48172969,0.0566186067639362,0.056841075228,0.3906073245,0.576668605,1.00017687491186,9699.67112802359,8298.34159140787
"p_pred[151]",0.2131713556165,0.21092724,0.0495065047294613,0.049822009461,0.135674934,0.299875606,1.00082081560192,8147.83120635599,7175.93955533348
"p_pred[152]",0.392224589356,0.387571325,0.101883679585929,0.105515515224,0.232231464,0.56839013,1.00039798747728,10370.102804679,7377.61057683952
"p_pred[153]",0.359797996295,0.358747335,0.0564654883950094,0.056419572048,0.2694565245,0.454669542,1.00058980457724,7882.49757535822,7557.50442127457
"p_pred[154]",0.811326710528,0.818232665,0.0644189843533048,0.0627148992120001,0.692288325,0.905241327,1.00042194569074,13410.2814865234,8660.23441919727
"p_pred[155]",0.668072903428,0.67026206,0.0682611256179622,0.070024028256,0.5520117245,0.773547635,1.00055203447193,12068.7179246937,8186.38836274
"p_pred[156]",0.2675917743659,0.2610667,0.0780408204706724,0.077062545735,0.150355615,0.4088731825,1.00025187472579,9139.44034459478,7792.17593141602
"p_pred[157]",0.1230341642735,0.113694895,0.0547385453724337,0.0503031101958,0.05123944,0.2268530905,1.00033056504054,12474.5371146682,7926.7920286571
"p_pred[158]",0.788984045351,0.792854765,0.0544271004883115,0.055040027574,0.6918303585,0.870504283,1.00054785597712,11529.3517216963,8017.70711498777
"p_pred[159]",0.516638694078,0.51733971,0.0750477872258309,0.076114252536,0.3928280855,0.6405278385,1.00033218221895,13607.0532482253,7400.10916755633
"p_pred[160]",0.3074413821013,0.30064747,0.0910251697829064,0.093287897745,0.169507704,0.4680466535,1.00041459455019,8513.1960526515,8115.89363710732
"p_pred[161]",0.326351254498,0.325163805,0.043348326436025,0.042826035189,0.2560941515,0.3987605315,1.00054407385151,9333.04372177595,7435.71179294502
"p_pred[162]",0.1772726178645,0.16764536,0.0711903143454633,0.06894771996,0.0806909307,0.311949676,1.00006155635271,7945.68980246822,7498.83531129944
"p_pred[163]",0.691043484268,0.69740494,0.0895009432660289,0.090833572053,0.533397883,0.8263423105,0.99990521131715,7274.36448123537,7310.39097862839
"p_pred[164]",0.694896590199,0.699913885,0.073838899685835,0.073451317611,0.5647354265,0.8080801725,1.0004287644735,11422.1991478097,7894.70857696207
"p_pred[165]",0.2375326268662,0.23472169,0.0449447010252809,0.044829391026,0.1672172705,0.315326815,1.00046706566475,9256.21985583906,7758.83955726902
"p_pred[166]",0.03467300685444,0.028653354,0.0248194904250339,0.0193581547509,0.00767934724,0.0834561707499999,1.00062560161165,9003.22238367023,7244.64055026225
"p_pred[167]",0.678943598229,0.682731705,0.0695853490323601,0.0700429684709999,0.5594059525,0.7883195335,0.999975231398455,7387.86897944424,7427.76995622285
"p_pred[168]",0.379035071777,0.376884875,0.0636838784056967,0.063587409312,0.2766482055,0.486853551,1.00019102009292,11632.6207777618,7771.93919962563
"p_pred[169]",0.518190747305,0.518110955,0.080765141263975,0.0811470197790001,0.3838487995,0.6512456465,1.00006160238893,11677.1776703277,8055.17308614291
"p_pred[170]",0.608652747382,0.61205013,0.0974553097892213,0.102230970597,0.441131847,0.7618666005,1.00070017414677,10019.1247586864,8315.86887793674
"p_pred[171]",0.821507677724,0.83373232,0.0799157846362137,0.0763320835409999,0.6704190105,0.9296768935,1.00027511361039,13030.3002355535,8306.84155366964
"p_pred[172]",0.884052011396,0.89572684,0.0608474356518118,0.055312017957,0.7684705705,0.9611410535,1.0001563925488,13426.8967313591,8820.63601777725
"p_pred[173]",0.483590203643,0.483545175,0.0716924956631759,0.071860680549,0.366758624,0.602298842,1.00033373131111,11400.4336931052,8612.07567652214
"p_pred[174]",0.741648240548,0.745139125,0.0643758685946376,0.064467324999,0.627942617,0.8410628175,1.00018337482909,10973.2558081816,8527.63065614138
"p_pred[175]",0.335743948521,0.33313611,0.0592136952459929,0.05950837641,0.2433525715,0.437969658,1.00011825417217,11013.972654891,7132.43054997295
"p_pred[176]",0.3360335850565,0.33099534,0.0863544917809165,0.086804843769,0.20115446,0.487542075,1.00028295256692,10244.143991312,7944.99019267911
"p_pred[177]",0.1703120722335,0.163514055,0.058321597414794,0.056790044136,0.0877049134,0.27774946,1.00014230638642,9913.21129048471,8520.81913940048
"p_pred[178]",0.04578446629098,0.041958467,0.022405716104673,0.0203707305207,0.01688821975,0.0888489178,1.00066157401049,9437.27753158122,7941.68573555347
"p_pred[179]",0.2390656480778,0.23471431,0.0615375121374071,0.061360751676,0.144541917,0.3464203665,1.00097189323146,9254.70801456911,7953.87471648782
"p_pred[180]",0.534531052907,0.535807155,0.115636740295359,0.12288300297,0.3421022605,0.7214169405,1.00066039587693,9760.66844209461,7890.65686614064
"p_pred[181]",0.110449313615,0.106356045,0.0359160666048087,0.0343668614793,0.0590006759,0.176646002,1.0008078507699,8109.50869426598,6915.23059046372
"p_pred[182]",0.438662471474,0.43790579,0.0612515681963949,0.062075476071,0.340066321,0.540395243,1.00013275891356,7274.39714381157,7385.98447262078
"p_pred[183]",0.06050257669767,0.056689313,0.0266053662014919,0.0249133264821,0.024687327,0.1108669145,1.00069875988197,9419.18686648539,7882.67748359939
"p_pred[184]",0.09497305554904,0.087067736,0.0440252141734836,0.0400813837998,0.03853491745,0.179143923,1.00001394217487,9812.45777227719,8371.78670846492
"p_pred[185]",0.692496803111,0.697469965,0.0757288908538962,0.0754906635629999,0.558789514,0.808895375,1.0004005060117,11271.1718200513,7708.94461829791
"p_pred[186]",0.282603736807,0.27790693,0.0748697059899153,0.075694595193,0.169932271,0.4134902565,0.999983457654578,9951.39615311022,8182.57634911715
"p_pred[187]",0.05319556716084,0.045153023,0.0352968093068476,0.0289502253747,0.0129859168,0.1231243775,1.00062371485406,9332.29016327039,6851.3906832521
"p_pred[188]",0.1261897993288,0.112492155,0.0680621655294638,0.0619186407126,0.04231847705,0.2579323935,1.00030210879127,10598.7807707928,8048.01372237156
"p_pred[189]",0.1712669662331,0.16889612,0.0409210117831479,0.039612003018,0.1088286465,0.243379439,1.0009886019687,8337.45716148647,6946.90482113485
"p_pred[190]",0.1971478916583,0.195235455,0.0390245471787218,0.038627400945,0.1369889685,0.2650759245,1.00069324870427,10382.1042059796,7744.6058348241
"p_pred[191]",0.1610084224869,0.15456769,0.0542769320408474,0.052183020309,0.0834014042,0.2599313175,1.00045152166739,13314.6860968441,8091.6573198732
"p_pred[192]",0.708951946733,0.71145524,0.0594934773675835,0.0596023880759999,0.607769384,0.8035440675,0.999987164029673,8871.88524948259,8054.52265852489
"p_pred[193]",0.303522019262,0.302511,0.042613731468504,0.042421693104,0.234619869,0.374941954,1.00060010297742,9608.6443850189,7514.90816872177
"p_pred[194]",0.1608849595828,0.151903875,0.0629723677279966,0.060939641385,0.07439445985,0.278492152,1.00021903059669,11409.2958363906,7739.84328312127
"p_pred[195]",0.729277347007,0.7354336,0.0773925832790003,0.078062989389,0.591734366,0.847011491,1.00037716836441,13868.1409402083,8429.14630737556
"p_pred[196]",0.1226593042281,0.11642241,0.0481371121039204,0.04608009756,0.05598504015,0.211769239,0.999885107148778,10855.1239974019,7625.03286073636
"p_pred[197]",0.2221370628878,0.22037123,0.046823493111939,0.046923081681,0.147914581,0.3035623425,1.00092636542679,8165.87967950072,7513.92863008188
"p_pred[198]",0.525076781723,0.524900565,0.0555975030378551,0.055742772561,0.4336334365,0.616351724,1.00022564615093,11033.8001693633,8157.10899494436
"p_pred[199]",0.3409658076418,0.334446025,0.0921271775453278,0.09389298387,0.2002991575,0.5004625005,1.0004330560335,10861.4058004065,8431.80249288674
"p_pred[200]",0.573802895198,0.577568775,0.0922467404174423,0.095070294291,0.417742429,0.721962085,1.00036205532979,12777.0311417879,8306.7513663858
"p_pred[201]",0.783012373873,0.787236985,0.0587083445125098,0.058519956642,0.6782804025,0.871440143,1.00049409327444,12342.2913710093,8941.34732882315
"p_pred[202]",0.849765873151,0.869200035,0.093287053637144,0.083607283284,0.668461912,0.9617154645,1.0003236505361,10215.5415913235,7571.40148282605
"p_pred[203]",0.05088643181791,0.047153395,0.0240192259296919,0.0221160338973,0.01939269685,0.0970381992,1.00067264279537,9465.4860408303,7963.42130149703
"p_pred[204]",0.28091485289,0.279595515,0.0443356362924263,0.044501380602,0.21080741,0.3561768005,1.00061460534068,10118.3455975592,7451.74923736801
"p_pred[205]",0.310968969022,0.30779503,0.0599602838143925,0.0609415984169999,0.2180794995,0.415043931,1.00021134850927,11628.2143529009,7462.85720343562
"p_pred[206]",0.2361438541416,0.229127025,0.0759244179721934,0.076331890803,0.125636894,0.373389366,1.00000310787803,8536.26866865917,8024.07786020929
"p_pred[207]",0.2640643162528,0.26024099,0.0629155894691102,0.063173111568,0.16628438,0.373673179,1.00078217786901,8498.17593956372,7579.70953722513
"p_pred[208]",0.3290209722601,0.32566923,0.0767539012637968,0.077173540584,0.209463316,0.462614896,1.00003294900753,10988.7571134323,8293.95609612467
"p_pred[209]",0.0704496905167,0.0662323395,0.0284135977138558,0.0265737880737,0.03197527505,0.1236162595,1.00073905325718,8215.98835952317,7372.8435842912
"p_pred[210]",0.578285721184,0.579215115,0.0765052360626105,0.078684673221,0.449947603,0.7005828695,1.00058065273666,10579.4668099369,8713.42635352241
"p_pred[211]",0.637580092905,0.64043194,0.0689915540252978,0.069810281814,0.519729962,0.7477391155,1.00050158176538,12729.9289469715,7670.81377527187
"p_pred[212]",0.699621858683,0.70370796,0.0737162719458232,0.0746229645,0.5697158635,0.813710979,1.00019887279747,12879.6692271691,8606.42370398391
"p_pred[213]",0.06886581604521,0.059891571,0.0397907681241238,0.0335474180811,0.02175442005,0.1477711925,1.00050394993621,7480.50234364693,6964.21645491497
"p_pred[214]",0.2549079079363,0.251374065,0.0595724622002511,0.058579201338,0.162645278,0.3610594305,1.00054769911362,8972.57244263913,7446.11538759555
"p_pred[215]",0.801209549407,0.80837575,0.068651364515612,0.067652839359,0.6779426115,0.8987402425,1.00046930267221,9713.58569859145,8299.18127312356
"p_pred[216]",0.328289214858,0.32576013,0.0591788137177405,0.059633292873,0.2360181645,0.430511753,1.00015673102278,11316.3828631975,7480.36821845022
"p_pred[217]",0.2482095703436,0.24317197,0.0682401241652335,0.067966031196,0.143658691,0.367502914,1.00013482773543,14060.563922573,7621.30974182923
"p_pred[218]",0.08551222889274,0.0800995525,0.0371162274813767,0.0349347343443,0.0352768469,0.155396268,1.00086395886021,8202.88629781675,7491.49417691167
"p_pred[219]",0.746518524175,0.754654275,0.0836081594563648,0.082583888982,0.595241752,0.8705737485,1.00030483552799,9894.99876284057,9332.38725658985
"p_pred[220]",0.509632351822,0.510385605,0.0900615344264951,0.092035678959,0.3591873615,0.65824797,1.00021029412585,12386.6468500687,8288.07437560023
"p_pred[221]",0.119114069686,0.113645325,0.0422348033581639,0.0403835428689,0.0598543466,0.197957361,1.00046690299322,10263.8393129988,8844.43942262822
"p_pred[222]",0.81988770222,0.83302712,0.0844764704616473,0.080845503417,0.6587097935,0.933622753,1.00031104102295,13564.2530219486,8298.9684432898
"p_pred[223]",0.446909649974,0.44546075,0.0597523697456733,0.05989874499,0.349336358,0.54689138,1.00004841393589,11935.624413535,7922.43876006507
"p_pred[224]",0.3108958668553,0.30540914,0.0832095852485321,0.083550536769,0.1838165145,0.4591436085,1.00026816841746,9507.78031746326,8190.83379787591
"p_pred[225]",0.0903480601904,0.0857714235,0.0318936926551906,0.0300554591967,0.04646508225,0.1490437745,1.00059176748653,9829.19771069625,7737.54038602135
"p_pred[226]",0.474765533272,0.4749141,0.0839313975560003,0.084644992089,0.3382351725,0.6158476985,1.00050325143171,13664.0717506211,8364.00200405377
"p_pred[227]",0.601228746812,0.605045915,0.10001748757418,0.104855357922,0.4306035775,0.7598045125,1.00069244579816,9761.80099415441,8226.2265981588
"p_pred[228]",0.563950206539,0.5647065,0.0792537688379894,0.081452620704,0.432360346,0.6924417505,1.0005618163648,9527.18387447014,7587.52798939827
"p_pred[229]",0.491242335911,0.490616145,0.0548660802148896,0.054939336795,0.401877373,0.58126198,1.00009265756201,7754.66609639335,7475.15024252955
"p_pred[230]",0.1450597339959,0.13619189,0.0585911882372052,0.0558777959082,0.0656391418,0.254080726,1.00024755924645,12047.5878132055,7711.29974729639
"p_pred[231]",0.1678574379451,0.159887655,0.0638283282138348,0.062204084208,0.07782751195,0.2836815375,1.00001514924462,10782.1569976332,7422.96408719537
"p_pred[232]",0.29594545147,0.29261302,0.0587848399639737,0.059567257869,0.203871395,0.397454484,1.00038919042733,8035.19569960079,7448.92279590458
"log_lik[1]",-0.682798729327,-0.67573988,0.111796645369122,0.110042760345,-0.8780125625,-0.512863042,1.00017563709877,10002.5966732578,8231.54205525275
"log_lik[2]",-0.08250811881665,-0.0777377355,0.0349241101820823,0.0324330084477,-0.1488752985,-0.0354610932,1.00070677205491,9402.58028739399,7653.15986652726
"log_lik[3]",-0.56991213642,-0.556506285,0.143988514727455,0.141841394646,-0.8294418875,-0.355361467,1.00000431313056,7481.93988489474,7747.18415936651
"log_lik[4]",-1.454516173659,-1.4279249,0.391698275584385,0.3922181235,-2.15238547,-0.863334491,1.0004214149929,10661.4944739049,8353.70252145088
"log_lik[5]",-0.0927738976995,-0.086687972,0.0375928973945089,0.0346975591158,-0.163575338,-0.04250698955,1.00030311076101,11047.747780547,8680.21189280658
"log_lik[6]",-1.270869613892,-1.22989495,0.394514219726955,0.388224021339,-1.977828685,-0.685395066,1.00013104836388,9368.76742360745,8115.08850703188
"log_lik[7]",-0.3158086846742,-0.307500425,0.0876633546229944,0.08617701456,-0.4744200575,-0.187473317,1.00056222312651,11988.5873750776,8647.18682502049
"log_lik[8]",-0.493455377414,-0.478171475,0.139032626423905,0.135968067333,-0.7427028265,-0.2923476435,1.00043047887524,9271.6984200476,8909.90276883166
"log_lik[9]",-0.2495098193164,-0.224885265,0.127720695777134,0.111587933478,-0.4982344095,-0.0894486225,1.00045119631511,12697.5006599462,8163.77603580249
"log_lik[10]",-0.547863441226,-0.53060624,0.165861358342538,0.159516166068,-0.8462603975,-0.310241768,1.00098884317637,12182.6952199412,8710.83181539203
"log_lik[11]",-0.12010933048587,-0.106636565,0.0671753367408166,0.058106400198,-0.246974636,-0.038929467,1.00062506492118,8812.07789059399,6903.80779208893
"log_lik[12]",-1.354317272937,-1.3434992,0.198948000419399,0.19721107833,-1.69568551,-1.042190085,1.00049677362913,9870.30455219704,7567.03232446421
"log_lik[13]",-0.870884182688,-0.864058325,0.147473291415328,0.145622491665,-1.123820435,-0.6440419385,1.00055207660794,9113.35883256227,7681.69744804901
"log_lik[14]",-0.2792048948367,-0.26973061,0.0861509157570811,0.083356308756,-0.436047992,-0.155127277,1.00039569852598,11278.6679184991,8941.78018103033
"log_lik[15]",-0.03845543926147,-0.032069371,0.0262982451009711,0.0205735027575,-0.08943351645,-0.00949400742000001,1.00064693127291,8520.88203516859,7718.97925295775
"log_lik[16]",-0.724499892026,-0.714272225,0.150445446105911,0.147871751538,-0.988402305,-0.496031813,0.999981247363025,11717.0865643291,8623.70962660806
"log_lik[17]",-0.507390682946,-0.497488915,0.116407804936314,0.113555247309,-0.712714554,-0.3343339375,1.00052222328809,8651.18535543798,7819.65385247262
"log_lik[18]",-0.13101361097202,-0.11378425,0.077932360023117,0.0657427301664,-0.2802634495,-0.03905511085,1.00012351573017,12523.758170228,8883.32314156632
"log_lik[19]",-1.641268460583,-1.6265005,0.32834351453166,0.32334149421,-2.21051847,-1.130539985,1.00064378056742,11720.3479533568,8033.45851773438
"log_lik[20]",-0.451405395769,-0.44546676,0.0883811243685233,0.087320217768,-0.6076561425,-0.316875115,1.00055434893059,9654.17518395325,8268.82157479153
"log_lik[21]",-0.05064343004497,-0.039989562,0.0392335451047463,0.0287444723706,-0.1276521615,-0.0101487652,1.00003026387371,9768.46898677924,8072.7530727313
"log_lik[22]",-0.383514348614,-0.37656641,0.0863455960255622,0.08330521836,-0.534463861,-0.25239811,1.00041239175512,10651.682748937,8475.95099000279
"log_lik[23]",-1.370007348279,-1.35369185,0.25396336757926,0.25092664002,-1.81011916,-0.982600752,1.00024835610647,10107.0042529516,7666.79856179553
"log_lik[24]",-0.847980504045,-0.83423719,0.189622856331687,0.187795612053,-1.18308422,-0.5619164175,1.00004442683448,7885.72408586555,7341.1438090702
"log_lik[25]",-0.4132425225,-0.402817825,0.106694681955177,0.102733460802,-0.605316496,-0.2571457735,1.00060911136412,12266.4258283352,7904.81647476453
"log_lik[26]",-0.05452962595642,-0.049002924,0.0293636288428164,0.0256461044973,-0.111613086,-0.0182398751,1.00056099644301,9852.0085435353,7608.57865249957
"log_lik[27]",-0.971881523325,-0.954699475,0.243044566523706,0.241876486383,-1.40316351,-0.606131167,1.00050500112509,11791.5537981403,8268.47954596656
"log_lik[28]",-0.2699553557825,-0.254373655,0.106058221163759,0.100204901328,-0.4692401835,-0.12593629,1.00037692039803,12833.6435289095,8273.50894179033
"log_lik[29]",-0.2912783261908,-0.27652419,0.108439418349933,0.103779946599,-0.493134795,-0.1407130605,1.00039445405587,13793.7842297362,8462.14689098523
"log_lik[30]",-0.1941768631495,-0.179100095,0.0855544495661445,0.077947791369,-0.3576869875,-0.083245695,1.00005285643573,7400.67140676186,7452.66111260852
"log_lik[31]",-0.04861268527706,-0.0403558215,0.0343927101849074,0.0267038298849,-0.117007015,-0.0111340561,1.00062894151314,9331.4351150207,7138.40585894591
"log_lik[32]",-0.719079749766,-0.70696174,0.155217451938177,0.152192618739,-0.991493142,-0.4849391875,1.00061886561739,10805.0640269962,8496.50535208278
"log_lik[33]",-0.414868629274,-0.410932265,0.0668342011639017,0.065559956721,-0.530226547,-0.310570227,1.00050664199313,9186.68234255228,7529.79044124848
"log_lik[34]",-0.611557705477,-0.59430527,0.169376654212605,0.164766245406,-0.915215661,-0.364188727,1.00016786838138,11152.8948304536,7561.05813610313
"log_lik[35]",-2.72625419144,-2.7028233,0.537810499069057,0.5436790569,-3.65801139,-1.893401365,1.00018602900016,13120.0330715247,8576.25337419597
"log_lik[36]",-0.736909396314,-0.718805885,0.200715103815392,0.198663626028,-1.091016865,-0.4407472055,1.00045737740731,9101.28439178436,7504.01084349733
"log_lik[37]",-0.884721935053,-0.87377418,0.160203762457494,0.159187451409,-1.167190215,-0.6390216255,1.00034959958086,7539.90782198494,7295.50367297563
"log_lik[38]",-0.1345278926419,-0.13023598,0.0393331999445496,0.037881593841,-0.206082996,-0.0786469107,1.00066190371336,10730.7215955407,8123.10633513611
"log_lik[39]",-0.3546027545193,-0.30771137,0.211146919598478,0.184018362381,-0.7696820325,-0.1029817,1.00007026312981,11008.3470835017,7460.10732776666
"log_lik[40]",-0.1540775701932,-0.149803435,0.0429936838198989,0.041294212869,-0.2309592275,-0.0919208363,1.00055630232923,10770.8804570217,8510.8156366811
"log_lik[41]",-0.06036879165095,-0.0519150505,0.038460664483785,0.0315257906817,-0.1360198015,-0.0160280686,1.00067399991757,9185.15659689121,7097.92935933821
"log_lik[42]",-0.03471026997912,-0.0285156585,0.0247088722557178,0.0188500165812,-0.0824774104,-0.00808582056,1.00061459450284,8360.16614886578,7877.7184071622
"log_lik[43]",-0.13376627284308,-0.11507879,0.0820228389369734,0.0666554683935,-0.289736881,-0.04008438385,1.00014202058011,9133.75942901098,7592.48602936182
"log_lik[44]",-0.05803275152194,-0.0497234335,0.0364197629720387,0.0298390277661,-0.1283390235,-0.0162128534,0.99994239384007,12110.9398385196,7700.5762340509
"log_lik[45]",-0.764906522392,-0.75730278,0.120600092768038,0.116784913497,-0.9734180265,-0.575639726,1.00052975403279,11205.0475994946,8577.86653221992
"log_lik[46]",-0.1256929526849,-0.121417375,0.038047350386666,0.0366020648217,-0.194815381,-0.07177349075,1.00061189210216,10985.7195915594,8165.90585241357
"log_lik[47]",-1.202152292136,-1.19305035,0.204039233835852,0.20493787062,-1.54830195,-0.8829967125,1.00025672816004,11769.9876155334,7433.5543266492
"log_lik[48]",-0.4006909574376,-0.384504325,0.133067030740797,0.127510701654,-0.644945172,-0.213260842,1.00097142217305,10871.7652059424,8457.38388147228
"log_lik[49]",-0.572608357857,-0.56603503,0.105581523276157,0.103719004326,-0.758101859,-0.409506979,1.00018366599347,12360.5511697047,8367.392860823
"log_lik[50]",-0.2884751604518,-0.278483665,0.0837085973568742,0.080605455651,-0.4421664415,-0.169353152,1.00023324449191,11855.5812572229,7402.61156448038
"log_lik[51]",-0.046236126037,-0.041216218,0.0257389725307713,0.0221551107855,-0.0963846482,-0.0149086906,1.0005652997169,9885.40870934597,7732.38395910733
"log_lik[52]",-1.073953627602,-1.0632525,0.191375483012288,0.189135415434,-1.40146647,-0.777624565,1.00028112419823,9549.60470479813,7769.21351005912
"log_lik[53]",-0.06036590265248,-0.0514394745,0.0397434186383853,0.0319524792552,-0.1386022695,-0.0154192971,1.00065088110858,9247.16195595157,6913.18926626807
"log_lik[54]",-0.2750091766563,-0.25763019,0.112923228372094,0.105428842428,-0.4843989405,-0.1240480315,1.00005580353285,8334.73492537179,7254.66004861393
"log_lik[55]",-0.989962823027,-0.97976218,0.163194362788907,0.160046625522,-1.27296353,-0.738334016,1.00045609968529,12228.6013067724,8633.82040408626
"log_lik[56]",-0.07102403798053,-0.0666720955,0.0295278870585162,0.0274433277846,-0.126634574,-0.03126385745,1.00077952259771,8896.54002765882,8181.45832852884
"log_lik[57]",-1.506007487497,-1.48865955,0.254503734252938,0.25599705789,-1.94659486,-1.108315475,1.0005316341651,11361.9504449629,8099.55181575764
"log_lik[58]",-0.405295802131,-0.393376855,0.118640780153139,0.114895035864,-0.6188728125,-0.2345708705,1.00048928185959,8204.12337929476,7421.79065733265
"log_lik[59]",-0.407352255433,-0.396373695,0.112862980037789,0.108816309147,-0.6137741665,-0.2418753685,1.00026883244576,10961.649561635,7555.6837566702
"log_lik[60]",-0.3765328964981,-0.355592025,0.141231965538303,0.134410833249,-0.6374281685,-0.1844931915,1.00049653992747,11883.5784649095,8083.96339614648
"log_lik[61]",-0.722707774502,-0.705681295,0.180372123497798,0.175974212148,-1.040767905,-0.4524848365,1.0005240376194,13766.7828094402,8221.37350194171
"log_lik[62]",-0.1165627993669,-0.10576367,0.0597362942645282,0.0529020449853,-0.2293513575,-0.04153742865,1.00070445854892,8790.01261775284,6996.32779934148
"log_lik[63]",-0.699995556618,-0.689125345,0.144081319702628,0.140846955522,-0.955525516,-0.4784814045,1.00032151389387,13938.0416417074,8063.59717882298
"log_lik[64]",-0.868382030238,-0.851391845,0.208486511993756,0.201957066255,-1.23504822,-0.557416332,1.00173822953547,11209.351369184,8212.13066760459
"log_lik[65]",-2.080707731726,-2.06240665,0.385097790536314,0.38736572196,-2.739272355,-1.47043285,1.00042971291909,8732.74113426405,7457.35319149612
"log_lik[66]",-0.2518777534226,-0.243018805,0.0789470876068273,0.076960780071,-0.394578645,-0.139390757,1.00055992230573,12425.0403264985,8400.51877609942
"log_lik[67]",-0.3109073856561,-0.30134424,0.0910593503427988,0.088909387056,-0.4770295855,-0.180605573,1.00025059326688,11128.6117894408,8064.39101405162
"log_lik[68]",-0.04258217572923,-0.0359045035,0.0278805044251753,0.0223218943899,-0.0973029658,-0.01134703395,1.00063166758976,8083.97087344419,7673.40716417173
"log_lik[69]",-0.10837356692794,-0.099316734,0.0508441227510701,0.0466416864249,-0.2061664965,-0.04313596755,1.00037810333291,13046.1688601428,8717.51411897448
"log_lik[70]",-0.3912206109467,-0.370316795,0.141908694979273,0.13554388806,-0.651630427,-0.19645455,1.00037823160051,11662.5486562659,8295.6510575146
"log_lik[71]",-0.2103190117736,-0.199700155,0.0795874708064791,0.07533698466,-0.358350398,-0.100395884,1.00016586380262,12946.0261218612,8587.25878352124
"log_lik[72]",-1.549356775871,-1.5299022,0.280294912534841,0.27711521229,-2.04143078,-1.120241535,1.00044558864869,12010.2451197597,9076.7855686875
"log_lik[73]",-0.2381199126793,-0.23447056,0.0514804540239009,0.050323269108,-0.3295702915,-0.16073496,1.00069674160328,10248.5656765448,7541.59807620755
"log_lik[74]",-0.2727362329596,-0.259879485,0.0986003987137896,0.094246591383,-0.4504883965,-0.138100647,1.00046226916512,10030.81539815,8287.32077067623
"log_lik[75]",-0.940357452909,-0.923761005,0.231883722002822,0.230338744923,-1.349443445,-0.591862044,1.00045401707569,11553.4764706412,8340.03563386702
"log_lik[76]",-0.282231163954,-0.272582855,0.0857218390793094,0.082383219072,-0.4365901905,-0.158283659,1.00102723999772,9360.00178652561,7721.76333813516
"log_lik[77]",-0.989393274571,-0.97754109,0.184000929145658,0.179725308756,-1.310686405,-0.709506817,1.00034260982777,12099.9801102317,7850.11131807188
"log_lik[78]",-0.2596699581944,-0.24953145,0.0834258791506344,0.078592173807,-0.416886167,-0.1409818985,1.00047565031983,8654.14485014134,7131.8214642528
"log_lik[79]",-0.3139331345438,-0.29285269,0.131376670450102,0.12164325285,-0.5606410465,-0.139667896,1.00083781893209,11951.8920634947,8345.19394430774
"log_lik[80]",-0.587674889709,-0.57944956,0.116561889224472,0.113453852295,-0.7942113065,-0.4083130175,1.00006200761566,12686.2532566453,8424.42017823466
"log_lik[81]",-0.2684032459873,-0.259654455,0.0854466698668471,0.082941699666,-0.4250875645,-0.1455595945,1.00018012353724,11549.9937670226,8439.75407829992
"log_lik[82]",-0.3018096548958,-0.291454415,0.0864885857584988,0.083246499987,-0.461015869,-0.1789163975,1.00030086441584,11897.2023858445,7631.20130692886
"log_lik[83]",-1.157881323177,-1.1458441,0.214705872612451,0.2140162752,-1.531722725,-0.823978327,1.00028040890595,11382.2154749102,7880.72486098734
"log_lik[84]",-0.933267452346,-0.91995734,0.185428873584732,0.17779524525,-1.26887517,-0.6504689895,1.00052803692331,12642.130461362,8797.41269586968
"log_lik[85]",-1.279591532698,-1.26274085,0.236689405128725,0.23344048497,-1.69506506,-0.916854009,1.00059956210439,12136.3504657233,8703.893912144
"log_lik[86]",-0.856627153237,-0.845109965,0.15585012841172,0.15191623986,-1.128746295,-0.613412545,1.00054839676088,12155.4157911251,8645.40747683511
"log_lik[87]",-0.03901724975227,-0.0349309375,0.0209222135598258,0.0182812133847,-0.07954162525,-0.01323789155,1.00063740920834,9346.84177311705,8105.15913233447
"log_lik[88]",-0.143761256213,-0.13195494,0.0682991550539735,0.0614702831988,-0.272440625,-0.0562524126,1.00007393390401,12536.5139218437,9129.655762405
"log_lik[89]",-0.354740873595,-0.34948972,0.076639581863957,0.074886081522,-0.4920222635,-0.2381544365,1.000694128463,9263.50766894296,7457.26731696162
"log_lik[90]",-0.06791854994308,-0.0622420375,0.0337277784204347,0.0302621914581,-0.1322156095,-0.02486699225,1.00058791969329,9698.67617008486,7605.14278978056
"log_lik[91]",-0.1725980244649,-0.150917245,0.09976336719018,0.083757715293,-0.363216352,-0.0551544374,1.00013039851789,8538.12604568536,6992.28226626318
"log_lik[92]",-0.689782202573,-0.68423004,0.112392558651095,0.110137824657,-0.884094138,-0.5144095975,1.0002146941275,11542.5129299088,8194.07459628922
"log_lik[93]",-0.565896822108,-0.548050015,0.171004567314748,0.163266476898,-0.875754431,-0.320056873,1.00007750223738,10275.0810514192,7954.46042508025
"log_lik[94]",-0.2465005522857,-0.229542905,0.104660037264632,0.09712549665,-0.4437436145,-0.106595458,1.00006455816601,13672.27263725,7767.88366825005
"log_lik[95]",-0.2155617958291,-0.21064058,0.0556031817914312,0.053198608722,-0.315880141,-0.1331909305,1.0008984794806,8392.20150940799,6917.01248410917
"log_lik[96]",-0.430079523199,-0.41801993,0.119938509803719,0.114839623689,-0.6482552175,-0.2544706625,1.00020573530507,9779.67615101525,8057.77571207978
"log_lik[97]",-0.1558757184692,-0.14283741,0.0731609096621236,0.0662086750227,-0.2942986985,-0.0622236302,0.999923356099023,8666.23432889031,7392.02107513383
"log_lik[98]",-0.2315225031183,-0.219007965,0.086225829569406,0.082433190105,-0.392111331,-0.1147812145,1.00005133026223,10984.5717349919,7790.49353554005
"log_lik[99]",-0.2744987440202,-0.265661665,0.0821680429965053,0.078205748943,-0.427213477,-0.1557953845,1.00050978745563,8778.79222102838,7208.06510389913
"log_lik[100]",-0.361326109611,-0.352455195,0.0879835422544467,0.085896224946,-0.5204997555,-0.2331671595,1.00017469057234,11442.1521775144,7352.7191121952
"log_lik[101]",-0.2056478347981,-0.19138685,0.0899664327150838,0.083420764791,-0.3739821285,-0.0861373508,1.00009624904391,13837.1002351966,8190.70225887589
"log_lik[102]",-0.466824856428,-0.45629734,0.112254263671964,0.110610492363,-0.6678212605,-0.299080797,1.00049085393796,12813.7440809541,7403.39216342438
"log_lik[103]",-0.2533504978391,-0.24565177,0.0748708886398819,0.072629623626,-0.3878899485,-0.14409599,1.0013438491374,8880.33483738509,7385.56438151714
"log_lik[104]",-0.07033245626429,-0.058352665,0.0480117865804766,0.0382140646671,-0.165065656,-0.01695674525,1.00004053782329,10198.3884050514,7499.59673895887
"log_lik[105]",-0.03652070963629,-0.0301178055,0.0258176222347412,0.0198092172684,-0.08721722545,-0.0085151092,1.00063473335424,8706.63486021586,7222.4532195019
"log_lik[106]",-0.764809495905,-0.75463373,0.148540169706442,0.148195247445,-1.02835476,-0.539984134,1.00021826974933,7674.2283056788,7572.78923230906
"log_lik[107]",-1.208421789931,-1.19580445,0.229366541669164,0.22700585271,-1.61144005,-0.858024495,0.999942717131016,7514.9847748237,7536.6313485424
"log_lik[108]",-0.1135741831018,-0.108876415,0.0390987213245904,0.0369989620308,-0.1859700015,-0.0589490229,1.00085467288461,8223.93132905726,7089.92184176379
"log_lik[109]",-0.411723750104,-0.39945924,0.12117738111014,0.11707595529,-0.630929924,-0.234983674,1.00004456821317,8155.13975060639,8028.62116434394
"log_lik[110]",-0.2988114382629,-0.290917835,0.0822570136394769,0.080593883958,-0.443605813,-0.1780197055,1.0010405306028,8913.54021662164,7852.28715234434
"log_lik[111]",-0.829374610342,-0.797626445,0.266977677094357,0.26035523472,-1.31475839,-0.448555316,1.00056038028944,13219.0590158342,8456.9944008033
"log_lik[112]",-0.2472261159491,-0.23755177,0.0821636872156479,0.079076984007,-0.39777419,-0.1309767915,1.00033150421442,11305.4965627586,9076.6333440164
"log_lik[113]",-0.08250672824893,-0.064034014,0.066675746445553,0.0476841217587,-0.209994389,-0.0158502234,1.00002425105731,13049.640479451,8261.51443403632
"log_lik[114]",-0.349221444482,-0.34354916,0.0766398544712713,0.075058856313,-0.486116027,-0.2337154385,1.00043920724354,9985.24255311036,7719.8726617824
"log_lik[115]",-0.0789475917797,-0.0742798405,0.0314643726606237,0.0290498761098,-0.138177485,-0.0371013207,1.00040354831202,11486.4124585049,8635.56836271092
"log_lik[116]",-0.2859589973274,-0.271088385,0.10680532829221,0.10138085517,-0.4854037545,-0.1387560065,1.00029005011989,12593.3712121361,8258.85105836761
"log_lik[117]",-0.2127498415364,-0.19809113,0.0899788722056039,0.083654919222,-0.384625927,-0.0950998113,1.00013098834101,8283.23001962816,7516.37083847749
"log_lik[118]",-0.476128954052,-0.46816171,0.0940532894447825,0.091229189037,-0.6436970575,-0.335897431,1.00006607054268,10724.6236116275,7729.51503853832
"log_lik[119]",-1.392446403403,-1.3809752,0.26128871305009,0.25966375008,-1.843238405,-0.98149785,1.00033378886663,11618.5461434687,7921.77559135724
"log_lik[120]",-0.635453792085,-0.62882867,0.109400100648169,0.108273744264,-0.8232785505,-0.4663723145,1.00018352630543,9653.92638733324,8217.27231508305
"log_lik[121]",-0.2152652109251,-0.208404075,0.0658172459037679,0.064123791753,-0.3328584375,-0.1193136445,1.00117148367536,8471.56432504294,7240.5403938704
"log_lik[122]",-0.969024750819,-0.950702775,0.230450177159192,0.227026564632,-1.376868345,-0.623194404,1.00035968814433,13297.6005578858,7689.87531093748
"log_lik[123]",-0.4304656028,-0.424794705,0.0856007356763416,0.0845642274540001,-0.5823974215,-0.299354241,1.00062119570757,9595.49316305227,8329.19742487022
"log_lik[124]",-0.1982931366304,-0.185756075,0.0796959938211848,0.073714901652,-0.3448933465,-0.09062085985,1.00016090789509,10967.4738216215,9556.34229897326
"log_lik[125]",-0.716903204249,-0.69567405,0.203788313441147,0.197334126717,-1.07920591,-0.420633358,1.00106282750879,11602.1295533285,8331.31791874162
"log_lik[126]",-0.356294764298,-0.34649017,0.0997490937328891,0.09685699779,-0.535276373,-0.2113218765,1.00064701868605,8489.74694332782,7387.9129293074
"log_lik[127]",-0.514568261052,-0.50219701,0.13700837366111,0.132918833565,-0.759629116,-0.314087831,1.00054365093855,13451.0009819128,8174.5336314464
"log_lik[128]",-0.260717173944,-0.25531162,0.0622353714369051,0.0610104800129999,-0.3722058965,-0.168065742,1.00057087664494,9839.51117705617,7414.45711048946
"log_lik[129]",-1.266237222685,-1.247565,0.282157214941561,0.27909833805,-1.76144935,-0.836413727,1.00027249427146,9408.7688444904,9168.80562858748
"log_lik[130]",-0.6331362369822,-0.59586243,0.257755747622905,0.245906000445,-1.110123825,-0.279628756,1.00064341199502,10421.8535251331,8613.61494339264
"log_lik[131]",-0.409601898662,-0.39945878,0.105331092518889,0.102207263823,-0.5977900895,-0.255282524,1.00051059986348,12347.9830503048,8167.43014606512
"log_lik[132]",-0.04669608533479,-0.036231706,0.0373416011427481,0.0267775684785,-0.120034728,-0.00889863458500001,1.00002960096771,9684.4213218032,8141.18033462466
"log_lik[133]",-0.2403987997587,-0.217929305,0.118392424141363,0.104779359846,-0.464407414,-0.0913643059,1.00055422242813,11000.2627092852,8468.97225399407
"log_lik[134]",-0.2969164201088,-0.288513065,0.0852618533981954,0.082802935719,-0.451398915,-0.172866971,1.00051229505748,11854.9554263856,8907.43424664902
"log_lik[135]",-0.2065335951426,-0.18407926,0.108286075264683,0.094988247207,-0.414822443,-0.07271582285,1.00005504542511,11504.9754704547,8014.77478119621
"log_lik[136]",-0.972292254153,-0.955105015,0.204306882820406,0.198392206446,-1.329775815,-0.6576729095,1.00085579939196,12346.7526688044,8894.3575427106
"log_lik[137]",-0.648914985733,-0.63395836,0.16101963457908,0.156871274385,-0.934953515,-0.410219943,1.00002709111725,10927.6386212973,8397.03499404247
"log_lik[138]",-0.952650244121,-0.946981565,0.118561753626113,0.116413492545,-1.158217245,-0.76684767,1.00038556818428,9205.78355772409,7623.03733596416
"log_lik[139]",-0.2122193149515,-0.1916084,0.109343091308989,0.097307204106,-0.4241987765,-0.0743184165000001,1.00027451794094,13627.6747277891,8299.37685964953
"log_lik[140]",-0.1158400496459,-0.111131305,0.0390139798488449,0.0370955919684,-0.187609089,-0.0614810945,1.00043704584555,11034.0513714218,8663.88290582867
"log_lik[141]",-0.4780580838211,-0.451623515,0.200239954387414,0.190482364947,-0.846883353,-0.2065293965,1.00058401141535,13172.7957145588,7561.24927956518
"log_lik[142]",-1.1834058618,-1.16870735,0.247758779780129,0.24645845427,-1.620207525,-0.808760845,1.00001816949653,11029.6440489215,8135.69698456645
"log_lik[143]",-1.516627385031,-1.4672905,0.490862890236147,0.48785657235,-2.3903208,-0.78232468,1.00004886079221,8645.89891051808,8224.9402491436
"log_lik[144]",-0.2396989879332,-0.22388073,0.100348992766302,0.091566376755,-0.431597353,-0.105901696,1.00056629734336,8877.15105742452,8054.39243212154
"log_lik[145]",-1.113039963084,-1.1023069,0.177364336645479,0.17406969384,-1.42031375,-0.836822141,1.00033573641833,10166.3094945833,8023.20184341242
"log_lik[146]",-0.357506478299,-0.349343295,0.0894366624574704,0.086893191903,-0.516254964,-0.2234285045,0.999893822953455,8313.7255017806,8139.76793083707
"log_lik[147]",-0.3545960638086,-0.34617517,0.0962112214138457,0.0943233085200001,-0.527613134,-0.2129990525,1.00060691331763,12104.0907891106,8639.82436958774
"log_lik[148]",-0.358579828263,-0.3474829,0.098591378257739,0.0965224342739999,-0.5339812515,-0.2156089,1.00036375950092,7890.32200329097,7316.99754809619
"log_lik[149]",-0.3194127863847,-0.31201756,0.0854121290508172,0.08427654375,-0.473039103,-0.194204951,1.00051645460509,11067.163275461,7968.97432555269
"log_lik[150]",-0.735779765266,-0.73037213,0.119338083473608,0.11757722235,-0.9400525095,-0.5504875125,1.00016290824355,9699.67044840155,8298.34159140787
"log_lik[151]",-0.2417632475521,-0.236896745,0.0638869036734093,0.063173089329,-0.356497249,-0.1458063535,1.0008208156019,8147.83052261999,7175.93955533348
"log_lik[152]",-0.512979832859,-0.4903228,0.176990949033848,0.170470934382,-0.8402331795,-0.2642669805,1.00041418395844,10370.102804679,7377.61057683952
"log_lik[153]",-1.034798700324,-1.02513695,0.16005369363804,0.157163213151,-1.31134821,-0.7881844035,1.00058980370174,7882.49830525462,7557.50442127457
"log_lik[154]",-1.728039196658,-1.7050278,0.355431415657369,0.34835436468,-2.356421955,-1.17859208,1.00047370722158,13410.2783187974,8660.23441919727
"log_lik[155]",-0.408748253881,-0.40008651,0.104829136434282,0.104304675804,-0.594185987,-0.256768028,1.00055203343657,12068.7190361921,8186.38836274
"log_lik[156]",-0.3173935259011,-0.30254761,0.11093337001398,0.104136104184,-0.525724702,-0.1629373855,1.00025185468975,9139.47629368688,7792.17593141602
"log_lik[157]",-0.1333338691348,-0.120694025,0.0648270572340031,0.0564891623268,-0.2572862065,-0.05259881975,1.00034950381129,12474.5373824684,7926.7920286571
"log_lik[158]",-0.2394544938367,-0.23211522,0.0704635759956511,0.069081435654,-0.368414504,-0.13868259,1.00054785456509,11529.3531987473,8017.70711498777
"log_lik[159]",-0.671340409156,-0.65905554,0.149604655443928,0.146935526703,-0.9343831975,-0.445462694,1.00033218339786,13607.0547201214,7400.10916755633
"log_lik[160]",-0.3765472919579,-0.357600325,0.137980382765477,0.132232634394,-0.6311995025,-0.1857366225,1.00041009628434,8513.19939618686,8115.89363710732
"log_lik[161]",-1.128743461883,-1.1234262,0.134749285186858,0.13186259226,-1.362210125,-0.919394202,1.00054407178845,9333.041939776,7435.71179294502
"log_lik[162]",-1.812312852215,-1.7859045,0.415068469510671,0.41818104405,-2.51712912,-1.164913345,1.00019330015733,7945.69402184858,7498.83531129944
"log_lik[163]",-0.3784464880487,-0.36038906,0.13566513193176,0.130046103327,-0.6284876415,-0.1907461705,0.999913219620447,7274.36448123537,7310.39097862839
"log_lik[164]",-1.2172554825,-1.2036858,0.249145362409136,0.24394188903,-1.650677585,-0.8318012175,1.00042876444614,11422.1983484329,7894.70857696204
"log_lik[165]",-0.2729615632456,-0.26751571,0.0597065655472565,0.058482973185,-0.37881365,-0.1829824945,1.00046706566475,9256.22147638344,7758.83955726902
"log_lik[166]",-0.03563002154088,-0.029071875,0.0263653470001537,0.0198780432669,-0.08714539095,-0.00770898528,1.00062560196075,9003.22265804663,7244.64055026225
"log_lik[167]",-1.160488682244,-1.1480075,0.224095608940465,0.221882172435,-1.552677375,-0.8196313595,0.999955176778348,7387.87048920538,7427.76995622285
"log_lik[168]",-0.984601230352,-0.97581552,0.171866481749116,0.16825375056,-1.28500856,-0.7197919205,1.0001910163448,11632.612391687,7771.93919962563
"log_lik[169]",-0.744796021285,-0.730041385,0.173066190685533,0.168370557201,-1.05338744,-0.4842628985,1.00012133306064,11677.1782745927,8055.17308614292
"log_lik[170]",-0.970914339647,-0.94687915,0.261521714063678,0.264165323982,-1.43492423,-0.5818417005,1.00070017697125,10019.1256534735,8315.86887793674
"log_lik[171]",-0.2017024577955,-0.181842885,0.102912095147677,0.09118709061,-0.3998523665,-0.0729181831000001,1.00028882104928,13030.2947160702,8306.84155366964
"log_lik[172]",-2.293434762183,-2.2607413,0.5439379788304,0.54481391307,-3.247816865,-1.46304826,1.00015639657085,13426.8987306861,8820.63601777725
"log_lik[173]",-0.67079016408,-0.660767455,0.142416186238263,0.138393200631,-0.922054417,-0.45690361,1.00028374698155,11400.4349763764,8612.07567652214
"log_lik[174]",-0.3027694076828,-0.294184335,0.0890017401153066,0.086476025328,-0.465306495,-0.173088928,1.00015506609844,10973.2572981065,8527.63065614138
"log_lik[175]",-0.413159612493,-0.405169315,0.0909008717751811,0.089027379777,-0.576199441,-0.2788578855,1.00011825525648,11013.9827005768,7132.43054997295
"log_lik[176]",-0.4184697509502,-0.401964255,0.136005975399685,0.129327783627,-0.6685366735,-0.224587667,1.00029373753847,10244.145055159,7944.99019267911
"log_lik[177]",-0.1892796639553,-0.178545565,0.072555270119681,0.067896304518,-0.3253831965,-0.09179178205,1.00012782646351,9913.21107353401,8520.81913940048
"log_lik[178]",-0.04714649351447,-0.042864148,0.0238109566389248,0.021223663629,-0.0930465531,-0.01703245155,1.00066157417419,9437.27775318176,7941.68573555347
"log_lik[179]",-1.465161136828,-1.4493862,0.265596175692726,0.2610072822,-1.93418579,-1.06010228,1.00090953671446,9254.70901145889,7953.87471648782
"log_lik[180]",-0.798077781614,-0.767455195,0.265553098453404,0.263007939705,-1.27803908,-0.4187057705,1.00066039416532,9760.66739786082,7890.65686614064
"log_lik[181]",-0.1178701931844,-0.112447845,0.040992673474041,0.0383488507983,-0.1943690405,-0.060812857,1.0008078517585,8109.50819065272,6915.23059046372
"log_lik[182]",-0.583538515247,-0.57608581,0.111398495259596,0.110077075122,-0.7773883855,-0.4156159425,1.00013276363395,7274.3999597052,7385.98447262078
"log_lik[183]",-0.06281897973571,-0.058359584,0.0287371008042244,0.0263868492636,-0.11750835,-0.0249971701,1.00069875988197,9419.18686648539,7882.67748359939
"log_lik[184]",-0.1010231042342,-0.0910935915,0.0501890479586782,0.0437725907808,-0.1974074905,-0.0392970301,1.00001394344862,9812.45666389993,8371.78670846492
"log_lik[185]",-1.210527397766,-1.1955747,0.253812109994638,0.24914959566,-1.654934205,-0.818233219,1.000400505353,11271.1743793341,7708.94461829791
"log_lik[186]",-0.3378222820914,-0.32560124,0.108110219943228,0.104267581152,-0.5335660035,-0.186247987,0.999983458781032,9951.39317988066,8182.57634911714
"log_lik[187]",-0.05538834645834,-0.046204185,0.0385284758895769,0.0302222405772,-0.1313901205,-0.01307097075,1.00062371485406,9332.29016327039,6851.3906832521
"log_lik[188]",-0.1381567178527,-0.11933792,0.0824178338092387,0.0694157108043,-0.2983149295,-0.04323999605,1.00028386801857,10598.7804024589,8048.01372237156
"log_lik[189]",-0.189095684317,-0.185000485,0.0499857788397692,0.047730461163,-0.27889339,-0.115218563,1.0009885987734,8337.45764597243,6946.90482113485
"log_lik[190]",-0.2207833490044,-0.21720553,0.0491584751361322,0.047764887135,-0.3079880745,-0.147327802,1.0006932500874,10382.1037216065,7744.6058348241
"log_lik[191]",-0.1777285798416,-0.167907175,0.0666248686287024,0.061534112094,-0.3010122795,-0.0870856389,1.00044727937412,13314.6884677218,8091.6573198732
"log_lik[192]",-0.3475784109978,-0.340442775,0.0856102677198236,0.083899696482,-0.497959761,-0.2187232555,0.999968339822673,8871.88524948259,8054.52265852489
"log_lik[193]",-1.20231867348,-1.1956376,0.142514044500173,0.14032341981,-1.44978869,-0.980984046,1.00060010971545,9608.64218239983,7514.90816872177
"log_lik[194]",-0.1783661290378,-0.164761295,0.0779603256015173,0.071510475603,-0.3264120235,-0.0773071181,1.00020015737041,11409.2968905537,7739.84328312127
"log_lik[195]",-0.3215921239763,-0.307295025,0.10995205766636,0.1054017405,-0.524697455,-0.1660410205,1.00036266516156,13868.1409402083,8429.14630737556
"log_lik[196]",-0.132417614386,-0.12377617,0.0563302277711544,0.0520182508167,-0.237964389,-0.05761326495,0.999885106045872,10855.1270429717,7625.03286073636
"log_lik[197]",-1.527351017642,-1.51244175,0.216870631662821,0.21355125771,-1.911120325,-1.19216828,1.00092636681037,8165.87930565149,7513.92863008188
"log_lik[198]",-0.649925294157,-0.64454644,0.107597801112852,0.106126390902,-0.8355557225,-0.483937496,1.00020565952033,11033.799695945,8157.10899494436
"log_lik[199]",-1.114242399975,-1.09527975,0.282490648527243,0.282289945896,-1.607943195,-0.6922226005,1.0004330533924,10861.4077533813,8431.80249288674
"log_lik[200]",-0.87742664507,-0.861728625,0.225757530947796,0.223717972233,-1.279997785,-0.540842365,1.00026160876178,12777.0334089258,8306.7513663858
"log_lik[201]",-0.2475013792631,-0.239225955,0.0767108998948718,0.074308371606,-0.3881944965,-0.137608096,1.00049409478307,12342.2890677214,8941.34732882315
"log_lik[202]",-0.16963562692954,-0.140181985,0.121216616621952,0.0951562739715,-0.4027758555,-0.039036651,1.00033292304834,10215.5424229988,7571.40148282605
"log_lik[203]",-0.05255314075162,-0.048301348,0.0256727773243579,0.0231570362982,-0.1020750275,-0.0195832015,1.00067264337106,9465.48474853323,7963.42130149703
"log_lik[204]",-1.282384813625,-1.2744113,0.160510151741723,0.15890551278,-1.556810295,-1.03232804,1.00061460550669,10118.3436666546,7451.74923736801
"log_lik[205]",-0.376358090258,-0.36787317,0.0888819731111424,0.0877392227669999,-0.536218536,-0.246002215,1.00021134797293,11628.2124947778,7462.85720343562
"log_lik[206]",-1.496599019682,-1.4734787,0.333003528692961,0.33372013899,-2.07435935,-0.98513353,1.00011960985397,8536.27133900563,8024.07786020929
"log_lik[207]",-1.360857155794,-1.3461472,0.245782568854042,0.24098358312,-1.79405579,-0.98437371,1.00078217821779,8498.17578476329,7579.70953722513
"log_lik[208]",-1.139811761058,-1.12187305,0.241137701485501,0.238245643461,-1.563206665,-0.7708603195,1.00006903366497,10988.7399835393,8293.95609612467
"log_lik[209]",-0.0735307320909,-0.0685276295,0.031025045895802,0.0284146524333,-0.13195123,-0.032497649,1.00073905325718,8215.98835952317,7372.8435842912
"log_lik[210]",-0.880459204792,-0.865633545,0.186964202201415,0.186871626081,-1.20591758,-0.5977417475,1.0005806504376,10579.4668423765,8713.42635352241
"log_lik[211]",-0.456122334986,-0.44561243,0.111049782368817,0.10887517578,-0.6544459065,-0.2907011325,1.00050158176538,12729.9289469715,7670.81377527187
"log_lik[212]",-0.3629831880514,-0.351391835,0.108606566006063,0.10571219694,-0.562617528,-0.2061500365,1.00019518288716,12879.6697365727,8606.42370398391
"log_lik[213]",-0.07230612079852,-0.0617600605,0.0441942806281616,0.0355679061024,-0.1599002325,-0.02199453665,1.00050394863039,7480.50443197915,6964.21645491497
"log_lik[214]",-0.2975349497464,-0.28951584,0.0817360038264538,0.078202865286,-0.447943837,-0.1775074965,1.00054770069176,8972.57138448257,7446.11538759555
"log_lik[215]",-0.2254956117046,-0.21272829,0.0891424954341354,0.083810036247,-0.388692647,-0.1067612335,1.00046930473541,9713.58706933682,8299.18127312356
"log_lik[216]",-1.130457222083,-1.12159395,0.183942342988736,0.18433870035,-1.443846495,-0.8427806585,1.00015673010554,11316.3846859586,7480.36821845022
"log_lik[217]",-0.2895728711207,-0.27861922,0.0934444041997392,0.089392240224,-0.4580796745,-0.1550862575,1.00011928461229,14060.5644817127,7621.30974182923
"log_lik[218]",-0.09023783324069,-0.083489824,0.0414496099179535,0.0378206419311,-0.1688877275,-0.03591410715,1.00086396418016,8202.88355750383,7491.49417691167
"log_lik[219]",-0.2989912407602,-0.28149555,0.117336613162617,0.109095023121,-0.51878765,-0.1386028005,1.00030483546337,9894.99720385492,9332.38725658985
"log_lik[220]",-0.690497075179,-0.67258875,0.184401797592043,0.180372485895,-1.02391117,-0.4181735675,1.00027078121217,12386.6472654115,8288.07437560023
"log_lik[221]",-0.1280085245406,-0.1206381,0.0489641065545155,0.0456636300309,-0.2205935125,-0.06172046525,1.00045017161491,10263.8393129988,8844.43942262822
"log_lik[222]",-1.828766046497,-1.7899239,0.496301916337478,0.49642733469,-2.7124011,-1.07502208,1.0002224445467,13564.2554596426,8298.96844328979
"log_lik[223]",-0.598194033106,-0.589617695,0.10993583205411,0.107789823624,-0.7916234055,-0.4297624565,1.00004841523712,11935.62105879,7922.43876006507
"log_lik[224]",-1.205585152067,-1.18610295,0.278333194362013,0.27458589669,-1.693817165,-0.7783922455,1.00026816972801,9507.78352414911,8190.83379787591
"log_lik[225]",-0.09532088823,-0.089674655,0.0356256220605072,0.0328890384165,-0.161394595,-0.0475792342,1.00059176864108,9829.19966083775,7737.54038602135
"log_lik[226]",-0.761251997559,-0.74462134,0.183410956720511,0.17797931004,-1.0840139,-0.4847555945,1.00063276174301,13664.0678817287,8364.00200405377
"log_lik[227]",-0.523542037041,-0.50245093,0.17530652270187,0.172706309706,-0.842567392,-0.2746941065,1.00069244579816,9761.80099415441,8226.2265981588
"log_lik[228]",-0.583070777541,-0.571449155,0.145249994081572,0.14370485976,-0.8384959095,-0.3675311665,1.00053779338569,9527.1813907521,7587.52798939827
"log_lik[229]",-0.717152903047,-0.71209324,0.11319457345699,0.111546546699,-0.9116082655,-0.5425537145,1.00009265713588,7754.66649936696,7475.15024252955
"log_lik[230]",-0.1591863381096,-0.14640463,0.0710836003880704,0.064287070491,-0.293137894,-0.0678925577,1.00024692134725,12047.586426157,7711.29974729639
"log_lik[231]",-0.1868283297935,-0.174219655,0.0794105301846358,0.073545277386,-0.333630436,-0.08102299315,1.00001514924462,10782.1569976332,7422.96408719537
"log_lik[232]",-0.35447415578,-0.34617741,0.0851748814150303,0.084188951742,-0.50659207,-0.2279945375,1.00038054001405,8035.19551033535,7448.92279590458
"y_pred[1]",0.4831,0,0.499739295969797,0,0,1,0.999921545183592,9933.21689065848,NA
"y_pred[2]",0.0728999999999998,0,0.259985286573901,0,0,1,0.999998268718792,9925.3218005195,NA
"y_pred[3]",0.5666,1,0.495569368403539,0,0,1,1.00004891727624,9805.4557496568,NA
"y_pred[4]",0.7521,1,0.431815048861902,0,0,1,0.99996303280933,9829.59075264928,NA
"y_pred[5]",0.0867999999999998,0,0.28155583348378,0,0,1,0.99997481479434,10098.8524549057,NA
"y_pred[6]",0.6959,1,0.460048208816721,0,0,1,1.00012862536747,10194.5965898212,NA
"y_pred[7]",0.7314,1,0.443253524936575,0,0,1,1.00007087138831,10023.0790392609,NA
"y_pred[8]",0.6121,1,0.487295942660673,0,0,1,0.999661294726218,9393.75952651113,NA
"y_pred[9]",0.2186,0,0.41331721850455,0,0,1,1.00007089684661,10209.6944591825,NA
"y_pred[10]",0.4181,0,0.493271448263703,0,0,1,0.999964063933151,9793.25087336353,NA
"y_pred[11]",0.1153,0,0.319399611163154,0,0,1,1.00003418650608,9891.87506478435,NA
"y_pred[12]",0.263,0,0.440284436516373,0,0,1,1.00027178714434,10299.0194694945,NA
"y_pred[13]",0.412,0,0.492219694874964,0,0,1,0.999836528080377,9575.93012439919,NA
"y_pred[14]",0.7578,1,0.4284361279719,0,0,1,0.99970537324822,10032.6425330244,NA
"y_pred[15]",0.0359000000000001,0,0.186050131591328,0,0,0,0.999783314035285,10185.9665345876,10185.9665345876
"y_pred[16]",0.489700000000001,0,0.499918895312212,0,0,1,1.00018639834199,9875.07659861537,NA
"y_pred[17]",0.4002,0,0.489963229637315,0,0,1,0.999863000283238,10089.76425175,NA
"y_pred[18]",0.8788,1,0.326375875519626,0,0,1,0.99998365492918,10099.4312534494,NA
"y_pred[19]",0.7973,1,0.402030935236664,0,0,1,0.999856704072126,9950.34013535365,NA
"y_pred[20]",0.3627,0,0.480803314446492,0,0,1,0.999975684464873,10214.2478508907,NA
"y_pred[21]",0.0462,0,0.209928480670696,0,0,0,0.999958364157864,9847.03944470606,9847.03944470606
"y_pred[22]",0.683699999999999,1,0.465054768380807,0,0,1,0.99980406798445,10067.2851812895,NA
"y_pred[23]",0.2617,0,0.439582112060236,0,0,1,0.999967352473475,10088.2093421309,NA
"y_pred[24]",0.4432,0,0.496788123694587,0,0,1,0.99993188889904,9848.9073683445,NA
"y_pred[25]",0.6719,1,0.469544925692648,0,0,1,0.999931479739238,10216.0341040454,NA
"y_pred[26]",0.0544999999999996,0,0.227013002910272,0,0,1,1.00043159425818,9431.95725141632,NA
"y_pred[27]",0.3874,0,0.487180638467336,0,0,1,0.999883741802745,10074.5312440837,NA
"y_pred[28]",0.7652,1,0.423894950067699,0,0,1,1.00004830847048,10208.4521223137,NA
"y_pred[29]",0.752300000000001,1,0.431698212104955,0,0,1,0.999973783784062,9985.89022108558,NA
"y_pred[30]",0.8249,1,0.380071618834604,0,0,1,0.9997501828133,9714.55653882249,NA
"y_pred[31]",0.0471999999999999,0,0.212077008809913,0,0,0,0.999929270412895,10067.6938665434,10067.6938665434
"y_pred[32]",0.5004,1,0.500024841867121,0,0,1,0.99989540822882,9671.49522593235,NA
"y_pred[33]",0.3467,0,0.475943024086092,0,0,1,0.999908690087191,9498.13820466952,NA
"y_pred[34]",0.4463,0,0.497132803285422,0,0,1,0.99988347506478,9634.46664803952,NA
"y_pred[35]",0.9208,1,0.27006416545954,0,0,1,1.00063891148849,9458.51970284464,NA
"y_pred[36]",0.488,0,0.499880973931576,0,0,1,1.00016618028931,9940.95211422628,NA
"y_pred[37]",0.4146,0,0.492677494017452,0,0,1,1.00030535491249,9498.48097110109,NA
"y_pred[38]",0.124,0,0.329598033195486,0,0,1,1.00000566172728,9913.49108353339,NA
"y_pred[39]",0.284,0,0.450959351198845,0,0,1,1.00001542316465,10215.7961949485,NA
"y_pred[40]",0.1392,0,0.346172418794978,0,0,1,1.00016931626243,9471.29943600937,NA
"y_pred[41]",0.0595999999999993,0,0.236756088294575,0,0,1,1.00070373205503,9980.92261329625,NA
"y_pred[42]",0.0353,0,0.184546242799927,0,0,0,0.999976996065862,10097.6415983914,10097.6415983914
"y_pred[43]",0.88,1,0.32497778548098,0,0,1,0.999743611226432,9911.16696714283,NA
"y_pred[44]",0.0539999999999999,0,0.226029000154635,0,0,1,1.00025883408992,10023.3861981244,NA
"y_pred[45]",0.5359,1,0.498734462019984,0,0,1,1.00032132465487,9706.40021698083,NA
"y_pred[46]",0.1187,0,0.323451344219193,0,0,1,1.0001025254175,9342.95543297046,NA
"y_pred[47]",0.3145,0,0.464339650612706,0,0,1,0.999744687066996,10142.9648867446,NA
"y_pred[48]",0.3274,0,0.469288038550251,0,0,1,0.999803229367702,9744.45507753583,NA
"y_pred[49]",0.570699999999999,1,0.495001022828458,0,0,1,0.999970856733316,10036.5316774213,NA
"y_pred[50]",0.2448,0,0.429990057030318,0,0,1,0.999969370218365,9781.21941815875,NA
"y_pred[51]",0.0437000000000002,0,0.204437006065289,0,0,0,0.999892937668658,9924.77599354624,9924.77599354625
"y_pred[52]",0.355700000000001,0,0.478748817275831,0,0,1,1.00083883543787,9690.10761615751,NA
"y_pred[53]",0.0596000000000003,0,0.236756088294572,0,0,1,1.00026576158459,9619.24338967748,NA
"y_pred[54]",0.7687,1,0.421684825206226,0,0,1,0.999947770116405,10031.3960925207,NA
"y_pred[55]",0.6232,1,0.484608341369042,0,0,1,0.999899324747814,9975.05975619525,NA
"y_pred[56]",0.0704000000000003,0,0.255832728630464,0,0,1,0.999767534489266,9786.67691569066,NA
"y_pred[57]",0.7717,1,0.419757941762811,0,0,1,0.999750351825061,10060.6446363062,NA
"y_pred[58]",0.3255,0,0.468584791868774,0,0,1,0.999944922504037,9599.60526561136,NA
"y_pred[59]",0.325300000000001,0,0.468510256222854,0,0,1,0.999988169533716,10128.6239598726,NA
"y_pred[60]",0.309,0,0.462104267493168,0,0,1,0.999849002499274,10231.1113838866,NA
"y_pred[61]",0.4964,0,0.50001204105913,0,0,1,0.999827013922017,9493.38743257284,NA
"y_pred[62]",0.1034,0,0.304495832108091,0,0,1,0.999663755622171,9674.90498100004,NA
"y_pred[63]",0.5014,1,0.500023041773324,0,0,1,0.999765100707088,9871.28385914513,NA
"y_pred[64]",0.4198,0,0.493550726098067,0,0,1,0.999797241474576,10142.2627305237,NA
"y_pred[65]",0.1363,0,0.343124005875941,0,0,1,1.00016311099208,10093.0197680472,NA
"y_pred[66]",0.7859,1,0.41021703743482,0,0,1,0.999689516717669,9918.2359398818,NA
"y_pred[67]",0.260299999999999,0,0.438820198163977,0,0,1,0.99989475993357,10064.1204923394,NA
"y_pred[68]",0.0427,0,0.202190004895919,0,0,0,0.999942003330823,10002.5496030265,10002.5496030265
"y_pred[69]",0.893,1,0.309128704677517,0,0,1,1.00041351030071,10053.3114733965,NA
"y_pred[70]",0.317,0,0.465330692374028,0,0,1,0.999927930323924,9818.32073633196,NA
"y_pred[71]",0.8063,1,0.39521630734693,0,0,1,0.999879985175452,9424.84022845914,NA
"y_pred[72]",0.7798,1,0.414402139127298,0,0,1,0.999846822531375,9852.23465415091,NA
"y_pred[73]",0.2032,0,0.402400239308177,0,0,1,1.00000201938945,9987.60067581487,NA
"y_pred[74]",0.7667,1,0.422952714732895,0,0,1,0.999919351647879,9974.7849546924,NA
"y_pred[75]",0.401399999999999,0,0.490206150723347,0,0,1,1.00021076789839,9520.88654885619,NA
"y_pred[76]",0.2363,0,0.424829798902844,0,0,1,0.999873962224533,9937.19274488748,NA
"y_pred[77]",0.375899999999999,0,0.484378624905386,0,0,1,1.00005341332991,9848.43188727926,NA
"y_pred[78]",0.2242,0,0.417075239226077,0,0,1,0.999810019617248,9990.31580248175,NA
"y_pred[79]",0.7337,1,0.442045077322473,0,0,1,0.999936582156704,10112.0360241603,NA
"y_pred[80]",0.558200000000001,1,0.496626040137226,0,0,1,1.0001319764311,10087.9970818781,NA
"y_pred[81]",0.769600000000001,1,0.421109930252597,0,0,1,1.00057628400392,9543.6162361276,NA
"y_pred[82]",0.2524,0,0.434411223739796,0,0,1,1.00005109407083,10138.3168249963,NA
"y_pred[83]",0.3134,0,0.463898652936168,0,0,1,0.99997969606577,9824.11502136317,NA
"y_pred[84]",0.6006,1,0.48979958183222,0,0,1,0.999739672850398,9853.71104534604,NA
"y_pred[85]",0.715,1,0.451437016136158,0,0,1,1.00010109026802,10181.3499260883,NA
"y_pred[86]",0.565,1,0.495781786634021,0,0,1,1.00000497921755,10138.311117309,NA
"y_pred[87]",0.0375000000000002,0,0.189993051809733,0,0,0,1.0002015813287,10124.8702352204,10124.8702352205
"y_pred[88]",0.8654,1,0.34131289083322,0,0,1,0.999796705878331,10231.740145404,NA
"y_pred[89]",0.2922,0,0.454796486336899,0,0,1,0.999999038223191,10011.4168301446,NA
"y_pred[90]",0.0652999999999999,0,0.247066821328593,0,0,1,0.999746593377557,10485.5332847275,NA
"y_pred[91]",0.8541,1,0.353023586414922,0,0,1,1.00020171919706,9879.44588330497,NA
"y_pred[92]",0.5037,1,0.500011311003211,0,0,1,1.00009520986094,9752.54429795823,NA
"y_pred[93]",0.427200000000001,0,0.494696505408395,0,0,1,0.99995301973937,9642.30215962103,NA
"y_pred[94]",0.2171,0,0.412291872899307,0,0,1,0.999791354258293,9741.29877919433,NA
"y_pred[95]",0.19,0,0.392320521435173,0,0,1,0.999954599764244,9248.57375324382,NA
"y_pred[96]",0.3384,0,0.473189001122261,0,0,1,1.00001937025513,9945.83966419888,NA
"y_pred[97]",0.1475,0,0.354621383495896,0,0,1,1.00039361288891,10074.4538618225,NA
"y_pred[98]",0.2022,0,0.401660669134172,0,0,1,1.00011226137693,9978.20571869774,NA
"y_pred[99]",0.239200000000001,0,0.426616408681153,0,0,1,1.00035996775014,10045.3473015293,NA
"y_pred[100]",0.2969,0,0.456914945177683,0,0,1,0.999667101336921,10105.9379328545,NA
"y_pred[101]",0.1903,0,0.392557409982288,0,0,1,1.00031909845562,10310.2597267699,NA
"y_pred[102]",0.6305,1,0.482693535594729,0,0,1,0.999754291849127,9943.09523876093,NA
"y_pred[103]",0.217200000000001,0,0.412360478363771,0,0,1,1.00016525666485,10082.0884057994,NA
"y_pred[104]",0.0681000000000001,0,0.251930023763909,0,0,1,1.00027652753782,10245.1221009538,NA
"y_pred[105]",0.0374000000000001,0,0.189749414976808,0,0,0,1.00023189060214,9536.70311078506,9536.70311078507
"y_pred[106]",0.471700000000001,0,0.499223429341258,0,0,1,0.999797620310762,9504.82535997834,NA
"y_pred[107]",0.6949,1,0.46047279346269,0,0,1,1.0006396811251,9407.81495143958,NA
"y_pred[108]",0.105,0,0.306568749940129,0,0,1,1.00063479689728,9244.63559926972,NA
"y_pred[109]",0.6571,1,0.474702142624664,0,0,1,0.999866469540621,9869.88131760216,NA
"y_pred[110]",0.251999999999999,0,0.434182970054256,0,0,1,1.00049935481703,9624.54980349833,NA
"y_pred[111]",0.5481,1,0.497705898213072,0,0,1,0.99985217613354,9959.07261658686,NA
"y_pred[112]",0.771,1,0.420210254117844,0,0,1,0.999952969093345,9914.04756329889,NA
"y_pred[113]",0.9251,1,0.263243080995462,0,0,1,1.00011060808951,9733.56899126166,NA
"y_pred[114]",0.2962,0,0.456603119394619,0,0,1,0.999845391554962,10137.6777439071,NA
"y_pred[115]",0.0728999999999998,0,0.259985286573903,0,0,1,0.999742522283587,9809.44169105359,NA
"y_pred[116]",0.7549,1,0.430167983989362,0,0,1,0.999691772742542,10096.9563290408,NA
"y_pred[117]",0.1857,0,0.388883829778656,0,0,1,1.00024315992998,9180.98184830467,NA
"y_pred[118]",0.382,0,0.485900823173793,0,0,1,1.00018840253073,10240.1091221865,NA
"y_pred[119]",0.2596,0,0.438437068125301,0,0,1,1.00010091964661,10121.0250963904,NA
"y_pred[120]",0.5266,1,0.499316905118554,0,0,1,0.999892853425422,9797.11573386471,NA
"y_pred[121]",0.2011,0,0.400842684211317,0,0,1,0.999865059995778,10011.2385041286,NA
"y_pred[122]",0.3808,0,0.485607806253319,0,0,1,1.00000400000054,10224.4952434217,NA
"y_pred[123]",0.3505,0,0.477150413655631,0,0,1,1.00002546681457,10004.9727359198,NA
"y_pred[124]",0.8181,1,0.38578137944602,0,0,1,1.00000542107663,9563.22042049384,NA
"y_pred[125]",0.4936,0,0.499984038149043,0,0,1,0.999752050100494,9966.75084158742,NA
"y_pred[126]",0.303599999999999,0,0.459834953889415,0,0,1,1.00003025268186,9551.27644374553,NA
"y_pred[127]",0.4001,0,0.489942848095007,0,0,1,1.00027842933641,10239.2432234768,NA
"y_pred[128]",0.2305,0,0.42117394120352,0,0,1,1.00007188906105,9977.86072237428,NA
"y_pred[129]",0.71,1,0.453784741985931,0,0,1,0.99992629457643,10051.1348359412,NA
"y_pred[130]",0.447399999999999,0,0.497250405526801,0,0,1,0.99999925861041,9407.75937154184,NA
"y_pred[131]",0.6706,1,0.470018863209981,0,0,1,0.999673881724981,10150.7207703189,NA
"y_pred[132]",0.0445000000000001,0,0.206213487435307,0,0,0,1.0000449591933,9675.98198780347,9675.98198780346
"y_pred[133]",0.7948,1,0.403867887962276,0,0,1,0.999758535423667,10190.3822315922,NA
"y_pred[134]",0.7436,1,0.436667044566904,0,0,1,1.00003156587952,10288.016556181,NA
"y_pred[135]",0.8118,1,0.390891339893792,0,0,1,0.999859469296874,10043.5647473324,NA
"y_pred[136]",0.605900000000001,1,0.488680950014523,0,0,1,1.00060507801761,9920.52864195876,NA
"y_pred[137]",0.479,0,0.499583785161033,0,0,1,1.00014182589487,10187.8071686635,NA
"y_pred[138]",0.3954,0,0.488960886242272,0,0,1,0.999806319197814,9821.33417894784,NA
"y_pred[139]",0.8083,1,0.39365798183276,0,0,1,1.00006787756541,9758.07017271278,NA
"y_pred[140]",0.1088,0,0.311403688523008,0,0,1,0.999890330584142,10124.383544987,NA
"y_pred[141]",0.6343,1,0.481649985644011,0,0,1,1.00070677286384,10143.8423907155,NA
"y_pred[142]",0.6863,1,0.464019225231164,0,0,1,1.00003928192659,9093.70583024166,NA
"y_pred[143]",0.756500000000001,1,0.429215764642043,0,0,1,0.99982172300621,9981.46427005156,NA
"y_pred[144]",0.2102,0,0.407470935474287,0,0,1,0.999955564254778,10050.0163676546,NA
"y_pred[145]",0.34,0,0.473732458508226,0,0,1,1.00007997523867,9937.11343243302,NA
"y_pred[146]",0.693999999999999,1,0.460852729756329,0,0,1,1.00033434989708,10090.5710543699,NA
"y_pred[147]",0.7084,1,0.454521835569939,0,0,1,1.00004524987455,9799.82516083115,NA
"y_pred[148]",0.293200000000001,0,0.45525211196495,0,0,1,0.999944496567511,9985.27178949741,NA
"y_pred[149]",0.7366,1,0.440499539142097,0,0,1,0.999847647608344,10650.7680201085,NA
"y_pred[150]",0.469699999999999,0,0.499106021484483,0,0,1,1.00003511198836,10251.6348878001,NA
"y_pred[151]",0.2145,0,0.410495554982148,0,0,1,0.999907284365715,9879.10869857797,NA
"y_pred[152]",0.3903,0,0.487841889315473,0,0,1,0.999802536292559,9862.48004383769,NA
"y_pred[153]",0.3629,0,0.480860387920699,0,0,1,1.00021939575692,9679.31085812518,NA
"y_pred[154]",0.813,1,0.389931025465387,0,0,1,0.999789173723354,9792.56134396687,NA
"y_pred[155]",0.668,1,0.470954541137456,0,0,1,0.999786228699443,9977.13759295534,NA
"y_pred[156]",0.2634,0,0.440499539142097,0,0,1,1.00019234201186,10115.073556102,NA
"y_pred[157]",0.1269,0,0.3328775611949,0,0,1,1.00057687525077,10118.7408318138,NA
"y_pred[158]",0.7894,1,0.407755154996976,0,0,1,0.999869242910664,10057.6483460923,NA
"y_pred[159]",0.5148,1,0.499805902920364,0,0,1,1.00002714003825,10195.0904876061,NA
"y_pred[160]",0.3162,0,0.465015251275051,0,0,1,0.999944028181546,9505.69112545169,NA
"y_pred[161]",0.3141,0,0.46417963793516,0,0,1,0.99994662209056,9984.29972289014,NA
"y_pred[162]",0.1788,0,0.383203920288477,0,0,1,1.00001716680645,10044.3097069012,NA
"y_pred[163]",0.694,1,0.46085272975633,0,0,1,0.99986726001609,9745.01707009667,NA
"y_pred[164]",0.6924,1,0.461523065895945,0,0,1,0.999944211290415,9979.36720227901,NA
"y_pred[165]",0.2439,0,0.429454576321326,0,0,1,0.999929340088675,9772.63183718472,NA
"y_pred[166]",0.0336000000000001,0,0.180206235820914,0,0,0,0.999968798639245,9615.95405635712,9615.95405635712
"y_pred[167]",0.6792,1,0.466807402378233,0,0,1,1.00018715595743,8906.66146657434,NA
"y_pred[168]",0.378899999999999,0,0.48513742984083,0,0,1,1.0005618266014,9409.23095973283,NA
"y_pred[169]",0.5232,1,0.499486444932091,0,0,1,0.99997194504587,9949.39418541945,NA
"y_pred[170]",0.5999,1,0.489942848095008,0,0,1,0.999925013990757,9858.76816843638,NA
"y_pred[171]",0.8163,1,0.387258708011439,0,0,1,1.0001268071094,10300.628706516,NA
"y_pred[172]",0.8793,1,0.325794604332875,0,0,1,0.999953512300516,9717.75367643984,NA
"y_pred[173]",0.4874,0,0.499866208722538,0,0,1,1.00005038227535,9940.10580719503,NA
"y_pred[174]",0.7412,1,0.43799742484909,0,0,1,1.00016824042812,10089.7849273074,NA
"y_pred[175]",0.3288,0,0.46980062927065,0,0,1,0.999724174752941,9947.93778817996,NA
"y_pred[176]",0.334,0,0.471663276739516,0,0,1,0.999989188054694,10177.0370354267,NA
"y_pred[177]",0.1779,0,0.382447665206154,0,0,1,0.999830533921799,10008.7798570273,NA
"y_pred[178]",0.0460000000000003,0,0.20949555804094,0,0,0,1.00086187039293,10107.8901288724,10107.8901288724
"y_pred[179]",0.2373,0,0.42544895190969,0,0,1,1.00002731257744,9780.77368226528,NA
"y_pred[180]",0.5423,1,0.498232409176046,0,0,1,1.00026966691227,10125.9090710211,NA
"y_pred[181]",0.1141,0,0.317948579380211,0,0,1,1.00005219133051,9463.15376205212,NA
"y_pred[182]",0.4467,0,0.497175852574167,0,0,1,0.999908033838246,10297.2613622695,NA
"y_pred[183]",0.0583000000000001,0,0.234321575319211,0,0,1,0.99990206686962,9714.92637180089,NA
"y_pred[184]",0.0973999999999998,0,0.296516495667958,0,0,1,1.00008439319305,9830.80196584621,NA
"y_pred[185]",0.6958,1,0.460090782729725,0,0,1,1.000086294198,9991.43182008272,NA
"y_pred[186]",0.281600000000001,0,0.44980181432188,0,0,1,1.00013244938889,10136.0698205166,NA
"y_pred[187]",0.0537000000000002,0,0.22543600453167,0,0,1,0.999782394664357,9888.18921789376,NA
"y_pred[188]",0.1221,0,0.327417638851378,0,0,1,1.00021848283257,9581.0284776523,NA
"y_pred[189]",0.1676,0,0.373529372900229,0,0,1,0.999856142874843,9621.88324454248,NA
"y_pred[190]",0.1961,0,0.397064926750775,0,0,1,1.00036150890916,10043.4916758481,NA
"y_pred[191]",0.1626,0,0.369018776603256,0,0,1,1.00000670873742,10311.2229034613,NA
"y_pred[192]",0.711299999999999,1,0.453180810808145,0,0,1,1.00009888155361,9674.83117166784,NA
"y_pred[193]",0.303700000000001,0,0.459877656280311,0,0,1,0.999827285466837,10230.5465136511,NA
"y_pred[194]",0.155,0,0.361922780175388,0,0,1,0.999934821070246,10063.21013353,NA
"y_pred[195]",0.7237,1,0.447189342259807,0,0,1,1.00004622628252,10153.3127039569,NA
"y_pred[196]",0.127,0,0.33298962177343,0,0,1,1.00000217907368,9944.90985326432,NA
"y_pred[197]",0.2256,0,0.417997741873328,0,0,1,1.00026903046267,9888.83083073874,NA
"y_pred[198]",0.5219,1,0.499545137634659,0,0,1,1.00034558631256,9994.88011702152,NA
"y_pred[199]",0.3435,0,0.474900308517816,0,0,1,1.00006582355561,9568.70050300194,NA
"y_pred[200]",0.5689,1,0.495254800816483,0,0,1,0.999676482359384,10012.701394237,NA
"y_pred[201]",0.778999999999999,1,0.414941221887854,0,0,1,1.00030485685735,10301.7730670826,NA
"y_pred[202]",0.85,1,0.357089276337367,0,0,1,1.00007472329999,9413.89638294258,NA
"y_pred[203]",0.056,0,0.229933222759759,0,0,1,1.0001691044672,10065.9930248635,NA
"y_pred[204]",0.2831,0,0.450527121790437,0,0,1,1.00025901016718,9973.03607752756,NA
"y_pred[205]",0.31,0,0.462516369590544,0,0,1,1.00006377146393,9939.01958204548,NA
"y_pred[206]",0.2323,0,0.422320429833225,0,0,1,1.0000275154209,9788.36335692882,NA
"y_pred[207]",0.2618,0,0.439636313341859,0,0,1,0.999816919291083,9790.51542611542,NA
"y_pred[208]",0.3241,0,0.468060998278847,0,0,1,0.999941519824997,9948.06156333513,NA
"y_pred[209]",0.0666999999999994,0,0.249514199462832,0,0,1,1.00049491296992,10071.307015667,NA
"y_pred[210]",0.583,1,0.493087531307936,0,0,1,1.00019724398064,9642.60564956707,NA
"y_pred[211]",0.6295,1,0.482962809445538,0,0,1,0.999862719873472,10157.0356626813,NA
"y_pred[212]",0.7017,1,0.457534746007729,0,0,1,1.00000549976799,9954.18739609419,NA
"y_pred[213]",0.0692000000000006,0,0.253806622805994,0,0,1,1.00025598040757,9974.71903961664,NA
"y_pred[214]",0.2562,0,0.43655540090783,0,0,1,0.999784965783921,9963.6032133479,NA
"y_pred[215]",0.7961,1,0.40291565383145,0,0,1,0.99985360543853,10123.2611026646,NA
"y_pred[216]",0.3332,0,0.471380928759307,0,0,1,0.999960010038198,9588.62252757274,NA
"y_pred[217]",0.244899999999999,0,0.430049397451501,0,0,1,1.00013325419122,10157.0249703431,NA
"y_pred[218]",0.0879,0,0.28316357138732,0,0,1,0.9997691636068,9659.13662045567,NA
"y_pred[219]",0.7536,1,0.430935738319628,0,0,1,0.999863324577398,9428.0411762792,NA
"y_pred[220]",0.505,1,0.499999999999993,0,0,1,0.999787427649194,9940.51416121603,NA
"y_pred[221]",0.1188,0,0.323569203885286,0,0,1,0.999714300109186,10037.2369276733,NA
"y_pred[222]",0.8229,1,0.381772399495419,0,0,1,1.0001383019223,10193.5671941867,NA
"y_pred[223]",0.4417,0,0.496614309678294,0,0,1,1.00018903908078,10086.066421911,NA
"y_pred[224]",0.3192,0,0.466189975556442,0,0,1,0.999913358360079,10030.0275511871,NA
"y_pred[225]",0.0935,0,0.291146400669237,0,0,1,0.99971794088452,10166.214253235,NA
"y_pred[226]",0.4758,0,0.499438989197257,0,0,1,0.999953952890628,10231.4197256138,NA
"y_pred[227]",0.5934,1,0.491223543874917,0,0,1,0.999927608874625,9937.84024065745,NA
"y_pred[228]",0.5708,1,0.494986728292939,0,0,1,0.999777530155116,10136.4389980873,NA
"y_pred[229]",0.4955,0,0.500004750452508,0,0,1,0.999887725967351,10137.8256269488,NA
"y_pred[230]",0.1364,0,0.3432299822015,0,0,1,0.999807127207689,10060.4187299509,NA
"y_pred[231]",0.1686,0,0.374416958491346,0,0,1,1.00069529391782,9620.90264014228,NA
"y_pred[232]",0.2956,0,0.456334815838528,0,0,1,1.00000041457626,9979.9872165393,NA
